text1,text2,prefix,sub10,lcs,inverted,heap,label
a person on a horse jumps over a broken down airplane ,a person is at a diner  ordering an omelette ,9,0,9,4,8,0
a person on a horse jumps over a broken down airplane ,a person is outdoors  on a horse ,9,0,12,6,13,1
children smiling and waving at camera,there are children present,0,0,9,1,8,1
children smiling and waving at camera,the kids are frowning,0,0,3,0,0,0
a boy is jumping on skateboard in the middle of a red bridge ,the boy skates down the sidewalk ,0,0,6,2,6,0
a boy is jumping on skateboard in the middle of a red bridge ,the boy does a skateboarding trick ,0,0,11,4,7,1
an older man sits with his orange juice at a small table in a coffee shop while employees in bright colored shirts smile in the background ,a boy flips a burger ,1,0,3,2,2,0
two blond women are hugging one another ,the women are sleeping ,1,0,11,2,8,0
two blond women are hugging one another ,there are women showing affection ,1,0,7,2,8,1
a few people in a restaurant setting  one of them is drinking orange juice ,the people are sitting at desks in school ,0,0,8,2,8,0
a few people in a restaurant setting  one of them is drinking orange juice ,the diners are at a restaurant ,0,0,14,3,12,1
an older man is drinking orange juice at a restaurant ,a man is drinking juice ,1,0,17,5,16,1
an older man is drinking orange juice at a restaurant ,two women are at a restaurant drinking wine ,0,0,18,4,20,0
a man with blond hair  and a brown shirt drinking out of a public water fountain ,a blond man wearing a brown shirt is reading a book on a bench in the park,2,0,15,7,15,0
a man with blond hair  and a brown shirt drinking out of a public water fountain ,a blond man drinking water from a fountain ,2,0,10,8,21,1
two women who just had lunch hugging and saying goodbye ,the friends scowl at each other over a full dinner table ,1,0,3,0,0,0
two women who just had lunch hugging and saying goodbye ,there are two woman in this picture ,1,0,7,1,3,1
two women  holding food carryout containers  hug ,two groups of rival gang members flipped each other off ,4,0,4,1,3,0
two women  holding food carryout containers  hug ,two women hug each other ,10,1,10,3,11,1
a little league team tries to catch a runner sliding into a base in an afternoon game ,a team is trying to tag a runner out ,2,0,10,6,12,1
a little league team tries to catch a runner sliding into a base in an afternoon game ,a team is playing baseball on saturn ,2,0,6,4,6,0
the school is having a special event in order to show the american culture on how other cultures are dealt with in parties ,a school hosts a basketball game ,0,0,8,2,7,0
the school is having a special event in order to show the american culture on how other cultures are dealt with in parties ,a school is hosting an event ,0,0,12,4,13,1
high fashion ladies wait outside a tram beside a crowd of people in the city ,the women do not care what clothes they wear ,0,0,4,1,3,0
high fashion ladies wait outside a tram beside a crowd of people in the city ,women are waiting by a tram ,0,0,8,3,6,1
a man  woman  and child enjoying themselves on a beach ,a family of three is at the beach ,2,0,7,3,7,1
a man  woman  and child enjoying themselves on a beach ,a family of three is at the mall shopping ,2,0,4,2,2,0
people waiting to get on a train or just getting off ,there are people just getting on a train,0,0,15,6,18,1
people waiting to get on a train or just getting off ,there are people waiting on a train ,0,0,15,5,18,1
a couple playing with a little boy on the beach ,a couple are playing with a young child outside ,9,0,17,5,17,1
a couple playing with a little boy on the beach ,a couple watch a little girl play by herself on the beach ,9,0,14,7,17,0
a couple play in the tide with their young son ,the family is sitting down for dinner ,0,0,4,1,3,0
a couple play in the tide with their young son ,the family is outside ,0,0,4,1,3,1
a man and a woman cross the street in front of a pizza and gyro restaurant ,the people are standing still on the curb ,0,0,5,1,3,0
a man and a woman cross the street in front of a pizza and gyro restaurant ,near a couple of restaurants  two people walk across the street ,0,0,17,6,11,1
a woman in a green jacket and hood over her head looking towards a valley ,the woman is nake ,0,0,8,1,5,0
a woman in a green jacket and hood over her head looking towards a valley ,the woman is wearing green ,0,0,8,2,10,1
woman in white in foreground and a man slightly behind walking with a sign for john s pizza and gyro in the background ,they are protesting outside the capital ,0,0,5,1,3,0
woman in white in foreground and a man slightly behind walking with a sign for john s pizza and gyro in the background ,a woman in white ,0,0,15,7,12,1
woman in white in foreground and a man slightly behind walking with a sign for john s pizza and gyro in the background ,a man is advertising for a restaurant ,0,0,6,4,7,1
woman in white in foreground and a man slightly behind walking with a sign for john s pizza and gyro in the background ,the woman is wearing black ,0,0,7,2,8,0
woman in white in foreground and a man slightly behind walking with a sign for john s pizza and gyro in the background ,the woman is wearing white ,0,0,7,3,13,1
woman in white in foreground and a man slightly behind walking with a sign for john s pizza and gyro in the background ,olympic swimming ,0,0,4,0,0,0
woman in white in foreground and a man slightly behind walking with a sign for john s pizza and gyro in the background ,a man and a soman are eating together at john s pizza and gyro ,0,0,23,9,13,0
woman in white in foreground and a man slightly behind walking with a sign for john s pizza and gyro in the background ,they are walking with a sign ,0,0,21,5,15,1
woman in white in foreground and a man slightly behind walking with a sign for john s pizza and gyro in the background ,the man is sitting down while he has a sign for john s pizza and gyro in his arms ,0,0,37,15,13,0
woman in white in foreground and a man slightly behind walking with a sign for john s pizza and gyro in the background ,the woman and man are outdoors ,0,0,6,5,11,1
two adults  one female in white  with shades and one male  gray clothes  walking across a street  away from a eatery with a blurred image of a dark colored red shirted person in the foreground ,two adults run across the street to get away from a red shirted person chasing them ,11,1,20,14,19,0
two adults  one female in white  with shades and one male  gray clothes  walking across a street  away from a eatery with a blurred image of a dark colored red shirted person in the foreground ,the adults are both male and female ,1,0,8,5,16,1
two adults  one female in white  with shades and one male  gray clothes  walking across a street  away from a eatery with a blurred image of a dark colored red shirted person in the foreground ,two adults swimming in water,11,1,11,4,11,0
two adults  one female in white  with shades and one male  gray clothes  walking across a street  away from a eatery with a blurred image of a dark colored red shirted person in the foreground ,two adults walk across a street ,11,1,17,8,18,1
two adults  one female in white  with shades and one male  gray clothes  walking across a street  away from a eatery with a blurred image of a dark colored red shirted person in the foreground ,two people ride bicycles into a tunnel ,4,0,4,5,5,0
two adults  one female in white  with shades and one male  gray clothes  walking across a street  away from a eatery with a blurred image of a dark colored red shirted person in the foreground ,two people walk away from a restaurant across a street ,4,0,17,9,16,1
two adults  one female in white  with shades and one male  gray clothes  walking across a street  away from a eatery with a blurred image of a dark colored red shirted person in the foreground ,some people board a train ,0,0,3,4,3,0
two adults  one female in white  with shades and one male  gray clothes  walking across a street  away from a eatery with a blurred image of a dark colored red shirted person in the foreground ,two adults walk across the street ,11,1,11,5,18,1
two adults  one female in white  with shades and one male  gray clothes  walking across a street  away from a eatery with a blurred image of a dark colored red shirted person in the foreground ,two adults walking across a road,11,1,18,8,19,1
two adults  one female in white  with shades and one male  gray clothes  walking across a street  away from a eatery with a blurred image of a dark colored red shirted person in the foreground ,there are no women in the picture ,1,0,9,3,7,0
a woman wearing all white and eating  walks next to a man holding a briefcase ,a married couple is sleeping ,2,0,4,3,3,0
a woman wearing all white and eating  walks next to a man holding a briefcase ,a female is next to a man ,2,0,16,6,9,1
a woman is walking across the street eating a banana  while a man is following with his briefcase ,nobody has food ,0,0,4,0,0,0
a woman is walking across the street eating a banana  while a man is following with his briefcase ,a woman eats a banana and walks across a street  and there is a man trailing behind her ,8,0,10,10,18,1
a woman is walking across the street eating a banana  while a man is following with his briefcase ,the woman and man are playing baseball together ,0,0,7,3,11,0
a woman is walking across the street eating a banana  while a man is following with his briefcase ,a woman eats ice cream walking down the sidewalk  and there is another woman in front of her with a purse ,8,0,9,9,16,0
a woman is walking across the street eating a banana  while a man is following with his briefcase ,a person eating ,2,0,8,4,8,1
a woman is walking across the street eating a banana  while a man is following with his briefcase ,a woman eating a banana crosses a street,8,0,17,7,18,1
a woman is walking across the street eating a banana  while a man is following with his briefcase ,a woman sits for lunch,8,0,8,4,7,0
a woman is walking across the street eating a banana  while a man is following with his briefcase ,the woman is having coffee at the cafe,0,0,10,4,10,0
a woman is walking across the street eating a banana  while a man is following with his briefcase ,the woman is eating a banana ,0,0,17,9,17,1
a woman is walking across the street eating a banana  while a man is following with his briefcase ,the woman is outside,0,0,10,4,10,1
a skier slides along a metal rail ,a skier is near the rail ,8,0,8,4,10,1
a skier slides along a metal rail ,a skier is away from the rail ,8,0,8,4,10,0
a person on skis on a rail at night ,the woman eats a car,0,0,3,2,2,0
a person on skis on a rail at night ,the person skiis,0,0,8,1,6,1
a skier in electric green on the edge of a ramp made of metal bars ,the brightly dressed skier slid down the race course ,0,0,7,2,8,1
a skier in electric green on the edge of a ramp made of metal bars ,the jogger ran through the streets ,0,0,5,1,3,0
a yellow uniformed skier is performing a trick across a railed object ,a snowboarder is riding a ski lift ,2,0,6,4,4,0
a yellow uniformed skier is performing a trick across a railed object ,somebody is engaging in winter sports ,0,0,4,1,2,1
a blond man is drinking from a public fountain ,the man is drinking water ,0,0,17,3,13,1
a blond man is drinking from a public fountain ,the man is drinking coffee ,0,0,17,3,13,0
wet brown dog swims towards camera ,the dog is sleeping in his bed ,0,0,5,1,3,0
wet brown dog swims towards camera ,a dog is in the water ,0,0,5,1,3,1
closeup image of a dog swimming ,a cat reluctantly takes a bath ,0,0,3,1,1,0
closeup image of a dog swimming ,a dog swims in a body of water ,0,0,10,3,6,1
the furry brown dog is swimming in the ocean ,a dog is swimming ,0,0,17,3,13,1
the furry brown dog is swimming in the ocean ,a dog is running around the yard ,0,0,8,4,9,0
a big brown dog swims towards the camera ,a dog is chasing a stick ,2,0,5,2,4,0
a big brown dog swims towards the camera ,a dog swims towards the camera ,2,0,30,6,18,1
a man wearing black with a gray hat  holding a pitchfork  directs a horse drawn cart ,the man with the gray hat and pitchfork is directing the cart ,0,0,11,6,17,1
a man wearing black with a gray hat  holding a pitchfork  directs a horse drawn cart ,the woman in a blue dress is hitching a horse to a cart ,0,0,9,6,10,0
a man is leading a clydesdale up a hay road  within a old country ,a man is walking with his horse up a country road ,9,0,9,9,14,1
a man is leading a clydesdale up a hay road  within a old country ,a woman in a gray business suit is drinking tea ,2,0,5,5,4,0
a farmer fertilizing his garden with manure with a horse and wagon ,the man is fertilizering his garden ,0,0,15,2,9,1
a farmer fertilizing his garden with manure with a horse and wagon ,the man is on the city street with his horse and wagon ,0,0,17,6,14,0
a white horse is pulling a cart while a man stands and watches ,an animal is walking outside ,1,0,4,1,2,1
a white horse is pulling a cart while a man stands and watches ,a man is watching a horse race ,2,0,7,6,10,0
a small group of church goers watch a choir practice ,a group watches a practice ,2,0,10,4,14,1
a small group of church goers watch a choir practice ,a choir performs in front of packed crowd ,2,0,9,4,8,0
a dog drops a red disc on a beach ,a dog catch the ball on a beach,6,0,11,6,10,0
a dog drops a red disc on a beach ,a dog drops a red disc,22,1,22,7,12,1
a man and a woman are walking on a street at the top of a hill ,a man and woman walk on a street ,10,1,13,9,14,1
a man and a woman are walking on a street at the top of a hill ,two men play catch on a hill ,0,0,8,6,7,0
an elderly man is drinking orange juice at a cafe ,an elderly man is drinking apple juice at a bar ,27,1,27,8,20,0
an elderly man is drinking orange juice at a cafe ,an old man is enjoying a beverage at a cafe ,3,0,12,6,9,1
a couple holding hands walks down a street ,there are people sitting on the side of the road ,0,0,4,0,0,0
a couple holding hands walks down a street ,people are holding hands and walking ,0,0,16,2,12,1
a couple walk through a white brick town ,people are walking outdoors ,0,0,6,0,0,1
a couple walk through a white brick town ,a man and woman walk in a brown brick city ,2,0,7,4,10,0
children going home from school ,the children are at the library ,0,0,9,1,8,0
children going home from school ,the school children head home ,0,0,9,3,18,1
people listening to a choir in a catholic church ,people are listening to a metal band ,7,0,17,5,17,0
people listening to a choir in a catholic church ,choir singing in mass ,0,0,6,2,7,1
bicyclists waiting at an intersection ,a bicyclist is sitting down having lunch at the mall ,0,0,9,1,2,0
bicyclists waiting at an intersection ,the bicyclists are outside ,0,0,11,1,10,1
bicyclists waiting at an intersection ,the bicycles are on a road ,0,0,6,0,0,1
bicyclists waiting at an intersection ,a person on a bike is near a street ,0,0,3,0,0,1
bicyclists waiting at an intersection ,bikers stop and wait for traffic at the intersection ,2,0,14,2,14,1
bicyclists waiting at an intersection ,the bicyclists ride through the mall on their bikes ,0,0,11,1,10,0
bicyclists waiting at an intersection ,bicyclists waiting their turn to cross ,19,1,19,2,17,1
bicyclists waiting at an intersection ,bicyclists riding along a freeway ,11,1,11,1,10,0
bicyclists waiting at an intersection ,the bicyclists are dead ,0,0,11,1,10,0
bicyclists waiting at an intersection ,the bicyclists are at home ,0,0,11,2,12,0
people waiting at a light on bikes ,a bunch of friends are on a boat,0,0,4,2,3,0
people waiting at a light on bikes ,people with bikes ,8,0,8,2,11,1
people waiting at a light on bikes ,the people are inside waiting ,0,0,10,2,13,0
people waiting at a light on bikes ,there are some people outside ,0,0,7,1,6,1
people waiting at a light on bikes ,people are on their bikes ,7,0,7,3,13,1
people waiting at a light on bikes ,the people are on bikes ,0,0,10,3,13,1
people waiting at a light on bikes ,the people are running a red light ,0,0,7,3,12,0
people waiting at a light on bikes ,people in a car race ,7,0,7,2,7,0
people waiting at a light on bikes ,men and women outside on a street corner ,0,0,4,2,3,1
people waiting at a light on bikes ,a ladybug has landed on a beautiful pink rose ,0,0,4,2,3,0
people on bicycles waiting at an intersection ,the people are on skateboards ,0,0,7,2,8,0
people on bicycles waiting at an intersection ,people are riding their bicycles ,7,0,10,2,14,1
people on bicycles waiting at an intersection ,people wait on traffic ,7,0,7,2,8,1
people on bicycles waiting at an intersection ,people are waiting on foot ,7,0,9,3,15,0
people on bicycles waiting at an intersection ,there are bicyclists stopped at a road ,0,0,7,1,2,1
people on bicycles waiting at an intersection ,the people are sleeping ,0,0,7,1,6,0
people on bicycles waiting at an intersection ,the people are waiting for the movie to begin ,0,0,9,2,13,0
people on bicycles waiting at an intersection ,more than one person on a bicycle is obeying traffic laws ,0,0,8,1,2,1
people on bicycles waiting at an intersection ,there are people on bicycles ,0,0,19,3,16,1
people on bicycles waiting at an intersection ,people on bicycles speed through an intersection ,19,1,19,5,26,0
a man with a red shirt is watching another man who is standing on top of a attached cart filled to the top ,the cart is empty ,0,0,6,4,9,0
a man with a red shirt is watching another man who is standing on top of a attached cart filled to the top ,a man is giving another man a piggyback ride ,6,0,16,8,13,0
a man with a red shirt is watching another man who is standing on top of a attached cart filled to the top ,a cart is full of items ,2,0,6,7,8,1
a man with a red shirt is watching another man who is standing on top of a attached cart filled to the top ,a man is sleeping under a bench ,6,0,6,7,8,0
a man with a red shirt is watching another man who is standing on top of a attached cart filled to the top ,a man watches another man ,7,0,13,6,13,1
a man with a red shirt is watching another man who is standing on top of a attached cart filled to the top ,someone is on top of a cart full of items  while someone else observes ,0,0,13,10,10,1
a man with a red shirt is watching another man who is standing on top of a attached cart filled to the top ,the man is watching a woman ,0,0,14,9,14,0
a man with a red shirt is watching another man who is standing on top of a attached cart filled to the top ,a man is standing on top of a cart ,6,0,25,13,15,1
a man with a red shirt is watching another man who is standing on top of a attached cart filled to the top ,the cart is filled to the top ,0,0,19,8,13,1
a man with a red shirt is watching another man who is standing on top of a attached cart filled to the top ,a man eats octopus ,6,0,6,5,7,0
a boy is drinking out of a water fountain shaped like a woman ,a male is getting a drink of water ,2,0,7,6,9,1
a boy is drinking out of a water fountain shaped like a woman ,a man is drinking lemonade from a glass ,2,0,13,5,11,0
three bikers stop in town ,bikers stop in towns,0,0,19,3,12,1
three bikers stop in town ,a town has witnessed the arrival of three bikers ,0,0,13,3,15,1
three bikers stop in town ,three bikers are going     mph,13,1,13,2,11,0
three bikers stop in town ,the bikers breathe water,2,0,9,1,6,0
three bikers stop in town ,bikers stop for gas,0,0,12,2,10,1
three bikers stop in town ,there is a very angry dog ,2,0,2,0,0,0
three bikers stop in town ,the bikers are in the town ,2,0,9,3,12,1
three bikers stop in town ,a group of bikers are in the street ,0,0,8,2,8,1
three bikers stop in town ,the bikers didn t stop in the town ,2,0,10,4,14,0
three bikers stop in town ,five bikers are riding on the road ,0,0,9,1,6,0
two people loading brush on a trailer attached to a truck ,a man is carrying a canoe to the water ,0,0,4,3,4,0
two people loading brush on a trailer attached to a truck ,a couple of people are loading brush onto a trailer that is attached to a truck ,0,0,21,9,22,1
a man with a beard  wearing a red shirt with gray sleeves and work gloves  pulling on a rope ,a bearded man pulls a rope,2,0,7,6,8,1
a man with a beard  wearing a red shirt with gray sleeves and work gloves  pulling on a rope ,a man pulls on a rope ,6,0,11,7,9,1
a man with a beard  wearing a red shirt with gray sleeves and work gloves  pulling on a rope ,a man pulls his beard,6,0,6,6,9,0
a man with a beard  wearing a red shirt with gray sleeves and work gloves  pulling on a rope ,a bearded man is pulling a car with his teeth ,2,0,9,8,15,0
a man with a beard  wearing a red shirt with gray sleeves and work gloves  pulling on a rope ,the man was clean shaven ,0,0,6,1,3,0
a man with a beard  wearing a red shirt with gray sleeves and work gloves  pulling on a rope ,a bearded man is pulling on a rope ,2,0,19,8,14,1
a man with a beard  wearing a red shirt with gray sleeves and work gloves  pulling on a rope ,a man in a swimsuit  swings on a rope ,6,0,11,7,9,0
a man with a beard  wearing a red shirt with gray sleeves and work gloves  pulling on a rope ,a man is wearing a black shirt,6,0,11,7,15,0
a man with a beard  wearing a red shirt with gray sleeves and work gloves  pulling on a rope ,a man is pulling on a rope ,6,0,19,8,14,1
a man with a beard  wearing a red shirt with gray sleeves and work gloves  pulling on a rope ,the man is able to grow a beard ,0,0,9,6,9,1
a man with facial hair and a red and gray shirt tugging on a piece of rope ,a man is naked on the bed ,6,0,6,5,6,0
a man with facial hair and a red and gray shirt tugging on a piece of rope ,a man has facial hair ,6,0,13,6,13,1
a middle aged oriental woman in a green headscarf and blue shirt is flashing a giant smile ,the middle aged oriental woman is watchingt v,0,0,29,5,19,0
a middle aged oriental woman in a green headscarf and blue shirt is flashing a giant smile ,a middle aged oriental woman in a green headscarf and blue shirt is flashing a giant smile,90,1,90,17,25,1
an asian woman in a blue top and green headscarf smiling widely as another woman rows a boat in the background ,an asian woman is smiling at while another lady is rowing ,16,1,16,6,19,1
an asian woman in a blue top and green headscarf smiling widely as another woman rows a boat in the background ,an asian woman is running from a dog ,16,1,16,6,15,0
a boat worker securing line ,a worker is doing something to a boat ,2,0,8,3,11,1
a boat worker securing line ,the boat worker is swimming in the ocean ,0,0,13,2,10,0
a small girl with a necklace is swimming ,a fat girl is diving off the edge,2,0,6,4,7,0
a small girl with a necklace is swimming ,a small girl with a necklace is in the water,32,1,32,7,17,1
a skateboarder skates in the pool ,a skate swims in the pool ,7,0,14,4,9,0
a skateboarder skates in the pool ,a skater is in the pool ,7,0,14,4,9,1
a couple  who appear to be indian or pakistani  walk on a path beside a body of water  the mother carrying a child in a diaper  the father wrapped in a blanket with the logo of the humanitarian organization  save the children  ,a man is wrapped in a unicef blanket ,2,0,14,10,16,0
a couple  who appear to be indian or pakistani  walk on a path beside a body of water  the mother carrying a child in a diaper  the father wrapped in a blanket with the logo of the humanitarian organization  save the children  ,a couple carrying a child are walking along water ,9,0,18,10,19,1
there is a woman holding a baby  along with a man with a save the children bag ,a group of people are possing for an add ,0,0,4,4,3,1
there is a woman holding a baby  along with a man with a save the children bag ,a man is watching an airplane ,0,0,6,6,6,0
a family with a baby  the father is wearing a save the children sign ,three adults are pictured ,0,0,2,0,0,0
a family with a baby  the father is wearing a save the children sign ,a man is wearing something with writing on it ,2,0,12,6,13,1
a foreign family is walking along a dirt path next to the water ,they are riding a bike,0,0,5,2,2,0
a foreign family is walking along a dirt path next to the water ,a foreign family walks by a dirt trail along a body of water ,17,1,17,7,18,1
a foreign family is walking along a dirt path next to the water ,the family is admiring the water,0,0,11,4,14,1
a foreign family is walking along a dirt path next to the water ,the people are driving a car on the freeway ,0,0,5,3,5,0
a foreign family is walking along a dirt path next to the water ,a family of foreigners swims in the water ,3,0,11,5,14,0
a foreign family is walking along a dirt path next to the water ,a group of locals run on a dirt trail next to a frozen stream ,2,0,9,5,10,0
a foreign family is walking along a dirt path next to the water ,a family of foreigners walks by the water ,3,0,11,5,14,1
a foreign family is walking along a dirt path next to the water ,a family walks along a dirt path ,3,0,19,6,15,1
a foreign family is walking along a dirt path next to the water ,a family plays board games at their dinner table ,3,0,8,3,8,0
a foreign family is walking along a dirt path next to the water ,there is a family taking a walk outside ,0,0,8,4,9,1
a man and a woman are standing next to sculptures  talking while another man looks at other sculptures ,people are looking at sculptures at a museum ,0,0,12,6,23,1
a man and a woman are standing next to sculptures  talking while another man looks at other sculptures ,there are people next to sculptures ,0,0,20,5,24,1
a man and a woman are standing next to sculptures  talking while another man looks at other sculptures ,people standing near sculptures,0,0,13,3,28,1
a man and a woman are standing next to sculptures  talking while another man looks at other sculptures ,three people are looking at painting at a school fair ,0,0,5,4,6,0
a man and a woman are standing next to sculptures  talking while another man looks at other sculptures ,nobody is standing ,0,0,10,1,8,0
a man and a woman are standing next to sculptures  talking while another man looks at other sculptures ,a man and a woman are standing ,31,1,31,8,16,1
a man and a woman are standing next to sculptures  talking while another man looks at other sculptures ,the is a single sculpture ,0,0,10,2,2,0
a man and a woman are standing next to sculptures  talking while another man looks at other sculptures ,the man and woman are standing by a swimming pool ,0,0,20,8,16,0
a man and a woman are standing next to sculptures  talking while another man looks at other sculptures ,there are scultupres nearby ,0,0,6,1,3,1
a man and a woman are standing next to sculptures  talking while another man looks at other sculptures ,a man and a woman are sitting ,23,1,23,7,11,0
group of young women in dresses strolling on the sidewalk ,all the young girls won the first prize,0,0,7,2,8,0
group of young women in dresses strolling on the sidewalk ,there are some groups one of them of young females are in dresses strolling for a ramp walk,0,0,22,5,21,1
a man wearing a striped top and jeans does a skateboard trick on some steps while a man who is hunched over photographs him ,a man is photographing a man skateboarding ,6,0,11,7,8,1
a man wearing a striped top and jeans does a skateboard trick on some steps while a man who is hunched over photographs him ,a man is riding his scooter alone,6,0,6,7,8,0
a man squatting in the foreground of a photograph while taking a photograph of his own of a man doing a skateboarding kick flip in midair above a short flight of stairs outdoors ,a man is taking the picture of a skateboarder who is being taken by aliens ,6,0,13,14,12,0
a man squatting in the foreground of a photograph while taking a photograph of his own of a man doing a skateboarding kick flip in midair above a short flight of stairs outdoors ,photographers capture a male skateboarder performing tricks inside an abandoned building ,0,0,11,6,3,0
a man squatting in the foreground of a photograph while taking a photograph of his own of a man doing a skateboarding kick flip in midair above a short flight of stairs outdoors ,a woman is skateboarding with her boyfriend ,2,0,15,7,15,0
a man squatting in the foreground of a photograph while taking a photograph of his own of a man doing a skateboarding kick flip in midair above a short flight of stairs outdoors ,a man is taking the picture of a skateboarder who is performing a trick ,6,0,13,14,12,1
a man squatting in the foreground of a photograph while taking a photograph of his own of a man doing a skateboarding kick flip in midair above a short flight of stairs outdoors ,a man photographs a wedding ,6,0,11,8,7,0
a man squatting in the foreground of a photograph while taking a photograph of his own of a man doing a skateboarding kick flip in midair above a short flight of stairs outdoors ,a man is taking photos of skateboarding tricks ,6,0,15,14,22,1
a man squatting in the foreground of a photograph while taking a photograph of his own of a man doing a skateboarding kick flip in midair above a short flight of stairs outdoors ,people take photos outdoors while a man performs exciting skateboarding tricks ,0,0,15,11,26,1
a man squatting in the foreground of a photograph while taking a photograph of his own of a man doing a skateboarding kick flip in midair above a short flight of stairs outdoors ,a man is photographing another man ,6,0,11,8,7,1
a man squatting in the foreground of a photograph while taking a photograph of his own of a man doing a skateboarding kick flip in midair above a short flight of stairs outdoors ,two men are going down a water slide ,0,0,5,6,3,0
a man squatting in the foreground of a photograph while taking a photograph of his own of a man doing a skateboarding kick flip in midair above a short flight of stairs outdoors ,a man photographs a skateboarder doing tricks ,6,0,13,9,11,1
one biker is running with their bike while another is riding around them ,the people are driving cars,0,0,4,0,0,0
one biker is running with their bike while another is riding around them ,people have bikes,0,0,6,0,0,1
two people with bicycles  one in front running with a bike and one in back riding ,two people eating ice cream cones at the mall ,11,1,11,2,9,0
two people with bicycles  one in front running with a bike and one in back riding ,one person running next to their bike with the person riding their bike behind them ,0,0,9,7,17,1
a young man doing a trick on a skateboard down the stairs while being photographed ,a young man roller blades across a ramp while being photographed ,12,1,26,8,22,0
a young man doing a trick on a skateboard down the stairs while being photographed ,a man being photographed while he does a trick on his skateboard down the stairs ,2,0,28,13,28,1
a lady in a black and white striped shirt and holding a bouquet of flowers  looks seriously at two gentlemen talking on the steps ,a lady with a serious face is standing with two guys in front of steps outside ,7,0,8,8,12,1
a lady in a black and white striped shirt and holding a bouquet of flowers  looks seriously at two gentlemen talking on the steps ,three guys are standing indoors with flowers in their hands ,0,0,9,2,9,0
a man walking proudly down the street ,the man is in the theatre watching avatar ,0,0,6,2,6,0
a man walking proudly down the street ,a man is outside ,6,0,6,2,4,1
four teenage boys are doing cannonballs into a swimming pool ,a group of young men are splashing a lot of water ,0,0,5,2,4,1
four teenage boys are doing cannonballs into a swimming pool ,some boys are eating pizza in a restaurant ,0,0,11,3,8,0
three men standing on grass by the water looking at something on a table ,the three men are outside ,2,0,10,3,11,1
three men standing on grass by the water looking at something on a table ,the three men are indoors playing foosball ,2,0,10,3,11,0
a woman stands behind an outdoor grill with a blue basket of food in her hands ,a woman standing behind a grill outside with a blue basket of food in her hands ,13,1,41,13,17,1
a woman stands behind an outdoor grill with a blue basket of food in her hands ,a woman holding a blue basket full of easter eggs outside of a church ,8,0,15,6,15,0
a land rover makes its way through a deep pond ,a car is in the shop ,2,0,3,2,2,0
a land rover makes its way through a deep pond ,a car drives through the water ,2,0,9,3,9,1
many people relax in the yard ,a group of people are outside ,0,0,8,1,6,1
many people relax in the yard ,people watch tv in their living room ,0,0,7,2,8,0
a car sinking in water ,a car is flooding ,6,0,6,2,4,1
a car sinking in water ,a truck drives down a country road in the sunshine ,2,0,4,2,3,0
a man wearing black is playing an electric guitar at a concert ,a man is playing the guitar ,6,0,12,6,16,1
a man wearing black is playing an electric guitar at a concert ,a man is playing the piano ,6,0,12,5,12,0
a man with wild hair rocks a show playing a guitar center stage ,the bald man played the drums ,0,0,5,1,3,0
a man with wild hair rocks a show playing a guitar center stage ,a guy stands on stage with his guitar ,2,0,8,6,15,1
woman and child on trolley car labeled powell and market and bay and taylor,the woman is on a trolley ,0,0,9,3,14,1
woman and child on trolley car labeled powell and market and bay and taylor,the woman and child are on a subway train ,0,0,16,7,13,0
two female medical professionals  one african american  one white  looking over paperwork in a hospital ,coworkers left work and are driving to lunch ,0,0,5,0,0,0
two female medical professionals  one african american  one white  looking over paperwork in a hospital ,there are people at work ,1,0,5,0,0,1
two ladies are reading through binders ,the girls are watching a movie ,1,0,6,1,3,0
two ladies are reading through binders ,some women are reading ,0,0,13,2,10,1
a man in the distance is walking past a brick wall painted with words and graffiti ,a man sits and reads the graffiti on a wall ,6,0,10,7,15,0
a man in the distance is walking past a brick wall painted with words and graffiti ,grafffiti on a brick wall ,0,0,14,4,10,1
a woman and a child holding on to the railing while on trolley ,the people are not holding onto anything ,0,0,11,2,10,0
a woman and a child holding on to the railing while on trolley ,the people are holding onto the rail ,0,0,11,2,10,1
a man in a striped polo shirt is pointing and smiling ,the man is swimming,0,0,6,2,5,0
a man in a striped polo shirt is pointing and smiling ,the man seems happy,0,0,5,1,3,1
a guy performing a bicycle jump trick for an audience ,tony hawk is performing a skating trick,0,0,14,4,16,0
a guy performing a bicycle jump trick for an audience ,a guy is performing a bike trick,6,0,16,5,18,1
a gray haired woman in a blue dress coat with snowflakes on it balances something on her head ,the woman is wearing a coat ,0,0,8,4,10,1
a gray haired woman in a blue dress coat with snowflakes on it balances something on her head ,the woman loves her blonde hair ,0,0,7,2,8,0
two children play outside in a field ,kids are playing outdoors ,0,0,5,0,0,1
two children play outside in a field ,two children are reading at their desks ,13,1,13,2,11,0
one man sits inside and plays the banjo  there are trees behind him outside ,a man runs outside ,0,0,9,2,10,0
one man sits inside and plays the banjo  there are trees behind him outside ,a male sitting indoors ,0,0,4,0,0,1
two children  in colorful outfits  playing in a field with a big rock in the middle ,don t play with rocks,0,0,6,1,4,0
two children  in colorful outfits  playing in a field with a big rock in the middle ,two kids are playing with a big rock in the field,4,0,24,12,16,1
two young girls are playing outside in a non urban environment ,two girls are playing outside ,4,0,27,5,19,1
two young girls are playing outside in a non urban environment ,some girls are running on the sidewalk  next to some parked cars ,0,0,11,2,8,0
two children in hats play in an open  rocky field ,the children are at home eating lunch ,1,0,10,1,8,0
two children in hats play in an open  rocky field ,the children are playing in a rocky field ,1,0,13,5,18,1
a woman wearing a green and pink dress is dancing with someone wearing a blue top with white pants ,the woman in green and pink is dancing ,0,0,16,6,17,1
a woman wearing a green and pink dress is dancing with someone wearing a blue top with white pants ,the dancing woman is alone in her bedroom ,0,0,10,3,14,0
man in gold pants looking at the camera ,man looking at the camera ,4,0,23,5,16,1
man in gold pants looking at the camera ,man is walking away to the hall ,5,0,6,2,6,0
a man in a gold skirt sits in front of the computer ,a man in a gold skirt sitting at his computer watching the computer screen ,25,1,25,9,17,1
a man in a gold skirt sits in front of the computer ,a man in blue pants sitting and watching the television ,9,0,9,6,8,0
man wearing black t shirt sitting at a computer desk ,the man is working on the computer,0,0,9,2,11,1
man wearing black t shirt sitting at a computer desk ,the man called off work and was at the zoo all day,0,0,4,2,5,0
a bearded man in a black t shirt sits in front of a desk holding a computer ,a man is standing in the rain ,2,0,6,7,7,0
a bearded man in a black t shirt sits in front of a desk holding a computer ,a man waiting with his computer ,2,0,10,6,12,1
a man in a gold foils skirt  sitting at a computer desk  looks at the camera with his hands raised to his face ,a man is looking at his webcam,7,0,7,8,9,1
a man in a gold foils skirt  sitting at a computer desk  looks at the camera with his hands raised to his face ,a man is sticking his tongue out,7,0,7,6,9,0
a young girl sitting at a table with a bowl on her head,a young girl has a bowl on her head,13,1,19,9,13,1
a young girl sitting at a table with a bowl on her head,a man is eating cereal in his car,2,0,5,3,3,0
a man dances with a fire baton at night ,the woman does a hula dance,0,0,6,2,2,0
a man dances with a fire baton at night ,the man is dancing,0,0,5,1,3,1
a doctor checks the stomach of a toddler ,the toddler is getting a checkup ,0,0,9,4,11,1
a doctor checks the stomach of a toddler ,the doctor is looking inside the toddler s mouth ,0,0,9,3,16,0
young blond woman putting her foot into a water fountain,a young blond woman is sitting down on a beach chair ,0,0,18,4,15,0
young blond woman putting her foot into a water fountain,a person is dipping her foot into water ,0,0,18,5,13,1
a young woman tries to stick her foot in a fountain ,the woman is riding a train ,0,0,7,3,7,0
a young woman tries to stick her foot in a fountain ,a woman is near a fountain ,2,0,12,4,14,1
a young woman tries to stick her foot in a fountain ,the woman has one foot in the air ,0,0,9,3,11,1
a woman in capri jeans crouches on the edge of a fountain with her left foot kicked out to touch the falling water ,a woman is walking in park,9,0,9,4,8,0
a woman in capri jeans crouches on the edge of a fountain with her left foot kicked out to touch the falling water ,a woman is like to touch the water in fountain,9,0,14,10,18,1
woman balancing on edge of fountain while sticking her toe in the water ,a woman stand on a fountain and dips her toes in ,0,0,10,5,16,1
woman balancing on edge of fountain while sticking her toe in the water ,a woman sits on the grassy ground ,0,0,6,3,10,0
a couple strolls arm and arm and hand in hand down a city sidewalk ,the couple is outdoors ,0,0,8,1,6,1
a couple strolls arm and arm and hand in hand down a city sidewalk ,the couple is having dinner at a restaurant ,0,0,8,3,8,0
a man stare at a passing couple while walking down the block ,a man stares at a passing couple ,11,1,21,6,16,1
a man stare at a passing couple while walking down the block ,the woman stares at a couple as they argue down the block ,0,0,16,7,15,0
a couple are holding hands behind their backs while walking down a street  and the man has his arm around her shoulder ,couple walking,0,0,10,2,13,1
a couple are holding hands behind their backs while walking down a street  and the man has his arm around her shoulder ,bear in zoo,0,0,2,0,0,0
a man and a woman are holding hands as they walk along a city sidewalk ,a married couple are fighting on the sidewalk ,4,0,10,5,12,0
a man and a woman are holding hands as they walk along a city sidewalk ,a man and a woman are holding hands ,36,1,36,9,17,1
a man in red stands with his child at the beach ,a man wearing blue sleeping with his child in his lap inside his home ,6,0,16,6,12,0
new sport is being played to show appreciation to the kids who can not walk ,people are playing a sport in honor of crippled people ,0,0,8,1,5,1
new sport is being played to show appreciation to the kids who can not walk ,people are playing football without gear ,0,0,5,0,0,0
two men in wheelchairs are reaching in the air for a basketball ,two people in wheelchairs are reaching in the air for a basketball ,4,0,57,11,29,1
two men in wheelchairs are reaching in the air for a basketball ,two women in wheelchairs are reaching in the air for a basketball ,4,0,60,11,29,0
three wheelchair basketball players wearing team uniforms are attempting to reach the descending basketball with other players in the background ,three wheelchair basketball players playing basketball in field ,36,1,36,7,30,1
three wheelchair basketball players wearing team uniforms are attempting to reach the descending basketball with other players in the background ,a peoples are taking coffee together at coffeshop ,0,0,6,1,3,0
four guys in wheelchairs on a basketball court two are trying to grab a basketball in midair ,four guys are playing cards ,10,1,10,3,11,0
four guys in wheelchairs on a basketball court two are trying to grab a basketball in midair ,four guys are playing basketball ,10,1,12,5,24,1
three dogs in different shades of brown and white biting and licking each other ,the dogs are fighting,2,0,7,1,4,0
three dogs in different shades of brown and white biting and licking each other ,there are three dogs,2,0,10,2,9,1
two dogs playfully bite a third dog  which has its tongue sticking out ,two dogs are sleeping while a third eats its food ,9,0,10,5,12,0
two dogs playfully bite a third dog  which has its tongue sticking out ,a pair of dogs tease a third with nibbles ,0,0,10,3,10,1
three small puppies bite and play together in the grass ,the puppies are sleeping in a basket ,2,0,9,3,12,0
three small puppies bite and play together in the grass ,three puppies are playing outside ,6,0,9,2,12,1
two dogs biting another dog in a field ,dogs attacking another dog,0,0,15,3,14,1
two dogs biting another dog in a field ,dog sitting in filed,0,0,5,2,5,0
tourists waiting at a train stop ,tourist walking around an art museum ,7,0,7,0,0,0
tourists waiting at a train stop ,a group of tourist waiting for a train at a train station ,0,0,14,4,14,1
a doctor in blue scrubs is performing an operation assisted by two men and a woman ,a old man was talking,2,0,4,2,2,1
a doctor in blue scrubs is performing an operation assisted by two men and a woman ,the boys were angry,0,0,3,0,0,0
a woman with a black jacket walks past an outdoor movie poster ,a woman walking outside ,9,0,9,3,7,1
a woman with a black jacket walks past an outdoor movie poster ,a woman is cleaning up ,8,0,8,3,7,0
a man in an elf hat holding a white umbrella is standing on the sidewalk with two other men ,a man stands ,6,0,6,3,5,1
a man in an elf hat holding a white umbrella is standing on the sidewalk with two other men ,my love s like a red  red wig ,0,0,3,2,2,0
indian lady and a guy in a blue suit dancing in the sunlight ,a woman eats a pickle ,0,0,3,2,2,0
indian lady and a guy in a blue suit dancing in the sunlight ,two people dancing outdoors ,0,0,9,1,7,1
two older men are talking ,two people are having a conversation ,4,0,5,2,6,1
two older men are talking ,a crowd is talking over each other ,0,0,9,1,7,0
a mountain biker jumping a slope outdoors in a forest area ,a biker is doing jumps by trees ,2,0,7,4,7,1
a mountain biker jumping a slope outdoors in a forest area ,they aren t on bikes ,0,0,6,0,0,0
a mountain biker jumping a slope outdoors in a forest area ,the biker is jumping into a hole ,0,0,9,5,13,1
a mountain biker jumping a slope outdoors in a forest area ,a person rides a bike outdoors ,2,0,11,4,10,1
a mountain biker jumping a slope outdoors in a forest area ,there s a biker,0,0,6,4,7,1
a mountain biker jumping a slope outdoors in a forest area ,they are avoiding trees ,0,0,4,0,0,1
a mountain biker jumping a slope outdoors in a forest area ,the mountain biker is going on a desert trail ,0,0,16,5,14,0
a mountain biker jumping a slope outdoors in a forest area ,the biker is trying to jump over a volcano ,0,0,7,4,7,0
a mountain biker jumping a slope outdoors in a forest area ,he s indoors,0,0,5,0,0,0
a mountain biker jumping a slope outdoors in a forest area ,a person is riding in a bobsled ,2,0,6,4,4,0
two older men in winter coats talking outside of a shop with a grassy lawn covered in a light coat of snow in front of it ,two old men in winter coats talk outside ,7,0,25,8,18,1
two older men in winter coats talking outside of a shop with a grassy lawn covered in a light coat of snow in front of it ,the old men are wearing raincoats ,1,0,6,1,3,0
two elderly men having a conversation  snow covered grass in the background ,the men are drinking coffee and having some cookies,1,0,8,3,12,0
two elderly men having a conversation  snow covered grass in the background ,the men are sleeping,1,0,5,2,6,0
two elderly men having a conversation  snow covered grass in the background ,there are two men outside in this picture,1,0,6,3,8,1
two men are standing outside and snow is on the ground ,people are near snow ,0,0,6,2,7,1
two men are standing outside and snow is on the ground ,men making snow angels ,0,0,6,2,7,0
two older men in coats are standing outside ,these men never wore coats ,1,0,7,2,8,0
two older men in coats are standing outside ,they are outside wearing coats ,1,0,9,3,15,1
a gentleman in a purple scarf and hat is looking at money while holding an accordion ,a woman is brushing her hair in her bedroom ,2,0,5,4,5,0
a gentleman in a purple scarf and hat is looking at money while holding an accordion ,a man is holding an accordian ,2,0,19,5,11,1
bmx biker jumps over a ravine ,there is a bmx biker who is perfect in ravine jumping,0,0,10,4,14,1
bmx biker jumps over a ravine ,anybody can do ravine jumping,0,0,8,1,6,0
a white bike is tied to a street sign ,the car is parked at the sign,0,0,5,2,6,0
a white bike is tied to a street sign ,the bike is tied to a sign,0,0,21,7,12,1
a white bike is leaning against a post ,a bike is on the ground about to be reparied,2,0,9,4,7,0
a white bike is leaning against a post ,a bike it outside,2,0,7,3,6,1
the boy locked the cycle and went away ,a boy riding a bike ,0,0,5,1,3,0
the boy locked the cycle and went away ,a boy walking away ,0,0,6,2,7,1
a crowded city during daytime ,a city filled with people in the middle of the daytime ,3,0,9,3,12,1
a crowded city during daytime ,a abandoned city at the edge of the world ,2,0,8,2,5,0
people walking around in a big city ,people are outside ,7,0,7,1,6,1
people walking around in a big city ,the people are asleep ,0,0,7,1,6,0
a busy city that looks like new york city ,the city has a lot of people in it ,0,0,6,3,9,1
a busy city that looks like new york city ,the city looks like lawrence  kansas ,0,0,12,4,13,0
a view of buildings and people walking across the streets in times square  new york city ,there is a city ,0,0,6,2,5,1
a view of buildings and people walking across the streets in times square  new york city ,the field of poppies is perfectly still ,0,0,4,2,5,0
a woman is making a clay pot ,a man is painting a painting ,2,0,7,3,4,0
a woman is making a clay pot ,an artist is sculpting with clay ,1,0,6,2,6,1
a barber waiting for customers ,a barber is at work ,9,0,9,2,7,1
a barber waiting for customers ,the barber is closing the shop at the end of the day ,0,0,8,1,6,0
a man sitting in a barber shop ,there is an individual waiting indoors ,0,0,7,0,0,1
a man sitting in a barber shop ,a man is brushing his teeth ,6,0,6,3,5,0
a woman preparing to glaze a bowl ,a woman not preparing to glaze,8,0,19,6,19,0
a woman preparing to glaze a bowl ,a woman preparing to glaze,26,1,26,6,19,1
a woman wearing an apron inspects a large pot on a table filled with cups  bowls  pots and baskets of assorted size ,a woman wearing gloves is washing dishes ,16,1,16,5,13,0
a woman wearing an apron inspects a large pot on a table filled with cups  bowls  pots and baskets of assorted size ,a woman is wearing an apron ,8,0,18,7,17,1
a model posing to look as if she s a real female soccer player ,a man is modeling for a cooking show ,3,0,6,2,2,0
a model posing to look as if she s a real female soccer player ,a model is doing a shoot ,8,0,8,3,7,1
firemen emerge from a subway station ,firemen walking outside,8,0,8,1,7,1
firemen emerge from a subway station ,the station is empty,0,0,9,1,7,0
exhausted looking firemen are walking ,firemen are walking ,0,0,20,3,17,1
exhausted looking firemen are walking ,determined looking firemen are running into a burning building ,0,0,23,3,17,0
three firefighters  the nearest firefighter is holding a helmet in his left hand ,three man are holding axes in their left hands ,6,0,10,4,16,0
three firefighters  the nearest firefighter is holding a helmet in his left hand ,the firemen are gathered one is holding his helmet ,2,0,12,5,16,1
a man walking along side a clean up crew ,the woman jogged alongside the crew ,0,0,6,1,4,0
a man walking along side a clean up crew ,the man walked alongside the crew ,0,0,9,2,7,1
a little boy swims underwater ,a boy floats on top of water ,2,0,6,2,4,0
a little boy swims underwater ,a child swimming ,2,0,5,1,1,1
a driver is racing his ford vehicle on a gravel track ,a man has parked his truck ,2,0,5,3,5,0
a driver is racing his ford vehicle on a gravel track ,a ford is being driven on a track ,2,0,7,6,11,1
three guys and a girl are all jumping in a pool together ,the people are all climbing out of the water ,2,0,9,2,6,0
three guys and a girl are all jumping in a pool together ,the people are all jumping into a body of water ,2,0,19,5,13,1
a little boy underwater in a pool  holding a plastic dinosaur ,the lone ranger swims again ,0,0,3,0,0,0
a little boy underwater in a pool  holding a plastic dinosaur ,small boy in pool holds toy ,0,0,6,3,9,1
a little boy swimming underwater with a toy in his hand ,a little boy is chasing a dog ,13,1,13,4,10,0
a little boy swimming underwater with a toy in his hand ,a little boy is underwater ,13,1,13,5,19,1
a man wearing a white shire shirt and hate is riding a bucking horse in a rodeo ,a rodeo clown chases a bull ,2,0,8,5,7,0
a man wearing a white shire shirt and hate is riding a bucking horse in a rodeo ,a man is being bucked on a horse ,6,0,7,7,10,1
a saddle bronc rider gets lifted out of the saddle  but keeps his grip during his ride ,the man rides an animal ,0,0,5,1,3,1
a saddle bronc rider gets lifted out of the saddle  but keeps his grip during his ride ,the man is riding a motorcycle ,0,0,6,2,4,0
a woman with a straw hat working on a strange machine with coconuts at her side ,a woman is sitting on the couch ,8,0,8,5,8,0
a woman with a straw hat working on a strange machine with coconuts at her side ,a woman is at a machine ,8,0,9,6,14,1
a man wearing a rice hat is shucking corn using a corn shucker and is surrounded by trees ,the man is boiling a pot of corn ,0,0,6,8,11,0
a man wearing a rice hat is shucking corn using a corn shucker and is surrounded by trees ,there is a person processing vegetables ,0,0,5,5,5,1
a woman wearing a chinese straw hat operating some sort of stainless steel machine in what appears to be a park ,the woman has a small child trapped in the machine who sews clothes ,0,0,9,6,14,0
a woman wearing a chinese straw hat operating some sort of stainless steel machine in what appears to be a park ,the woman is outdoors with a machine ,0,0,9,5,13,1
a woman on the side of a street is making food on her cart ,a child is wearing a bandana ,2,0,4,3,4,0
a woman on the side of a street is making food on her cart ,a person is cooking ,2,0,5,3,4,1
a man in blue shorts and without a shirt is jogging down the road while listening to his ipod ,the man is wearing a blue shirt ,0,0,8,7,12,0
a man in blue shorts and without a shirt is jogging down the road while listening to his ipod ,the man is running ,0,0,6,3,8,1
women exercising one woman has a green mat and black outfit on ,the women are exercising ,0,0,12,2,15,1
women exercising one woman has a green mat and black outfit on ,the women are both dressing in green ,0,0,7,2,10,0
students practicing yoga in a class setting ,the students solve equations on the board ,0,0,9,1,8,0
students practicing yoga in a class setting ,a yoga class is in progress ,0,0,8,4,11,1
people are stretching on yoga mats ,the people stretched on yoga mats ,0,0,14,4,14,1
people are stretching on yoga mats ,they stretched on bikes ,0,0,8,1,2,0
a group of people are doing yoga ,the people are doing yoga,0,0,22,4,15,1
a group of people are doing yoga ,the people are sleep ,0,0,12,2,9,0
motorcyclist performing while two men watch ,two women are walking with strollers ,0,0,5,1,3,0
motorcyclist performing while two men watch ,men watching motorcyclist ,1,0,13,2,15,1
the young man is waiting with others on the sidewalk ,the girls are climbing a tree,4,0,4,2,6,0
the young man is waiting with others on the sidewalk ,there is a group of people waiting outside,3,0,9,2,9,1
two people pose for the camera ,people pose for a picture ,0,0,16,3,13,1
two people pose for the camera ,two people are yelling ,11,1,11,2,9,0
a man is sleeping on the grass ,the man is laying down to sleep,0,0,8,3,8,1
a man is sleeping on the grass ,the man is checking into a   star hotel,0,0,8,4,8,0
a white and brown dog is leaping through the air ,the white and brown dog is in the air ,0,0,24,7,13,1
a white and brown dog is leaping through the air ,the dog is taking a nap ,0,0,8,4,8,0
a row of legs and black boots with a boy sitting at the end of the row ,a young boy eats a sandwich ,2,0,5,3,5,0
a row of legs and black boots with a boy sitting at the end of the row ,a boy sits at peoples feet ,2,0,9,4,6,1
a man in blue lies on a mostly barren patch of grass while small groups of people congregate in the distance ,a man is wearing blue ,7,0,7,4,8,1
a man in blue lies on a mostly barren patch of grass while small groups of people congregate in the distance ,the man is drinking a beer in a pub ,0,0,6,6,8,0
various people hanging around outside of a building ,the people are inside playing soccer ,0,0,8,1,6,0
various people hanging around outside of a building ,there are a group of people are standing outside ,0,0,9,4,15,1
a little girl follows two guys with umbrellas down a path ,the people are outside ,0,0,3,0,0,1
a little girl follows two guys with umbrellas down a path ,the little girl is riding a horse ,0,0,13,4,11,0
a lady is on the floor packing a suitcase ,she is packing ,0,0,9,2,9,1
a lady is on the floor packing a suitcase ,the woman is standing up unpacking ,0,0,8,2,5,0
little girl in a blue and yellow plaid outfit and blue hat is running along the trail ,a girl is running on the trail ,0,0,12,6,16,1
little girl in a blue and yellow plaid outfit and blue hat is running along the trail ,a boy is hiking on the trail ,0,0,11,4,10,0
little girl walking along a dirt  rock  and grass path wearing a blue hat many steps behind two people wearing backpacks and holding umbrellas ,  people are walking along a path ,0,0,17,6,18,1
little girl walking along a dirt  rock  and grass path wearing a blue hat many steps behind two people wearing backpacks and holding umbrellas ,  people are on the path ,0,0,8,2,10,0
the blond woman is searching for medical supplies in a suitcase ,a blonde woman looks for things in a suitcase ,0,0,16,5,16,1
the blond woman is searching for medical supplies in a suitcase ,a brunette woman checks her suitcase before boarding a plane ,0,0,10,3,14,0
stacks of neatly folded clothing cover most of this floor while a woman with a beige shirt and jeans busily fills a suitcase ,a man is packing his golf clubs ,0,0,4,3,3,0
stacks of neatly folded clothing cover most of this floor while a woman with a beige shirt and jeans busily fills a suitcase ,a woman is filling a suitcase ,0,0,12,5,14,1
a young woman packs belongings into a black suitcase ,a young man packs belongings into a black trash bag ,8,0,34,7,20,0
a young woman packs belongings into a black suitcase ,a young woman packs belongings into a black luggage carrier ,44,1,44,8,20,1
people going for a long walk to the mountains ,the people are running towards the mountains ,0,0,15,3,18,0
people going for a long walk to the mountains ,the people are walking outdoors ,0,0,7,2,9,1
a man resting on a street ,a man jogging on the street ,6,0,8,5,11,0
a man resting on a street ,a man resting on a street ,26,1,26,6,16,1
a woman in costume is marching with a large drum ,the drum lady drive a bus ,0,0,7,3,6,0
a woman in costume is marching with a large drum ,she plays in a band ,0,0,4,3,4,1
a man carrying a load of fresh direct boxes on car with wheels in the city streets  as a woman walks towards him ,someone is toting packages in an urban setting ,0,0,5,1,2,1
a man carrying a load of fresh direct boxes on car with wheels in the city streets  as a woman walks towards him ,a young lad delivers groceries by bicycle in the city ,2,0,13,6,9,0
a motorcyclist does a nose wheelie ,a man doing a wheelie,3,0,8,3,9,1
a motorcyclist does a nose wheelie ,a man standing beside a crashed motorcycle,3,0,10,2,2,0
a motorcyclist does a nose wheelie ,a motorcyclist doing a wheelie,17,1,17,4,20,1
a man sitting on a scooter on the curb ,a man is outside  near the street ,6,0,6,4,7,1
a man sitting on a scooter on the curb ,a man is relaxing at the bar ,6,0,6,4,7,0
a man stopping on the sidewalk with his bike to have a smoke ,the man is playing basketball ,0,0,5,2,6,0
a man stopping on the sidewalk with his bike to have a smoke ,the man is standing ,0,0,5,2,6,1
a man is sitting on a motorcycle on the sidewalk ,a man is sitting on a motorcycle ,33,1,33,8,20,1
a man is sitting on a motorcycle on the sidewalk ,a man in black is playing with his cat on sunday ,7,0,7,6,7,0
man smokes while sitting on a parked scooter ,the man drinks a beer while sitting in his car ,0,0,15,4,15,0
man smokes while sitting on a parked scooter ,the man is smoking something while sitting on the scooter ,0,0,18,5,19,1
man on the sidewalk sitting on a motorcycle ,man sitting on a motorcycle on the sidewalk,4,0,25,8,25,1
man on the sidewalk sitting on a motorcycle ,a man driving his car,0,0,4,2,4,0
a couple  wearing black  burgundy  and white  dance ,the woman danced alone ,0,0,6,0,0,0
a couple  wearing black  burgundy  and white  dance ,the couple danced ,0,0,8,1,6,1
people in orange vests and blue pants with a yellow stripe at the bottom await the beginning of a race ,people wearing pink and purple get ready for a race,7,0,7,5,13,0
people in orange vests and blue pants with a yellow stripe at the bottom await the beginning of a race ,people are having a cook off ,7,0,7,3,8,0
people in orange vests and blue pants with a yellow stripe at the bottom await the beginning of a race ,people wait for a race to begin ,7,0,8,4,11,1
people in orange vests and blue pants with a yellow stripe at the bottom await the beginning of a race ,the athlete backflips off of a mountain,0,0,6,5,8,0
people in orange vests and blue pants with a yellow stripe at the bottom await the beginning of a race ,people in orange vests are racing in a race that has started ,24,1,24,7,17,0
people in orange vests and blue pants with a yellow stripe at the bottom await the beginning of a race ,people in orange vests await the beginning of a race ,24,1,31,12,21,1
people in orange vests and blue pants with a yellow stripe at the bottom await the beginning of a race ,people are wearing colorful clothes,7,0,7,1,6,1
people in orange vests and blue pants with a yellow stripe at the bottom await the beginning of a race ,people are racing backwards through hell ,7,0,7,1,6,0
people in orange vests and blue pants with a yellow stripe at the bottom await the beginning of a race ,people are waiting for a race ,7,0,8,4,11,1
people in orange vests and blue pants with a yellow stripe at the bottom await the beginning of a race ,the runners waited to start the race,0,0,6,3,10,1
a young man and young lady dancing on a carpeted floor with a picture from the movie toy story on a big screen in the background ,the people dance on the sidewalk ,0,0,6,4,8,0
a young man and young lady dancing on a carpeted floor with a picture from the movie toy story on a big screen in the background ,the two people are dancing ,0,0,9,3,13,1
the skier is wearing a yellow jumpsuit and sliding across a yellow rail ,the skier is wearing a jumpsuit ,23,1,23,7,20,1
the skier is wearing a yellow jumpsuit and sliding across a yellow rail ,the skateboard is wearing a blue jumpsuit ,6,0,14,6,18,0
a track event held by j p  morgan chase with security ,j p  morgan chase held a track event ,0,0,18,8,16,1
a track event held by j p  morgan chase with security ,the track event has no security ,0,0,14,3,18,0
two people dancing  wearing dance costumes ,the people are moving ,1,0,8,1,6,1
two people dancing  wearing dance costumes ,two people are eating dinner ,11,1,11,2,9,0
an english farmer with a horse pulled wagon ,there is a farmer laying down outdoors,0,0,8,2,7,0
an english farmer with a horse pulled wagon ,there is a farmer with a horse wagon,0,0,21,5,16,1
children s soccer game being played while the sun sets in the background ,old men playing soccer while the sun sets ,0,0,20,6,15,0
children s soccer game being played while the sun sets in the background ,children playing soccer while the sun sets ,9,0,20,7,19,1
a soccer game played by a blue team and a red team on a perfectly manicured field at dusk ,no one is playing soccer ,0,0,8,1,6,0
a soccer game played by a blue team and a red team on a perfectly manicured field at dusk ,people are playing soccer ,0,0,8,1,6,1
two soccer teams are competing on a soccer field ,there is a soccer game ,1,0,10,3,13,1
two soccer teams are competing on a soccer field ,two baseball teams are competing ,4,0,21,4,17,0
soccer teams play on a field as the sun sets behind a line of trees ,soccer teams are competing outdoors ,13,1,13,2,11,1
soccer teams play on a field as the sun sets behind a line of trees ,a football team is playing hockey against a soccer team in an ice rink ,0,0,11,3,8,0
two men serving preparing food ,two men riding bikes ,8,0,8,2,6,0
two men serving preparing food ,two men serving food ,16,1,16,4,14,1
a soccer game occurring at sunset ,a sports game is being played,3,0,6,2,5,1
a soccer game occurring at sunset ,a basketball game is ocurring at sunrise,2,0,14,3,7,0
white small child wearing a brown and gray striped hoodie plays at park ,a small child is playing video games in his bedroom ,0,0,13,3,11,0
white small child wearing a brown and gray striped hoodie plays at park ,a child plays at a park ,0,0,10,5,14,1
a little boy in brown pants is playing on ropes at a park ,there is a little boy in brown pants ,0,0,28,8,16,1
a little boy in brown pants is playing on ropes at a park ,there is a little girl in red pants ,0,0,9,6,13,0
toddler in striped sweatshirt plays on rope on playground ,a child is napping ,0,0,2,0,0,0
toddler in striped sweatshirt plays on rope on playground ,a child plays on a playground ,0,0,12,4,17,1
a woman wearing a pink hat is looking at a pink car with the truck open ,the woman is wearing clothes ,0,0,9,4,15,0
a woman wearing a pink hat is looking at a pink car with the truck open ,the woman is wearing a grocery bag to her car ,0,0,11,8,15,0
a man in a blue shirt is looking up ,a man in a red shirt is looking up ,11,1,21,8,15,0
a man in a blue shirt is looking up ,a person looks up ,2,0,5,3,4,1
three girls on an amusement ride enjoying themselves ,there are three girls,2,0,11,2,10,1
three girls on an amusement ride enjoying themselves ,the girls are at home,2,0,8,1,5,0
woman at walmart check out having her groceries bagged by an employee ,the woman is in target,0,0,6,1,5,0
woman at walmart check out having her groceries bagged by an employee ,a woman is in walmart,0,0,8,2,12,1
brown dog treads through water ,brown dog is sleeping next to the water,10,1,10,3,13,0
brown dog treads through water ,brown dog treads through water as he is soaked in water,31,1,31,5,18,1
a woman is waiting with children as she is checked out at walmart ,a woman is standing at the counter at target ,11,1,11,5,9,0
a woman is waiting with children as she is checked out at walmart ,a woman has children with her at the check out counter ,8,0,10,6,17,1
a blond woman with two children is checking out at a walmart register ,food makes people hungry,0,0,2,0,0,0
a blond woman with two children is checking out at a walmart register ,a mother is with her two children at walmart,2,0,14,8,19,1
a woman sitting in a laundromat looking at the camera ,a monkey is eating a banana ,2,0,5,2,2,0
a woman sitting in a laundromat looking at the camera ,there is a woman in a room ,0,0,8,4,8,1
a young boy paddles across the water in a makeshift boat ,a boy is in a boat ,2,0,6,5,9,1
a young boy paddles across the water in a makeshift boat ,a boy is swimming ,2,0,5,3,5,0
a baseball player is about to throw a baseball ,a baseball player is swinging to hit the ball ,21,1,21,7,22,1
a baseball player is about to throw a baseball ,a baseball is broken,11,1,11,5,18,0
a dog zips along the beach ,a dog is sleeping in the living room ,6,0,6,3,7,0
a dog zips along the beach ,a dog is outside ,6,0,6,2,4,1
a white dog runs along a rocky shoreline ,a dog is running up the stairs at home ,2,0,5,3,5,0
a white dog runs along a rocky shoreline ,a dog is running outside ,2,0,5,3,5,1
a fuzzy white lap dog runs along a rocky beach ,a dog runs across the beach ,2,0,11,5,12,1
a fuzzy white lap dog runs along a rocky beach ,a dog snuggle down under blankets on the couch ,2,0,5,3,5,0
a small white dog running on a pebble covered beach ,a dog on the beach ,2,0,7,5,10,1
a small white dog running on a pebble covered beach ,a seagull on the dock ,3,0,4,3,4,0
a baseball player is putting all his might in to throwing a ball ,pitcher is winding up a throw,0,0,6,3,4,1
a baseball player is putting all his might in to throwing a ball ,the player tossed the football,0,0,8,1,6,0
cheerleaders are on the field cheering ,an empty field ,0,0,7,1,5,0
cheerleaders are on the field cheering ,some people are cheering on a field ,0,0,10,4,16,1
cheerleaders are on the field cheering ,the football player killed the cheerleader with his bullet pass ,0,0,11,1,3,0
cheerleaders are on the field cheering ,there are people outdoors ,0,0,5,1,3,1
cheerleaders are on the field cheering ,cheerleaders cheer on a field for an activity ,13,1,13,3,19,1
cheerleaders are on the field cheering ,people cheering ,0,0,10,1,8,1
cheerleaders are on the field cheering ,people sit on the snow covered bench ,0,0,8,2,5,0
cheerleaders are on the field cheering ,cheerleaders cheering ,13,1,13,2,20,1
cheerleaders are on the field cheering ,some football players are practicing a running play ,0,0,8,1,3,0
cheerleaders are on the field cheering ,an old man wearing a diaper ,0,0,5,0,0,0
a woman holding a boombox ,a man holding a boombox ,2,0,22,4,15,0
a woman holding a boombox ,a person holding a boombox ,2,0,20,4,15,1
a woman in a blue shirt and green hat looks up at the camera ,a woman wearing a blue shirt and green hat looks at the camera,8,0,34,12,16,1
a woman in a blue shirt and green hat looks up at the camera ,a woman wearing a blue shirt and green hat is on her cellphone,8,0,28,8,15,0
cheerleaders are doing a cheer at a football field ,the cheerleaders are wearing clothes ,0,0,17,2,15,1
cheerleaders are doing a cheer at a football field ,the cheerleaders are at the basketball arena ,0,0,17,3,17,0
an excited  smiling woman stands at a red railing as she holds a boombox to one side ,a human standing ,1,0,9,2,2,1
an excited  smiling woman stands at a red railing as she holds a boombox to one side ,nobody is standing ,0,0,6,0,0,0
a lady is kneeling wearing a blue shirt ,a lady is close to the floor ,10,1,10,4,7,1
a lady is kneeling wearing a blue shirt ,the woman is doing jumping jacks outside ,0,0,4,1,2,0
the silhouette of three people in front of a wall ,the people are by the wall ,4,0,9,3,13,1
the silhouette of three people in front of a wall ,the people are running down the country road ,4,0,9,2,9,0
two people wearing blue clothing are making hand gestures next to one another ,a man is sitting with his hands in his pockets ,0,0,5,0,0,0
two people wearing blue clothing are making hand gestures next to one another ,two people are next to each other ,11,1,11,5,13,1
a spotted black and white dog splashes in the water ,the dog is in the water,0,0,14,4,11,1
a spotted black and white dog splashes in the water ,the dog is eating out of his favorite bowl in the kitchen,0,0,8,3,8,0
a large group  wearing pink shirts  waves to onlookers ,a crowd gesticulates ,2,0,3,1,1,1
a large group  wearing pink shirts  waves to onlookers ,no one is watching them ,0,0,4,0,0,0
a baby is playing with a strand of beads ,the baby is sleeping ,0,0,9,2,6,0
a baby is playing with a strand of beads ,the baby is playing ,0,0,17,3,13,1
people are on a stage performing ,people are sleeping,11,1,11,2,9,0
people are on a stage performing ,pwople are on stage,1,0,12,3,10,1
a woman is running a marathon in a park ,the woman is running in her backyard ,0,0,18,4,14,0
a woman is running a marathon in a park ,the woman is outdoors ,0,0,10,2,7,1
a group of people point forwards while performing some kind of act ,a group of people point forwards while doing something ,39,1,39,8,19,1
a group of people point forwards while performing some kind of act ,a group of people fight using tigers ,18,1,18,5,13,0
several people are dancing together in sync ,kids are fighting each other ,0,0,5,1,3,0
several people are dancing together in sync ,people are dancing ,0,0,19,3,16,1
group of people dancing,people dance together,0,0,11,1,6,1
group of people dancing,dogs are mating,0,0,3,0,0,0
an adult couple enjoys time in a hot tub ,a couple is inside watching tv ,1,0,8,2,7,0
an adult couple enjoys time in a hot tub ,a couple is in a hot tub ,1,0,14,5,12,1
an average looking man is playing the guitar ,the man knows how to play guitar ,0,0,8,3,12,1
an average looking man is playing the guitar ,the man is playing the drums ,0,0,20,4,13,0
two tan and white dogs and one tan dog racing down the beach near the water ,three dogs are outside,1,0,8,1,4,1
two tan and white dogs and one tan dog racing down the beach near the water ,three dogs are laying in a couch,1,0,8,1,4,0
a man and woman are walking down the street holding hands ,a man and woman are walking down opposite sides of the street ,33,1,33,9,18,0
a man and woman are walking down the street holding hands ,a couple of people are holding hands while walking ,2,0,15,5,19,1
a man is using his computer while seated at a desk ,a woman drinks a beer at her desk ,2,0,6,4,7,0
a man is using his computer while seated at a desk ,a man sits at a desk ,6,0,11,5,9,1
a camera crew is filming two women in formal dresses sitting on a blanket in the middle of a park ,someone is filming ,0,0,12,2,9,1
a camera crew is filming two women in formal dresses sitting on a blanket in the middle of a park ,everyone wearing formal clothes is inside ,0,0,8,2,8,0
man sitting down playing a game of chess alone,a guy playing a board game by himself ,0,0,11,3,12,1
man sitting down playing a game of chess alone,the man taking a snooze ,0,0,6,2,4,0
young woman running as two guys in the back try to catch up to her ,group of people running,0,0,8,1,7,1
young woman running as two guys in the back try to catch up to her ,women has coffee with two guys,0,0,9,2,7,0
a man in a blue shirt sits outside alone with a chessboard laid out in front of him ,someone sitting outside behind a chessboard ,0,0,14,5,18,1
a man in a blue shirt sits outside alone with a chessboard laid out in front of him ,two elderly men playing scrabble ,0,0,2,0,0,0
a man dressed in blue shirt and shorts sits at a table while playing black in chess ,the man is jogging,0,0,5,1,3,0
a man dressed in blue shirt and shorts sits at a table while playing black in chess ,a man is playing a game,6,0,9,4,11,1
a young man in a blue blazer and shorts sits alone in front of table with a chess game set up ,a man sits in front of a set up chess game ,2,0,13,13,14,1
a young man in a blue blazer and shorts sits alone in front of table with a chess game set up ,a grandma plays a game of connect four at the rotary club meeting ,2,0,6,5,7,0
a young asian man sits behind a set chessboard waiting for the other player to arrive ,a young man is sitting ,8,0,8,4,9,1
a young asian man sits behind a set chessboard waiting for the other player to arrive ,a young man is on mars ,8,0,8,4,9,0
two young men drink beer  leaning on a graffitied wall ,the men are drinking ,1,0,6,1,3,1
two young men drink beer  leaning on a graffitied wall ,the men are being sprayed with cans of paint while they are passes out drunk in the alley ,1,0,5,1,3,0
a man being airlifted to safety after being in danger ,a man is being moved ,6,0,7,4,13,1
a man being airlifted to safety after being in danger ,the helicopter is putting people in a dangerous area ,0,0,7,2,3,0
people in a meeting setting paying attention to a speaker in an orange shirt ,the people are listening to music on their cd players ,0,0,7,2,8,0
people in a meeting setting paying attention to a speaker in an orange shirt ,the people are listening to a speaker ,0,0,14,5,15,1
a meeting of young people sitting at a conference table ,young people are at a party having fun,0,0,13,5,13,0
a meeting of young people sitting at a conference table ,young people are gathered around a table,0,0,13,5,16,1
a woman in a red shirt is speaking at a table in a room where three other people are listening to her ,the woman is swimming in the lake ,0,0,8,4,9,0
a woman in a red shirt is speaking at a table in a room where three other people are listening to her ,the woman is wearing a red shirt ,0,0,13,8,13,1
a woman talks to two other women and a man with notepads in an office building with large windows ,a woman talks to others indoors ,17,1,17,5,12,1
a woman talks to two other women and a man with notepads in an office building with large windows ,a man talks to ducks in a pond,2,0,13,6,10,0
a woman talks to two other women and a man with notepads in an office building with large windows ,a woman in an office building talks to two other women and a man with notepads,8,0,49,17,22,1
a woman talks to two other women and a man with notepads in an office building with large windows ,a woman talks to dogs inside an office building ,17,1,20,8,19,0
a woman talks to two other women and a man with notepads in an office building with large windows ,the woman is asleep at home,0,0,7,1,5,0
a woman talks to two other women and a man with notepads in an office building with large windows ,the people are outside of the building looking inside ,0,0,11,1,8,0
a woman talks to two other women and a man with notepads in an office building with large windows ,a woman is talking,8,0,8,3,7,1
a woman talks to two other women and a man with notepads in an office building with large windows ,four people stand near a wall speaking to each other ,0,0,7,4,8,1
a woman talks to two other women and a man with notepads in an office building with large windows ,a woman talks to three other women ,18,1,18,7,15,0
a woman talks to two other women and a man with notepads in an office building with large windows ,a woman talks to two other women ,33,1,33,8,15,1
a classroom of students discussing lecture ,the students are running in p e  class ,0,0,10,1,8,0
a classroom of students discussing lecture ,a classroom is discussing the topics of the day ,12,1,13,4,21,1
a man holds a clipboard and a pen as a woman looks at them ,the woman is asleep,0,0,7,1,5,0
a man holds a clipboard and a pen as a woman looks at them ,a woman is looking at a man s possessions,2,0,8,7,10,1
a man with a bright green shirt is talking to a woman in a pink shirt ,a couple are eating dinner ,2,0,4,4,3,0
a man with a bright green shirt is talking to a woman in a pink shirt ,a couple is talking ,2,0,12,6,10,1
a man in a green shirt holds out a clipboard for a woman in pink s attention ,a man wants a woman to look at his clipboard,6,0,10,7,17,1
a man in a green shirt holds out a clipboard for a woman in pink s attention ,a man takes off his shirt to get a womans attention,6,0,11,7,17,0
a man in a bright green shirt shows a woman in a bright pink shirt something on a clipboard ,a man is wearing a gold shirt,7,0,7,8,13,0
a man in a bright green shirt shows a woman in a bright pink shirt something on a clipboard ,a man shows a woman something ,6,0,15,9,19,1
a man in a bright green shirt shows a woman in a bright pink shirt something on a clipboard ,the man has something to tell the woman ,0,0,11,3,17,1
a man in a bright green shirt shows a woman in a bright pink shirt something on a clipboard ,two people are looking at a clipboard ,0,0,13,6,11,1
a man in a bright green shirt shows a woman in a bright pink shirt something on a clipboard ,the woman is wearing blue ,0,0,8,1,5,0
a man in a bright green shirt shows a woman in a bright pink shirt something on a clipboard ,there is a man and a woman ,0,0,9,7,9,1
a man in a bright green shirt shows a woman in a bright pink shirt something on a clipboard ,two people are looking at notes on an electronic tablet ,0,0,5,1,2,0
a man in a bright green shirt shows a woman in a bright pink shirt something on a clipboard ,the man is drinking a cup of coffee ,0,0,6,6,5,0
a man in a bright green shirt shows a woman in a bright pink shirt something on a clipboard ,a man is wearing a bright green shirt,7,0,21,11,17,1
a man in a bright green shirt shows a woman in a bright pink shirt something on a clipboard ,the woman shows the man a clipboard ,0,0,14,9,19,0
a man on a street in a bright t shirt holds some sort of tablet towards a woman in a pink t shirt and shades ,the man is on another street than the woman ,0,0,8,4,14,0
a man on a street in a bright t shirt holds some sort of tablet towards a woman in a pink t shirt and shades ,the man and woman are outdoors ,0,0,7,3,11,1
a man on a street in a bright t shirt holds some sort of tablet towards a woman in a pink t shirt and shades ,a man and a woman are outside ,6,0,9,8,11,1
a man on a street in a bright t shirt holds some sort of tablet towards a woman in a pink t shirt and shades ,a man and a woman are eating in a resteraunt ,6,0,9,10,11,0
a man on a street in a bright t shirt holds some sort of tablet towards a woman in a pink t shirt and shades ,a man is stealing a woman s tablet,6,0,9,8,14,0
a man on a street in a bright t shirt holds some sort of tablet towards a woman in a pink t shirt and shades ,a woman shows a cell phone to a person standing nearby ,2,0,8,6,7,0
a man on a street in a bright t shirt holds some sort of tablet towards a woman in a pink t shirt and shades ,a woman is shown a tablet by a man standing on the street ,2,0,9,10,17,1
a man on a street in a bright t shirt holds some sort of tablet towards a woman in a pink t shirt and shades ,there are some people in a street,0,0,10,9,12,1
a man on a street in a bright t shirt holds some sort of tablet towards a woman in a pink t shirt and shades ,the man handover the cell phone to the woman,0,0,6,2,8,0
a man on a street in a bright t shirt holds some sort of tablet towards a woman in a pink t shirt and shades ,a man is showing a woman something,6,0,9,7,9,1
a child with a yellow cup and milk all over his face ,the child has a clean face ,0,0,7,4,10,0
a child with a yellow cup and milk all over his face ,the child had milk all over his face ,0,0,25,6,13,1
two barefoot men are playing on a green lawn outside a building with other people in the background ,two men are barefoot on the lawn ,4,0,10,7,15,1
two barefoot men are playing on a green lawn outside a building with other people in the background ,two men in sandles are on the beach ,4,0,7,6,9,0
small laughing child with blond hair sitting at a table holding a green sippy cup ,the child is happy ,0,0,7,1,5,1
small laughing child with blond hair sitting at a table holding a green sippy cup ,a child is throwing a tantrum ,0,0,7,3,7,0
a little boy drinks milk and gets milk all over his face and table ,the dog eats mice,0,0,5,0,0,0
a little boy drinks milk and gets milk all over his face and table ,the kid has milk on his face,0,0,9,4,12,1
two pre teen girls listening to music on an mp  player with headphones ,thre are girls ,1,0,7,1,5,1
two pre teen girls listening to music on an mp  player with headphones ,the player is a cd player ,1,0,8,1,6,0
a man is running behind a dogsled being pulled by four dogs ,a man is being pulled by himself ,9,0,17,7,14,0
a man is running behind a dogsled being pulled by four dogs ,a man is running  behind a sled ,17,1,17,6,16,1
toddler with milk around his mouth ,a child has milk on their face ,0,0,6,1,4,1
toddler with milk around his mouth ,a child was making a mess with milk ,0,0,11,2,8,1
toddler with milk around his mouth ,a toddler with juice around his mouth ,0,0,18,5,18,0
toddler with milk around his mouth ,toddler eating milk ,8,0,8,2,11,0
toddler with milk around his mouth ,a child ,0,0,2,0,0,1
toddler with milk around his mouth ,toddler wearing mik,9,0,9,1,7,1
toddler with milk around his mouth ,a man spills beer on his shirt ,0,0,5,1,3,0
toddler with milk around his mouth ,the toddler has milk around the corners of his mouth ,1,0,13,5,18,1
toddler with milk around his mouth ,the toddler has icecream around his mouth ,1,0,18,4,18,0
toddler with milk around his mouth ,the child was well groomed ,1,0,2,0,0,0
a man dressed in warm clothing sleds behind four dogs in the snow ,the man is swimming with his dogs ,0,0,6,3,10,0
a man dressed in warm clothing sleds behind four dogs in the snow ,the man is outside sledding ,0,0,5,2,6,1
a cowboy roping a calf in a rodeo ,a man is working in an office on a laptop ,2,0,5,4,4,0
a cowboy roping a calf in a rodeo ,a person is performing ,2,0,4,3,3,1
men fish on a concrete slab ,men are sleeping in tents ,4,0,4,1,3,0
men fish on a concrete slab ,men are near the water ,4,0,4,1,3,1
a man wearing a blue shirt screaming or yelling with his arms raised up in the air ,a man makes a ruckus ,6,0,6,3,5,1
a man wearing a blue shirt screaming or yelling with his arms raised up in the air ,a man is relaxed ,6,0,6,3,5,0
four people near a body of water  one sitting and three standing  while two people walk on a nearby sidewalk ,one person swims in water,0,0,6,2,8,0
four people near a body of water  one sitting and three standing  while two people walk on a nearby sidewalk ,four people sitting near the pond ,12,1,12,5,19,0
four people near a body of water  one sitting and three standing  while two people walk on a nearby sidewalk ,one person sits while three stand near a body of water ,0,0,22,9,15,1
four people near a body of water  one sitting and three standing  while two people walk on a nearby sidewalk ,people are standing on stairs ,0,0,11,4,20,0
four people near a body of water  one sitting and three standing  while two people walk on a nearby sidewalk ,a group of people are inside a building ,0,0,8,5,14,0
four people near a body of water  one sitting and three standing  while two people walk on a nearby sidewalk ,the sidewalk is desolate and empty ,0,0,10,2,11,0
four people near a body of water  one sitting and three standing  while two people walk on a nearby sidewalk ,there are people on a sidewalk ,0,0,10,6,20,1
four people near a body of water  one sitting and three standing  while two people walk on a nearby sidewalk ,people are near water ,0,0,7,4,17,1
four people near a body of water  one sitting and three standing  while two people walk on a nearby sidewalk ,four people congregate near the water ,12,1,12,5,17,1
four people near a body of water  one sitting and three standing  while two people walk on a nearby sidewalk ,there are people outdoors ,0,0,8,2,12,1
two little girls lie on the carpet next to an o made of wooden blocks ,two girls are having a pillow fight ,4,0,7,2,8,0
two little girls lie on the carpet next to an o made of wooden blocks ,two girls lay next to wooden blocks ,4,0,15,6,17,1
people are fishing and walking next to the water ,people are fishing and walking next to the water ,49,1,49,9,20,1
people are fishing and walking next to the water ,people are swimming in the water ,11,1,11,4,14,0
two guys playing football on a campus green ,they are eating fried fish on the boat,1,0,5,1,2,0
two guys playing football on a campus green ,there are some guys in this picture,1,0,6,1,4,1
asian school children sitting on each others shoulders ,schoolchildren together,0,0,9,0,0,1
asian school children sitting on each others shoulders ,asian factory workers sitting ,6,0,9,2,12,0
a man wearing a red sweater is sitting on a car bumper watching another person work ,vehicles are slow at speed breaker,0,0,3,0,0,0
a man wearing a red sweater is sitting on a car bumper watching another person work ,there was a speed breaker on the road by which people are taking care,0,0,4,4,4,1
a man wearing a red sweater is sitting on a car bumper watching another person work ,people make speed fast at speed breaker ,0,0,3,0,0,0
a young woman frolicking on the lawn in front of the us capitol building ,a young woman having a picnic on the lawn in front of the capitol building ,14,1,29,12,20,0
a young woman frolicking on the lawn in front of the us capitol building ,a young lady playing in front of the capitol building ,8,0,18,9,20,1
a man wearing a multicolored striped shirt playing the guitar on the street,a man is hitting a child,6,0,6,3,5,0
a man wearing a multicolored striped shirt playing the guitar on the street,a man in a colorful shirt is playing an instrument ,6,0,9,5,15,1
a man wearing a colorful and striped sweater plays music in the street ,two goldfish are riding bikes in a giant pile of mashed potatoes ,0,0,4,3,4,0
a man wearing a colorful and striped sweater plays music in the street ,the man is playing music on an instrument ,0,0,7,3,11,1
a man wearing a multi color coat is playing the guitar on the street ,the man plays guitar,0,0,7,4,12,1
a man wearing a multi color coat is playing the guitar on the street ,the woman is getting her nails done,0,0,4,3,8,0
street performer in colorful shirt performing with small guitar ,the street performer is sleeping on a park bench ,0,0,18,2,15,0
street performer in colorful shirt performing with small guitar ,a street performer is trying to earn extra money ,0,0,18,2,15,1
two men are painting a building while a third is walking past on his cellphone ,a building is being painted ,0,0,11,4,11,1
two men are painting a building while a third is walking past on his cellphone ,no one ever comes to this unpainted and dilapidated building ,0,0,10,1,8,0
two men are on scaffolding as they paint above a storefront while a man on the sidewalk stands next to them talking on the phone ,three men are outside ,1,0,10,2,6,1
two men are on scaffolding as they paint above a storefront while a man on the sidewalk stands next to them talking on the phone ,no one is on a phone ,0,0,7,6,9,0
a blue excavator digging a large hold in cement ,a child was there,2,0,3,2,2,1
a blue excavator digging a large hold in cement ,not watched at alll,0,0,2,0,0,0
a man with khaki shorts on is holding a little girls hand while she walks in the water of a creek ,a man is holding a girls hand and walking through a creek ,6,0,15,9,17,1
a man with khaki shorts on is holding a little girls hand while she walks in the water of a creek ,a man with jean shorts on is holding a little girls hand while she flies a kite ,11,1,52,14,19,0
two women are walking down a dirt path carrying loads on their heads ,two horses running in a field ,4,0,4,2,4,0
two women are walking down a dirt path carrying loads on their heads ,two people are walking down a path ,4,0,20,6,15,1
a street vendor in asia tries to bring in more customers ,a vendor trying to attract costumers ,2,0,8,3,9,1
a street vendor in asia tries to bring in more customers ,a man closing his shop for the day ,2,0,4,1,1,0
young woman in a cafe checking her cellphone ,the woman is knitting ,0,0,8,1,5,0
young woman in a cafe checking her cellphone ,a woman is inside ,0,0,8,2,6,1
a woman and a girl are playing in a field of leaves,two people are outside ,0,0,5,1,3,1
a woman and a girl are playing in a field of leaves,a man is playing in a field ,2,0,20,6,14,0
two small girls walk along the leaves ,the two girls are outside ,1,0,7,3,11,1
two small girls walk along the leaves ,the two girls are riding their bikes ,1,0,7,3,11,0
a girl wearing a blue shirt  shorts  and sneakers is seated on a stool at a round table  looking at her phone ,the girl is sitting ,0,0,6,2,6,1
a girl wearing a blue shirt  shorts  and sneakers is seated on a stool at a round table  looking at her phone ,the girl is wearing a green shirt ,0,0,11,8,16,0
young lady dressed in black shorts and light blue shirt sitting outside at a public table looking at a picture on her camera with her left hand on her face ,a lady is using a cat to take pictures ,0,0,8,3,6,0
young lady dressed in black shorts and light blue shirt sitting outside at a public table looking at a picture on her camera with her left hand on her face ,a young lady is riding her bike down a bike trail ,0,0,11,7,12,0
young lady dressed in black shorts and light blue shirt sitting outside at a public table looking at a picture on her camera with her left hand on her face ,a young lady is looking at a picture ,0,0,22,8,19,1
young lady dressed in black shorts and light blue shirt sitting outside at a public table looking at a picture on her camera with her left hand on her face ,a lady looks at a picture on her camera,0,0,27,12,17,1
young lady dressed in black shorts and light blue shirt sitting outside at a public table looking at a picture on her camera with her left hand on her face ,a lady looks at her phone ,0,0,6,8,10,0
young lady dressed in black shorts and light blue shirt sitting outside at a public table looking at a picture on her camera with her left hand on her face ,lady sits gazing at a camera ,0,0,9,6,12,1
young lady dressed in black shorts and light blue shirt sitting outside at a public table looking at a picture on her camera with her left hand on her face ,young lady sits in a private area ,11,1,11,5,11,0
young lady dressed in black shorts and light blue shirt sitting outside at a public table looking at a picture on her camera with her left hand on her face ,a young lady is looking at her camera ,0,0,12,11,18,1
young lady dressed in black shorts and light blue shirt sitting outside at a public table looking at a picture on her camera with her left hand on her face ,a young lady is on her cellphone ,0,0,11,9,12,0
young lady dressed in black shorts and light blue shirt sitting outside at a public table looking at a picture on her camera with her left hand on her face ,a lady at a table takes pictures ,0,0,8,6,11,1
a woman sitting at a table  taking a picture ,the woman is sitting down,0,0,9,2,12,1
a woman sitting at a table  taking a picture ,the woman is sleeping ,0,0,7,1,5,0
a woman in a blue shirt is sitting at a table and looking at her cellphone ,a woman looking at her cellphone,8,0,25,9,21,1
a woman in a blue shirt is sitting at a table and looking at her cellphone ,a man looking out the window,2,0,9,4,9,0
a boy in a blue  yellow  and orange shirt holding his arms out from his sides ,the boy is trying to pass a sobriety test ,0,0,6,3,5,0
a boy in a blue  yellow  and orange shirt holding his arms out from his sides ,a boy in a tri colored shirt has his arms out to the side ,11,1,14,9,12,1
a boy in a blue  yellow  and orange shirt holding his arms out from his sides ,the boy is wearing a shirt ,0,0,7,4,9,1
a boy in a blue  yellow  and orange shirt holding his arms out from his sides ,he is wearing a multicolored shirt,0,0,6,3,7,1
a boy in a blue  yellow  and orange shirt holding his arms out from his sides ,the boy does not have his arms out,0,0,13,5,10,0
a boy in a blue  yellow  and orange shirt holding his arms out from his sides ,the boy is young ,0,0,6,1,3,1
a boy in a blue  yellow  and orange shirt holding his arms out from his sides ,a boy is folding clean laundry ,7,0,7,3,5,0
a boy in a blue  yellow  and orange shirt holding his arms out from his sides ,the shirt is blue ,0,0,8,2,9,0
a boy in a blue  yellow  and orange shirt holding his arms out from his sides ,a boy in multi colored shirt hold his arms out from his sides,9,0,28,11,14,1
a boy in a blue  yellow  and orange shirt holding his arms out from his sides ,a girl dressed in bikinis walk graciously past a group of gentlemen at the beach,2,0,4,3,4,0
the boy in the blue and yellow top is standing with arms outstretched ,a boy is wearing a shirt,0,0,6,2,5,1
the boy in the blue and yellow top is standing with arms outstretched ,the boy in the blue and yellow top is standing with arms outstretched    feet wide ,70,1,70,13,26,0
a boy in a blue  yellow  and orange shirt plays outside ,a boy in a shirt plays outside ,11,1,21,7,17,1
a boy in a blue  yellow  and orange shirt plays outside ,a boy in a dress plays indoors ,11,1,11,5,10,0
a child with a brightly colored shirt plays outside ,the child is inside his apartment ,0,0,7,1,5,0
a child with a brightly colored shirt plays outside ,the child is outdoors in his bright colored shirt ,0,0,15,3,17,1
a boy looks down and spreads his arms wide,a boy is holding his arms out ,6,0,10,4,10,1
a boy looks down and spreads his arms wide,a boy has his arms crossed over his chest ,6,0,11,4,10,0
a man wearing a gray sweater walking through a pile of leaves ,the man is taking his driving test ,0,0,5,1,3,0
a man wearing a gray sweater walking through a pile of leaves ,the man is outside ,0,0,5,1,3,1
a lady wearing a blue print shirt and green head cover smiles for the camera ,a lady wearing a dress ,17,1,17,4,12,0
a lady wearing a blue print shirt and green head cover smiles for the camera ,a lady wearing a blue shirt ,22,1,22,6,16,1
the man wearing lots of medals is watching the girl in the yellow bikini top ,a man dances with a woman in a gown ,0,0,5,2,5,0
the man wearing lots of medals is watching the girl in the yellow bikini top ,a decorated man sees a scantily clad female ,0,0,5,1,3,1
a young man in his mid twenties is kicking his left foot about two feet off the leaf covered ground  with paved asphalt and green plants and trees in the background ,two women play soccer,0,0,6,1,3,0
a young man in his mid twenties is kicking his left foot about two feet off the leaf covered ground  with paved asphalt and green plants and trees in the background ,someone in his twenties kicks at the ground,0,0,10,8,17,1
a woman wearing a green headscarf laughs while a woman in the background paddles a boat ,a man is angered by an insult ,2,0,5,4,3,0
a woman wearing a green headscarf laughs while a woman in the background paddles a boat ,a woman laughs while another paddles a boat ,8,0,16,10,18,1
young people playing with a long jump rope in the street ,people crying after losing a game ,0,0,7,2,7,0
young people playing with a long jump rope in the street ,people playing jump rope ,0,0,15,4,17,1
a group of children play jump rope in the streets while others watch in the background ,several children are jumping rope in the middle of a road while other kids watch,0,0,13,10,18,1
a group of children play jump rope in the streets while others watch in the background ,a brilliant red sun sets over a deserted beach,2,0,4,1,1,0
hispanic woman wearing a red plaid shirt works on sewing an article of clothing ,woman wearing nothing sewing her thumb ,0,0,14,3,18,0
hispanic woman wearing a red plaid shirt works on sewing an article of clothing ,woman wearing a shirt sewing ,0,0,16,5,18,1
a group of young girls playing jump rope in the street ,nobody is playing jump rope,0,0,19,3,15,0
a group of young girls playing jump rope in the street ,humans playing jump rope,0,0,19,3,15,1
a man in a tan suit is using a pay phone to make a call ,everyone is using a cell phone ,0,0,12,7,12,0
a man in a tan suit is using a pay phone to make a call ,someone is on a phone ,0,0,7,6,8,1
some children are playing jump rope ,some children are reading books ,18,1,18,3,15,0
some children are playing jump rope ,children are jumping rope ,0,0,13,3,15,1
a large golden dog sniffing the butt of a white dog,two dogs drinking from a water fountain ,0,0,4,2,2,0
a large golden dog sniffing the butt of a white dog,two animals getting to know each other ,0,0,5,0,0,1
a sumo wrestler with a brown belt is pushing another wrestler in a bout ,two kickboxers excersise in the gym ,0,0,4,1,2,0
a sumo wrestler with a brown belt is pushing another wrestler in a bout ,two sumo wrestlers compete in a match ,0,0,14,5,7,1
two large dogs greet other while their owners watch ,the dogs see each other,1,0,7,2,9,1
two large dogs greet other while their owners watch ,stray dogs are playing,0,0,6,1,4,0
a man in a red and black jacket  blue shirt  lots of silver necklaces  and his blue jeans falling down  checks out a woman wearing a black leather jacket  yellow bra  pink fingerless gloves  and sunglasses ,a boy is playing with a toy truck ,2,0,4,4,3,0
a man in a red and black jacket  blue shirt  lots of silver necklaces  and his blue jeans falling down  checks out a woman wearing a black leather jacket  yellow bra  pink fingerless gloves  and sunglasses ,a man is wearing many silver necklaces ,7,0,18,8,22,1
woman with green sweater and sunglasses smiling,a woman with blue sweater is crying ,0,0,11,3,16,0
woman with green sweater and sunglasses smiling,a woman with a green sweater has a happy expression ,0,0,15,4,17,1
a woman with dark hair is wearing a green sweater ,a woman is wearing a tank top ,8,0,14,5,14,0
a woman with dark hair is wearing a green sweater ,a woman is there ,8,0,8,4,8,1
a smiling lady in a green jacket at a public gathering ,a happy woman smiling,2,0,8,4,9,1
a smiling lady in a green jacket at a public gathering ,a woman wearing a bathing suit at the beach with her friends,2,0,5,4,4,0
a woman in a green jacket and black sunglasses outside in a crowd ,the woman is not near anyone ,0,0,8,1,5,0
a woman in a green jacket and black sunglasses outside in a crowd ,a woman is outside ,9,0,10,5,13,1
a lady with sunglasses on her head and a green sweatshirt is looking off camera ,a woman is wearing a green sweatshirt ,2,0,20,5,17,1
a lady with sunglasses on her head and a green sweatshirt is looking off camera ,a woman is wearing a maroon sweatshirt ,2,0,13,4,13,0
a climber is making his way up a snowy mountainside ,a climber is ascending,13,1,13,4,10,1
a climber is making his way up a snowy mountainside ,a climber is at base camp,13,1,13,4,10,0
a man dressed in snow gear takes a leap into a snow covered ravine ,a man is outdoors ,6,0,6,4,5,1
a man dressed in snow gear takes a leap into a snow covered ravine ,a man is indoors drinking hot chocolate ,6,0,6,4,5,0
a lone person jumping through the air from one snowy mountain to another ,a person jumps in the air ,2,0,12,4,12,1
a lone person jumping through the air from one snowy mountain to another ,a person sits in the snow ,2,0,8,3,10,0
a man in shorts and a white garment stands at the base of stairs framed by black railing ,a woman is waiting for someone framed by white fencing ,2,0,11,5,13,0
a man in shorts and a white garment stands at the base of stairs framed by black railing ,a man stands at the bottom of the stairs ,6,0,16,8,15,1
a man doing tricks in the snow ,there is no snow where the man is,0,0,6,3,10,0
a man doing tricks in the snow ,the man is outside ,0,0,5,2,6,1
two asian people sit at a blue table in a food court ,the people are buying sunglasses ,1,0,8,1,6,0
two asian people sit at a blue table in a food court ,two people are seated together ,4,0,8,2,9,1
indian couple holding child near riverbank ,a couple is holding a child,0,0,9,3,18,1
indian couple holding child near riverbank ,a couple is sleeping with their baby at home,0,0,8,1,6,0
a bunch of people playing soccer ,a bunch of people are playing soccer,18,1,18,6,19,1
a bunch of people playing soccer ,people are playing american football,0,0,10,2,13,0
a soccer player jumping in air during a game ,a soccer player taking flight across the field during a game ,16,1,16,6,18,0
a soccer player jumping in air during a game ,a soccer player jumping up while a game is in progess ,24,1,24,7,19,1
a shot on goal action photo of soccer players in red and black uniforms ,a hockey player nails his first hat trick,2,0,7,1,1,0
a shot on goal action photo of soccer players in red and black uniforms ,a player has a penalty kick,2,0,7,1,1,1
the red team knocked the ball toward the goal and the black team tried to block it ,the red and black team are playing a game ,8,0,12,9,13,1
the red team knocked the ball toward the goal and the black team tried to block it ,the teams are in blue and orange ,4,0,5,5,9,0
six soccer players on field with player in red uniform in the air and ball airborne ,people are playing soccer ,0,0,8,1,6,1
six soccer players on field with player in red uniform in the air and ball airborne ,six people are playing basketball ,4,0,5,1,3,0
two little kids showing their american pride in their star spangled wagon ,two adults mix up a batch of margaritas ,4,0,4,1,3,0
two little kids showing their american pride in their star spangled wagon ,two kids are with a wagon ,4,0,7,3,12,1
a young man in a red quilted vest displays an assortment of silver pendants around his neck as he watches a woman in a yellow bikini top  a black jacket  and bright pink fingerless gloves go by ,there is no jewelry ,0,0,4,0,0,0
a young man in a red quilted vest displays an assortment of silver pendants around his neck as he watches a woman in a yellow bikini top  a black jacket  and bright pink fingerless gloves go by ,someone is browsing jewelry ,0,0,3,0,0,1
girl is blowing to a butterfly ,the girl blows a butterfly ,0,0,13,3,14,1
girl is blowing to a butterfly ,the girl sneezes on a butterfly ,0,0,13,3,14,0
an elderly couple dances next to a table where a boy is sitting with his head down ,a young man has his head on the table ,1,0,10,5,12,1
an elderly couple dances next to a table where a boy is sitting with his head down ,a young man is playing the drums ,1,0,4,3,4,0
a small girl stands among many large watermelons ,there is a girl standing,0,0,11,2,5,1
a small girl stands among many large watermelons ,there is a girl sitting near the watermelon,0,0,12,2,5,0
an elderly couple dance in front of a juke box while a guy in shorts sleeps at a nearby table,an old couple dance in by a juke box while a dude wearing shorts sleeps near a table,3,0,20,14,18,1
an elderly couple dance in front of a juke box while a guy in shorts sleeps at a nearby table,two cats sing karoake,0,0,4,0,0,0
an elderly couple  both wearing white shirts  dancing and a young male sitting at a table ,the couple is dancing together ,0,0,9,2,13,1
an elderly couple  both wearing white shirts  dancing and a young male sitting at a table ,the couple is sitting with the male ,0,0,9,3,17,0
a child stoops to pick up a watermelon from a large pile of them ,a person is near a watermelon ,2,0,14,4,12,1
a child stoops to pick up a watermelon from a large pile of them ,a woman is alone  planting watermelon seeds in a garden in the spring ,2,0,12,4,12,0
a small girl dressed in a yellow dress with flowers on it bends over near a large pile of watermelons ,the girl is under the age of    years old ,0,0,6,2,6,1
a small girl dressed in a yellow dress with flowers on it bends over near a large pile of watermelons ,the girl is alone and asleep in her bedroom ,0,0,6,2,6,0
a little girl picking up a watermelon from a pile ,a girl is picking up an orange ,2,0,13,6,13,0
a little girl picking up a watermelon from a pile ,a girl is picking an item up ,2,0,9,6,13,1
a young girl in a flowery dress surrounded by watermelons,there is a lot of fruit ,0,0,3,2,2,1
a young girl in a flowery dress surrounded by watermelons,there are only potatoes ,0,0,2,0,0,0
a man in a blue jacket screaming ,a man is making a loud noise ,7,0,7,3,5,1
a man in a blue jacket screaming ,a man is whispering ,7,0,7,3,5,0
children playing a game in a field ,adults playing a game ,0,0,16,4,12,0
children playing a game in a field ,children playing a game ,24,1,24,5,19,1
a seated woman with short hair and a camera throws a frisbee to a brown dog ,the woman throws a frisbee to the dog ,0,0,21,9,18,1
a seated woman with short hair and a camera throws a frisbee to a brown dog ,the woman is chasing the dog that took her camera ,0,0,8,3,14,0
asian city scene of people in street with bright lights and glass buildings behind ,people are in the street ,0,0,8,3,14,1
asian city scene of people in street with bright lights and glass buildings behind ,the asian city is full of fields ,0,0,11,3,11,0
asian city scene of people in street with bright lights and glass buildings behind ,the asian city is full of sights ,0,0,11,3,11,1
asian city scene of people in street with bright lights and glass buildings behind ,people are in the street in toronto ,0,0,8,3,14,0
asian city scene of people in street with bright lights and glass buildings behind ,city people in street,0,0,17,4,16,1
asian city scene of people in street with bright lights and glass buildings behind ,a group of people are sitting in a field,1,0,11,3,10,0
asian city scene of people in street with bright lights and glass buildings behind ,there are people in an urban area ,0,0,11,2,8,1
asian city scene of people in street with bright lights and glass buildings behind ,there are people in front of buildings that are brightly lit ,0,0,11,4,17,1
asian city scene of people in street with bright lights and glass buildings behind ,city streetwalkers,0,0,7,1,4,0
asian city scene of people in street with bright lights and glass buildings behind ,it is an american city ,0,0,8,1,4,0
a man is painting a portrait of an outside scene that includes a street sign with a bicycle chained to it ,a woman is drawing a microorganism ,2,0,7,5,4,0
a man is painting a portrait of an outside scene that includes a street sign with a bicycle chained to it ,a man is painting a landscape of an outdoors area ,20,1,20,9,13,1
an older man stands on the sidewalk painting the view ,the old man is painting a view of a bathroom ,0,0,10,5,15,0
an older man stands on the sidewalk painting the view ,the old man is painting a portrait ,0,0,10,4,14,1
a crowded street  in an asian country  where the buildings are dominated by the seiko building ,the street is empty ,0,0,8,3,12,0
a crowded street  in an asian country  where the buildings are dominated by the seiko building ,the buildings are tall ,0,0,18,4,15,1
a crowded street  in an asian country  where the buildings are dominated by the seiko building ,nobody is on the street in asia ,0,0,8,4,12,0
a crowded street  in an asian country  where the buildings are dominated by the seiko building ,the crowds are at an indoor swimming meet ,0,0,6,4,9,0
a crowded street  in an asian country  where the buildings are dominated by the seiko building ,the seiko building is large ,0,0,19,4,16,1
a crowded street  in an asian country  where the buildings are dominated by the seiko building ,lots of people are in the street,0,0,7,5,12,1
a crowded street  in an asian country  where the buildings are dominated by the seiko building ,there was a storm so nobody went outside,0,0,5,1,1,0
a crowded street  in an asian country  where the buildings are dominated by the seiko building ,there is a crowded street ,0,0,17,3,14,1
a crowded street  in an asian country  where the buildings are dominated by the seiko building ,a crowded street in asia ,17,1,17,4,15,1
a crowded street  in an asian country  where the buildings are dominated by the seiko building ,a crowded street in america ,17,1,17,4,15,0
a small boy has gotten into the cabinet and gotten flour and crisco all over himself ,the boy is playing the violin ,0,0,5,2,6,0
a small boy has gotten into the cabinet and gotten flour and crisco all over himself ,the boy is making a mess ,0,0,5,3,7,1
a male painting a scene in front of him ,a person is painting ,2,0,10,3,10,1
a male painting a scene in front of him ,a girl is painting a self portrait ,2,0,13,3,10,0
busy japanese intersection like maybe tokyo ,there are no cars on the street ,0,0,3,0,0,0
busy japanese intersection like maybe tokyo ,there are lots of cars on the street ,0,0,3,0,0,1
cars are passing through a town ,some car passing outside,0,0,9,1,7,1
cars are passing through a town ,cars are parked in the town ,11,1,11,3,11,0
a picture of a city with a sign welcoming travelers on a busy street ,a picture of a city is on a street,20,1,20,9,17,1
a picture of a city with a sign welcoming travelers on a busy street ,the people are dancing,0,0,3,0,0,0
overlooking a street with a sign above shops that states welcome to golden ,the shop sign says   welcome to golden ,0,0,19,4,17,1
overlooking a street with a sign above shops that states welcome to golden ,the shop sign is laying on the sidewalk ,0,0,6,1,4,0
there are cars driving down a street with a sign displaying welcome to golden ,the cars are parked in a showroom ,3,0,7,4,8,0
there are cars driving down a street with a sign displaying welcome to golden ,the cars are outside ,3,0,7,2,7,1
a main street scene of a small town with an overhead welcome sign that says  welcome to golden  ,a neon sign reads  now leaving golden ,2,0,8,4,11,0
a main street scene of a small town with an overhead welcome sign that says  welcome to golden  ,a sign reads  welcome to golden ,2,0,21,7,20,1
little girl in brown shirt and blue jean skirt dances on wood floor ,a girl is dancing in a brown shirt and blue jean skirt on a wooden floor,0,0,33,10,15,1
little girl in brown shirt and blue jean skirt dances on wood floor ,poop s on the floor while the girl dances,0,0,7,4,15,0
a young man is performing a jump on a skateboard while another young man photographs his stunt ,two boys are skateboarding outside ,0,0,11,0,0,1
a young man is performing a jump on a skateboard while another young man photographs his stunt ,two boys are riding bikes down the street ,0,0,4,0,0,0
a young girl dancing in her socks on a wooden floor strewn with pink balloons ,a girl is enjoying herself ,2,0,6,3,6,1
a young girl dancing in her socks on a wooden floor strewn with pink balloons ,the girl seems very sad about the blue balloons ,0,0,10,2,12,0
child with pink strings on head dancing surrounded by confetti  balloons ,a child is roller skating ,0,0,6,1,5,0
child with pink strings on head dancing surrounded by confetti  balloons ,a child is dancing ,0,0,9,2,12,1
a good looking firefighter sets up  do not cross  tape in the city ,a firefighter is sleeping ,2,0,13,2,12,0
a good looking firefighter sets up  do not cross  tape in the city ,a firefighter sets up a do not cross,2,0,21,7,20,1
a good looking firefighter sets up  do not cross  tape in the city ,a firefighter sets up tape in a city,2,0,21,7,19,1
a fireman protects an area by setting up a boundary while others watch ,a fireman is working hard to keep people safe ,10,1,10,3,9,1
a fireman protects an area by setting up a boundary while others watch ,a fireman is trying to run away from the fire ,10,1,10,3,9,0
the blond girl is dancing inside a house ,the girl is sitting on a bench in a park ,4,0,9,4,9,0
the blond girl is dancing inside a house ,a person is indoors ,0,0,4,2,3,1
two people standing in front of a large statue of a woman  other statues and busts visible in the background ,two people waiting in line for food at a crowded restaurant ,11,1,11,6,11,0
two people standing in front of a large statue of a woman  other statues and busts visible in the background ,two people standing standing near a large statue  with other states nearby ,20,1,20,8,20,1
a man with a white covering is walking up a flight of stairs ,an old woman is falling down the stairs ,1,0,8,2,8,0
a man with a white covering is walking up a flight of stairs ,a human walks up some stairs ,2,0,8,5,9,1
a family between a van and fence,a family by a van ,10,1,10,4,10,1
a family between a van and fence,a family by a pickup truck ,10,1,10,3,8,0
a woman talking to four little children outside ,a female adult is near some kids ,2,0,3,1,1,1
a woman talking to four little children outside ,a teacher is reading a book in class ,2,0,4,1,1,0
a mother with her four children ,a man with his pets ,3,0,7,2,5,0
a mother with her four children ,a woman with children ,2,0,10,3,13,1
a woman and a few children in an alleyway in between a vehicle and a fence ,the woman and children are in their dining room ,0,0,11,6,16,0
a woman and a few children in an alleyway in between a vehicle and a fence ,several people in an alleyway ,0,0,16,4,12,1
a woman in a floral dress talks to children in front of a van ,a woman is talking to children ,9,0,13,6,15,1
a woman in a floral dress talks to children in front of a van ,a woman is screaming at her kid ,9,0,9,4,7,0
two men with heads down signing a paper ,the men jump off a bridge ,1,0,5,2,4,0
two men with heads down signing a paper ,the two men sign something ,1,0,8,2,6,1
a man and a woman having an intimate conversation in front a statue ,a couple are having a conversation,2,0,13,5,19,1
a man and a woman having an intimate conversation in front a statue ,a couple are having dinner in a restaurant ,2,0,8,5,9,0
a man in a tour de force shirt is working on a bicycle ,a woman is biking ,2,0,5,4,4,0
a man in a tour de force shirt is working on a bicycle ,a man is working on a bike ,7,0,19,7,12,1
a young toddler wearing pink sandals is walking on hopscotch numbers ,a grown man wearing pink sandals plays hopscotch ,2,0,22,5,23,0
a young toddler wearing pink sandals is walking on hopscotch numbers ,a baby walks on the ground ,2,0,5,2,3,1
a man wearing blue plays soccer ,man playing soccer,0,0,7,2,9,1
a man wearing blue plays soccer ,man playing basketball,0,0,5,1,3,0
mothers with children talking at a gathering ,the mothers are yelling at the children ,0,0,10,3,17,0
mothers with children talking at a gathering ,the mothers are having conversations ,0,0,8,1,7,1
two women are talking while children are sitting on their laps ,the man is painting a house ,1,0,5,0,0,0
two women are talking while children are sitting on their laps ,some women are talking ,0,0,19,4,15,1
two women  each embracing a little girl  catch up at a small family gathering ,  women are carrying little girls ,0,0,12,2,11,1
two women  each embracing a little girl  catch up at a small family gathering ,the women left their children behind ,1,0,7,1,5,0
two women holding children talking to one another ,two women are running at the park looking for their children ,10,1,10,3,16,0
two women holding children talking to one another ,there are at least four people ,1,0,4,0,0,1
two women  each with a child  look at each other ,the women have no kids,1,0,7,1,5,0
two women  each with a child  look at each other ,women are with their kids,0,0,6,2,9,1
a black and white dog carries a stick in his mouth as he swims in the clear water ,the water is empty,0,0,7,2,8,0
a black and white dog carries a stick in his mouth as he swims in the clear water ,a dog is outside,2,0,5,3,5,1
a black and white dog with a stick in its mouth is swimming ,a dog with an object in it s mouth is in the water ,2,0,11,7,12,1
a black and white dog with a stick in its mouth is swimming ,a cat with a stick in its mouth is in a bathtub ,2,0,30,8,14,0
a pirate is chasing a princess down the sidewalk ,pirate doing the hokey pokey,0,0,7,2,9,0
a pirate is chasing a princess down the sidewalk ,pirate on the sidewalk,0,0,14,3,17,1
a dog is fetching a stick out of very clear water ,a dog is fetching a stick out of very clear water ,50,1,50,11,18,1
a dog is fetching a stick out of very clear water ,a dog is sleeping on the front porch ,9,0,9,4,6,0
a dog in the water carries a stick in his mouth ,a dog is going for a walk in the park ,7,0,8,6,8,0
a dog in the water carries a stick in his mouth ,a dog carries a stick in his mouth ,6,0,30,9,17,1
two children are running down a sidewalk dressed in costumes ,kids are getting in a fight ,0,0,5,3,6,0
two children are running down a sidewalk dressed in costumes ,two kids are running ,4,0,13,3,13,1
  little boy wearing a pirate costume following closely behind a little girl wearing a blue dress carrying a orange pumpkin bucket and walking down the sidewalk ,boy in costume followed by a girl in costume ,0,0,15,7,14,1
  little boy wearing a pirate costume following closely behind a little girl wearing a blue dress carrying a orange pumpkin bucket and walking down the sidewalk ,a boy in a clown costume followed by a girl ,0,0,15,7,14,0
a little boy in a pirate costume is running behind a little girl in a princess costume carrying an orange pumpkin along the sidewalk ,the kids are sitting in their desks during class ,0,0,4,3,7,0
a little boy in a pirate costume is running behind a little girl in a princess costume carrying an orange pumpkin along the sidewalk ,two kids wearing costumes are outside ,0,0,8,0,0,1
a man with a gray shirt holds a young infant in his hands ,a man is wearing a shirt ,6,0,7,5,9,1
a man with a gray shirt holds a young infant in his hands ,the man has a yellow shirt ,0,0,7,5,9,0
two girls  each in a dress walking together ,two girls slapped each other ,10,1,10,3,12,0
two girls  each in a dress walking together ,two girls are doing exercise ,10,1,10,2,8,1
a group of people are sitting around a table under a blue sunshade ,girl plays nintendo,0,0,2,0,0,0
a group of people are sitting around a table under a blue sunshade ,people sit around table,0,0,8,3,17,1
people in line for plates of rice ,people are waiting to eat ,7,0,7,1,6,1
people in line for plates of rice ,people are sitting down eating ,7,0,7,1,6,0
people sitting down to eat ,people are about to eat ,7,0,8,3,11,1
people sitting down to eat ,people milling about after a concert ,7,0,7,1,6,0
several men sit outside on brick ledges built around tall trees ,some men are sitting outdoors ,1,0,5,1,3,1
several men sit outside on brick ledges built around tall trees ,the men are chopping down the trees ,0,0,7,2,8,0
workers are eating a meal while one man sits on a pile of plywood ,workers are resting during a meal break ,12,1,12,5,14,1
workers are eating a meal while one man sits on a pile of plywood ,workers are talking and sitting on metal beams ,12,1,12,3,12,0
workers are taking a break during midday ,workers are diligently building a house ,12,1,12,3,11,0
workers are taking a break during midday ,workers are on break ,12,1,12,3,15,1
workers are sitting next to a work zone eating food ,the workers are sitting eating food,0,0,20,5,20,0
workers are sitting next to a work zone eating food ,the workers are waiting for next work,0,0,12,4,15,1
biker riding dirt bike on dirt track,he is paddling a canoe ,0,0,4,0,0,0
biker riding dirt bike on dirt track,human rides two wheeled vehicle ,0,0,4,0,0,1
a motorcycle racer is in action at the track ,the racer is driving ,0,0,11,3,10,1
a motorcycle racer is in action at the track ,the motorcycle racer is running,0,0,21,4,18,0
a blond woman with her hair up is taking off a white sweatshirt ,a woman is taking off a blue shirt ,2,0,17,6,14,0
a blond woman with her hair up is taking off a white sweatshirt ,a woman is blonde,2,0,7,4,8,1
a person is a red hat and winter jacket is looking into the distance ,the person stares off into the distance ,0,0,19,4,18,1
a person is a red hat and winter jacket is looking into the distance ,a man sends a telegram ,2,0,4,2,2,0
a man riding a dirt bike,the man is in a car ,0,0,5,3,5,0
a man riding a dirt bike,the man is walking ,0,0,5,1,3,0
a man riding a dirt bike,a man is swimming ,6,0,6,3,5,0
a man riding a dirt bike,a man is driving a car ,6,0,6,3,5,0
a man riding a dirt bike,a human is riding a vehicle ,2,0,10,3,8,1
a man riding a dirt bike,a man is outside ,6,0,6,3,5,1
a man riding a dirt bike,woman riding bike,0,0,11,2,10,0
a man riding a dirt bike,man riding bike,0,0,11,3,13,1
a man riding a dirt bike,a man is on a dirt bike ,6,0,12,5,11,1
a man riding a dirt bike,a guy is driving a dirt bike ,2,0,15,4,9,1
a man is sitting with his head facing down  while other people are looking in his direction ,the man is being stared at ,0,0,8,2,5,1
a man is sitting with his head facing down  while other people are looking in his direction ,the man is staring everyone down ,0,0,9,3,9,0
small blond haired girl drinking a glass of juice ,the girl drinking the juice has brown hair ,0,0,15,3,17,0
small blond haired girl drinking a glass of juice ,a girl is holding a glass ,0,0,12,3,10,1
a person in a red coat and a running black and brown dog ,a person in a red dress is running behind a black animal ,18,1,18,8,18,1
a person in a red coat and a running black and brown dog ,a person in a red dress is cooking ,18,1,18,6,11,0
a woman in a red jacket watches as a black and brown dog runs away from her in woodland clearing ,a woman is wearing a red jacket,9,0,13,6,14,1
a woman in a red jacket watches as a black and brown dog runs away from her in woodland clearing ,a woman is wearing a blue jacket,9,0,9,5,12,0
outside by the trees  a woman wearing jeans and red jacket throws something for a german shepherd to chase ,a woman throws something for a dog ,0,0,24,6,20,1
outside by the trees  a woman wearing jeans and red jacket throws something for a german shepherd to chase ,a person throwing something for her dog ,0,0,15,4,13,1
outside by the trees  a woman wearing jeans and red jacket throws something for a german shepherd to chase ,a dog throws something for its woman ,0,0,22,6,20,0
outside by the trees  a woman wearing jeans and red jacket throws something for a german shepherd to chase ,a woman climbing a tree ,0,0,8,3,7,0
outside by the trees  a woman wearing jeans and red jacket throws something for a german shepherd to chase ,a person and their pet are outdoors,0,0,5,3,5,1
outside by the trees  a woman wearing jeans and red jacket throws something for a german shepherd to chase ,a man in a dog costume is staring creepily through a restaurant window ,0,0,6,2,2,0
outside by the trees  a woman wearing jeans and red jacket throws something for a german shepherd to chase ,a woman and an animal are interacting outdoors ,0,0,8,4,9,1
outside by the trees  a woman wearing jeans and red jacket throws something for a german shepherd to chase ,a woman and a german shepherd are pictured,0,0,19,6,19,1
outside by the trees  a woman wearing jeans and red jacket throws something for a german shepherd to chase ,a woman sits in a movie theater,0,0,8,3,7,0
outside by the trees  a woman wearing jeans and red jacket throws something for a german shepherd to chase ,a woman plays with her cat in a grassy field,0,0,8,3,7,0
a dog is preparing to run away from a person interacting with it ,a dog is nearby a person,9,0,9,5,11,1
a dog is preparing to run away from a person interacting with it ,a cat is playing with some string,2,0,9,4,7,0
a woman in a black and orange jacket throws a stick for a brown and black dog to fetch ,a woman is interacting with a dog ,9,0,9,6,9,1
a woman in a black and orange jacket throws a stick for a brown and black dog to fetch ,a woman is brushing her dog ,9,0,9,6,9,0
two men trying to build something together  while having fun ,two men are laughing and enjoying themselves ,8,0,8,2,6,1
two men trying to build something together  while having fun ,two men are sleeping on the floor ,8,0,8,2,6,0
three people are sitting on a bench ,a few people are laying down ,0,0,12,3,10,0
three people are sitting on a bench ,there are people sitting down ,2,0,10,3,16,1
two women and one man sit on a bench ,the women and the man are on a bench ,1,0,12,6,13,1
two women and one man sit on a bench ,the bench is not really there ,1,0,7,1,5,0
a man and two women sitting on a bench ,a few people share a bench ,2,0,9,3,7,1
a man and two women sitting on a bench ,six women sit on a bench ,0,0,12,5,12,0
a man and two women in black jackets holding umbrellas sit on a long wooden bench ,people are on a bench,0,0,6,4,8,1
a man and two women in black jackets holding umbrellas sit on a long wooden bench ,a man is sitting on a bench with    women ,6,0,7,6,13,0
man in red canada shirt standing with three men in army uniform,man eating pizza,4,0,4,1,3,0
man in red canada shirt standing with three men in army uniform,man standing with three men in army uniform,4,0,40,9,20,1
man in red canada shirt standing with three men in army uniform,man standing with three men in army uniform near school,4,0,40,9,20,0
skydivers in formation ,they are on the ground,0,0,3,0,0,0
skydivers in formation ,people are skydiving ,0,0,6,0,0,1
a woman checks her purse while at a outside cafe ,a man checks his back pocket for his wallet,2,0,12,3,8,0
a woman checks her purse while at a outside cafe ,a person looks in her purse at a restaurant ,2,0,11,5,10,1
the cowboy waves to the rodeo crowd ,the clown was waving to the crowd ,5,0,8,4,11,0
the cowboy waves to the rodeo crowd ,the cowboy waved to the crowd ,15,1,15,5,14,1
a woman is sitting at an outdoor dining table ,a person is indoors ,2,0,5,2,3,0
a woman is sitting at an outdoor dining table ,a person is sitting down ,2,0,13,3,10,1
lady wearing a yellow top is sitting on a chair,a lady wearing a yellow top is standing on the kitchen table ,0,0,30,8,17,0
lady wearing a yellow top is sitting on a chair,a woman with a yellow to sits ,0,0,12,3,8,1
a child is pushing another kid in a wheeler dressed in a red top and wearing a cap ,the children a eating lunch ,0,0,6,4,3,0
a child is pushing another kid in a wheeler dressed in a red top and wearing a cap ,children enjoy playing together ,0,0,5,0,0,1
a cowboy is riding a bucking bull in a rodeo arena ,a man rides a horse on a trail ,2,0,4,3,3,0
a cowboy is riding a bucking bull in a rodeo arena ,a cowboy rides a bull at a rodeo ,9,0,9,6,15,1
a blond child is pulling a wagon with a little blond boy in it ,a child is pulling a toy wagon ,2,0,20,7,17,1
a blond child is pulling a wagon with a little blond boy in it ,a child is swimming ,2,0,10,5,8,0
a man wearing a tan coat signs papers for another man wearing a blue coat ,one man writes on papers  while another man stands by ,0,0,13,4,16,1
a man wearing a tan coat signs papers for another man wearing a blue coat ,a male lifeguard busily saves someone s life while his companion simply scratches his head ,4,0,4,3,3,0
a groom and a bride are standing on the grass with his hand on her waist ,the groom and bride are sitting at the table ,0,0,12,5,13,0
a groom and a bride are standing on the grass with his hand on her waist ,a groom and bride are standing outside ,12,1,21,7,18,1
a man is singing into a microphone ,a man is reciting poetry ,9,0,9,4,6,0
a man is singing into a microphone ,someone is making music ,0,0,4,1,2,1
a girl wearing a blue and pink swimsuit is throwing stones into a lake ,one boy drinks coke zero,0,0,3,0,0,0
a girl wearing a blue and pink swimsuit is throwing stones into a lake ,girl throws stones,0,0,7,2,10,1
a man and a woman being intimate  with their legs in the water ,two dudes are in the pool,0,0,8,2,5,0
a man and a woman being intimate  with their legs in the water ,a man and woman are getting intimate,10,1,12,6,16,1
a group of people stand on a grassy field ,people are standing on a grassy field,0,0,18,6,17,1
a group of people stand on a grassy field ,a group of people are sitting in the bleachers,18,1,18,5,13,0
men in uniform work together ,uniformed men work ,0,0,7,2,7,1
men in uniform work together ,men in beach clothes work by themselves at the park ,7,0,7,3,9,0
an elderly woman places carrots into a casserole ,an elderly woman puts beets into a casserole,18,1,19,6,21,0
an elderly woman places carrots into a casserole ,an elderly woman puts carrots into a casserole,18,1,26,7,23,1
a man in a gray vehicle feeding sheep ,the man is outside ,0,0,6,1,3,1
a man in a gray vehicle feeding sheep ,the man is riding a horse ,0,0,6,3,5,0
three men are grouped around the back of a car with its tailgate out  two of the men clothed in yellow uniforms and one in blue , three men are grouped around the back of a car ,0,0,47,13,18,1
three men are grouped around the back of a car with its tailgate out  two of the men clothed in yellow uniforms and one in blue ,three men are swimming in a lake ,14,1,14,7,11,0
three men  two wearing yellow suits  are looking in the back of a car ,three men looking at a car ,10,1,10,5,15,1
three men  two wearing yellow suits  are looking in the back of a car ,three men breaking into a car ,10,1,10,4,11,0
emergency personnel looking into the back of a car ,people are looking in a car ,0,0,11,3,11,1
emergency personnel looking into the back of a car ,emergency personnel are eating ,20,1,20,2,18,0
some firefighters check a vehicle ,firefighters are checking a car ,0,0,13,2,13,1
some firefighters check a vehicle ,firefighters are rescuing a cat from the tree ,0,0,13,2,13,0
a man in a kitchen is frying breaded food in a cast iron pan ,got some oceanfront property in arizona ,0,0,5,2,4,0
a man in a kitchen is frying breaded food in a cast iron pan ,a man cooks ,6,0,6,4,5,1
a woman in colorful garb with her back to the camera and cloth on her hear ,a woman has her back to the camera ,8,0,24,8,15,1
a woman in colorful garb with her back to the camera and cloth on her hear ,a nun is praying ,2,0,3,1,1,0
a woman in colorful native attire featuring a blue shirt with a colorful design displays her dark hair braided with red ribbons ,a woman is dressed stylishly in native garb ,9,0,9,6,13,1
a woman in colorful native attire featuring a blue shirt with a colorful design displays her dark hair braided with red ribbons ,a woman is dressed to run track ,9,0,9,4,7,0
oddly dressed man walking down the street ,an oddly dressed man walking ,0,0,26,4,19,1
oddly dressed man walking down the street ,a woman enjoying a walk ,0,0,5,0,0,0
a man in ruffles pushes a stroller through a park ,the man is pushing the stroller through his house ,0,0,18,3,18,0
a man in ruffles pushes a stroller through a park ,the man is pushing a stroller ,0,0,12,5,12,1
an oddly dressed man pushing a stroller down a sidewalk in a park ,the man is walking his dog on the beach ,0,0,5,1,3,0
an oddly dressed man pushing a stroller down a sidewalk in a park ,a man wearing weird clothes is walking through a park ,1,0,8,5,8,1
a smiling man cooks something delicious ,the man is cooking,0,0,5,1,3,1
a smiling man cooks something delicious ,the child colors with crayons,0,0,3,0,0,0
a young man wearing a backpack and sunglasses is walking towards a shopping area ,a man walks near a store,2,0,6,4,5,1
a young man wearing a backpack and sunglasses is walking towards a shopping area ,two ducks quacking at each other,0,0,5,0,0,0
a young man wearing a backpack and dark glasses approaches the brick building where there is a bit of graffiti on the wall ,the young man has glasses on his face ,0,0,11,6,15,1
a young man wearing a backpack and dark glasses approaches the brick building where there is a bit of graffiti on the wall ,there is nothing on the wall but bricks ,0,0,13,6,12,0
a brown dog running with two white and brown dogs on the seashore with crashing waves behind them ,the dogs were indorrs waiting for their dinner,0,0,6,2,7,0
a brown dog running with two white and brown dogs on the seashore with crashing waves behind them ,the dogs were outdoors running along the shore,0,0,9,3,14,1
a young man in blue sunglasses walking in front of a red brick building ,a guy with red glasses is sitting here ,2,0,8,3,5,0
a young man in blue sunglasses walking in front of a red brick building ,man in blue glasses walking pass a building,0,0,16,8,19,1
a dog jumps to catch a toy in the snow ,a dog jumps to catch a toy in waikiki ,30,1,30,8,13,0
a dog jumps to catch a toy in the snow ,an animal is jumping in a place that is not hot ,1,0,5,3,4,1
black dog jumping into the air to catch a toy in the snow ,the dog is in the snow ,0,0,13,5,10,1
black dog jumping into the air to catch a toy in the snow ,the dog is playing dead ,0,0,5,3,9,0
a black dog in snow is jumping off the ground to catch a stick ,a dog is catching a stick ,2,0,9,5,10,1
a black dog in snow is jumping off the ground to catch a stick ,a cat is playing fetch ,2,0,4,3,4,0
a person is hanging up pictures of women with a few onlookers watching surrounded by bikes ,people are paying attention to the person hanging pictures,0,0,9,3,21,1
a person is hanging up pictures of women with a few onlookers watching surrounded by bikes ,there are people watching another person hang up pictures ,0,0,15,4,22,1
a person is hanging up pictures of women with a few onlookers watching surrounded by bikes ,the people are in the ocean,0,0,3,0,0,0
a person is hanging up pictures of women with a few onlookers watching surrounded by bikes ,the person is hanging pictures ,0,0,19,4,21,1
a person is hanging up pictures of women with a few onlookers watching surrounded by bikes ,no one is hanging up pictures at all ,0,0,24,4,17,0
a person is hanging up pictures of women with a few onlookers watching surrounded by bikes ,somebody is hanging up pictures while people watch ,0,0,24,4,17,1
a person is hanging up pictures of women with a few onlookers watching surrounded by bikes ,the people are outdoors ,0,0,3,0,0,1
a person is hanging up pictures of women with a few onlookers watching surrounded by bikes ,a creepy guy is putting his favorite photos of the woman he s stalking up in his shrine to her ,2,0,7,5,6,0
a person is hanging up pictures of women with a few onlookers watching surrounded by bikes ,the person is sleeping ,0,0,11,2,8,0
a person is hanging up pictures of women with a few onlookers watching surrounded by bikes ,the person is cooking in a cafeteria ,0,0,11,4,9,0
five men  one wearing a white shirt standing on something  hanging up a picture of a child ,men are hanging something on the wall ,0,0,11,4,19,1
five men  one wearing a white shirt standing on something  hanging up a picture of a child ,the men are walking to the nearest gentleman s club ,0,0,6,1,3,0
five men  one wearing a white shirt standing on something  hanging up a picture of a child ,a group of men are hanging a picture on a wall ,0,0,12,8,17,1
five men  one wearing a white shirt standing on something  hanging up a picture of a child ,a man in a black shirt hangs a picture ,0,0,11,5,13,0
five men  one wearing a white shirt standing on something  hanging up a picture of a child ,there s a group of men hanging up a picture ,0,0,22,8,17,1
five men  one wearing a white shirt standing on something  hanging up a picture of a child ,five men are helping a child to hang a picture ,9,0,11,7,16,0
five men  one wearing a white shirt standing on something  hanging up a picture of a child ,a man is hanging a picture of a child ,0,0,22,7,19,1
five men  one wearing a white shirt standing on something  hanging up a picture of a child ,a man is hanging up a picture of a child ,0,0,33,8,19,1
five men  one wearing a white shirt standing on something  hanging up a picture of a child ,some men are outside in a field ,0,0,6,4,5,0
five men  one wearing a white shirt standing on something  hanging up a picture of a child ,a man is holding up a child ,0,0,9,5,8,0
there are four eastern guys working on and hanging pictures of humans ,the women are working ,3,0,9,2,10,0
there are four eastern guys working on and hanging pictures of humans ,the men are working ,3,0,9,2,10,1
a man in a white shirt hangs a painting in a run down store while other men watch ,men are indoors ,0,0,4,1,3,1
a man in a white shirt hangs a painting in a run down store while other men watch ,men are at a football game ,0,0,4,5,5,0
men are playing soccer  the one in front is about to kick the ball ,the guys are standing on a dock ,0,0,5,3,9,0
men are playing soccer  the one in front is about to kick the ball ,the guys are playing a game ,0,0,13,4,13,1
a man is putting up a poster in front of a shop ,the man is taking down the poster ,0,0,8,3,11,0
a man is putting up a poster in front of a shop ,a man is cleaning a bathroom in a shop ,9,0,9,7,9,0
a man is putting up a poster in front of a shop ,the man is waiting for a bus ,0,0,8,5,6,0
a man is putting up a poster in front of a shop ,a woman walks into a comic book shop ,2,0,6,4,6,0
a man is putting up a poster in front of a shop ,a man is decorating a shop ,9,0,9,6,9,1
a man is putting up a poster in front of a shop ,the man is putting up a poster ,0,0,28,8,16,1
a man is putting up a poster in front of a shop ,the man is indoors ,0,0,8,2,5,0
a man is putting up a poster in front of a shop ,a man hangs a poster in front of a shop ,6,0,29,9,15,1
a man is putting up a poster in front of a shop ,there is a man in front of the shop ,0,0,13,9,12,1
a man is putting up a poster in front of a shop ,a man is standing in front of a shop ,9,0,20,9,12,1
the arsenal football club warms up on the soccer field as a few fans watch ,a basketball team during warm ups ,0,0,6,1,1,0
the arsenal football club warms up on the soccer field as a few fans watch ,a football soccer club during warm ups ,0,0,10,4,18,1
soccer players warm up by kicking the soccer ball around while the crowd waits ,the players were on a bus which broke down on the highway,0,0,10,3,13,0
soccer players warm up by kicking the soccer ball around while the crowd waits ,the crowd looked on while the players prepared themselves ,0,0,11,5,17,1
people sit and relax next to a pool in a plaza ,this is the pool of queen elizabeth ii  and these people are hessians from the revolutionary war ,0,0,7,3,13,0
people sit and relax next to a pool in a plaza ,people lounge about a pool ,7,0,8,4,11,1
in a bowling alley  a man holding a green bowling ball looks ahead at the pins that he must knock down ,a man is bowling ,0,0,9,6,17,1
in a bowling alley  a man holding a green bowling ball looks ahead at the pins that he must knock down ,the man is bowling with a frozen turkey ,0,0,9,7,17,0
a man wearing blue jeans and red bowling shoes stands in a bowling alley lane with a green ball in his hand ,a man stands in a bowling alley lane ,6,0,32,11,20,1
a man wearing blue jeans and red bowling shoes stands in a bowling alley lane with a green ball in his hand ,a man sits in an airport ,6,0,6,6,7,0
a guy stands with a green bowling ball in his hand  and looks down the bowling lane ,some man play football ,0,0,5,0,0,0
a guy stands with a green bowling ball in his hand  and looks down the bowling lane ,a man plays bowling ,2,0,9,4,15,1
a man holding a green bowling ball stands by the ball return machine in a bowling alley ,a woman holding a green bowling ball stands by the ball return machine in a bowling alley ,2,0,86,16,21,0
a man holding a green bowling ball stands by the ball return machine in a bowling alley ,a person holding a green bowling ball stands by the ball return machine in a bowling alley ,2,0,84,16,21,1
a man is standing up holding a green bowling ball with his right hand ,a man is riding a horse on the beach ,9,0,9,4,6,0
a man is standing up holding a green bowling ball with his right hand ,a man is bowling ,9,0,9,5,12,1
a group of people sitting at a table outside talking ,a group sits outside while talking ,8,0,10,5,19,1
a group of people sitting at a table outside talking ,a man stands at the bar ordering drinks for his friends ,2,0,4,3,4,0
a group of men and women are having a discussion in a restaurant ,a group of men and women converse,25,1,25,8,13,1
a group of men and women are having a discussion in a restaurant ,a crowd has a discussion in a hospital,2,0,19,5,13,0
a group of adults is having a discussion at a table under a tent ,people are having a discussion ,0,0,21,6,17,1
a group of adults is having a discussion at a table under a tent ,the old dog is eating potatoes ,0,0,4,1,2,0
a group of people sitting around a picnic table ,the people are standing in the gym ,0,0,8,1,6,0
a group of people sitting around a picnic table ,the people are near the table ,0,0,8,2,11,1
a group of people gathers on the grass in a backyard with tents  tables  and chairs set up ,a group of people gathering on the concrete ,24,1,24,7,14,0
a group of people gathers on the grass in a backyard with tents  tables  and chairs set up ,a group of people gathering on the grass ,24,1,24,8,16,1
one soccer team is playing against another ,people are playing a sport ,0,0,10,1,7,1
one soccer team is playing against another ,no one is playing soccer ,0,0,12,4,16,0
a black dog swimming in water near rocks ,a dog is laying in front of a fireplace ,2,0,7,3,6,0
a black dog swimming in water near rocks ,a dog is outside playing in the water ,2,0,7,4,10,1
the three boys are all holding onto a flotation device in the water ,three boys are in a body of water ,2,0,15,6,14,1
the three boys are all holding onto a flotation device in the water ,the three boys are surfing ,19,1,19,5,12,0
a soccer game where the team in yellow is attempting to advance past the team in white towards the goalie wearing a black top and blue shorts ,a soccer game is in progress ,14,1,14,7,12,1
a soccer game where the team in yellow is attempting to advance past the team in white towards the goalie wearing a black top and blue shorts ,the team in yellow is playing a hockey game ,0,0,22,12,14,0
a soccer game where the team in yellow is attempting to advance past the team in white towards the goalie wearing a black top and blue shorts ,the goalie wants to prevent a goal ,0,0,12,7,12,1
a soccer game where the team in yellow is attempting to advance past the team in white towards the goalie wearing a black top and blue shorts ,the goalie is sitting down on the sideline  wearing a white top and red shorts ,0,0,11,12,19,0
a soccer game where the team in yellow is attempting to advance past the team in white towards the goalie wearing a black top and blue shorts ,a soccer game is happening ,14,1,14,5,12,1
a soccer game where the team in yellow is attempting to advance past the team in white towards the goalie wearing a black top and blue shorts ,the soccer goalie  is wearing long pants ,0,0,9,7,19,0
a soccer game where the team in yellow is attempting to advance past the team in white towards the goalie wearing a black top and blue shorts ,the team in yellow is defending ,0,0,22,9,14,0
a soccer game where the team in yellow is attempting to advance past the team in white towards the goalie wearing a black top and blue shorts ,no game is playing ,0,0,6,2,6,0
a soccer game where the team in yellow is attempting to advance past the team in white towards the goalie wearing a black top and blue shorts ,a group of people are playing a game of soccer ,2,0,8,4,11,1
a soccer game where the team in yellow is attempting to advance past the team in white towards the goalie wearing a black top and blue shorts ,there is a soccer game with a team in yellow ,0,0,16,10,16,1
a group of people are playing soccer and two players from opposing teams are battling for the ball ,a soccer game ,2,0,8,2,7,1
a group of people are playing soccer and two players from opposing teams are battling for the ball ,men playing baseball ,0,0,9,1,7,0
a soccer match between a team with white jerseys  and a team with yellow jerseys ,a competition is happening ,2,0,2,3,3,1
a soccer match between a team with white jerseys  and a team with yellow jerseys ,the teams play street hockey ,0,0,5,0,0,0
a young woman is playing the violin ,the woman is eating her violin ,0,0,10,4,14,0
a young woman is playing the violin ,the young violinist is a woman ,0,0,7,5,13,1
people relax around a large community fountain in a park ,business men are working near a fountain ,0,0,10,3,10,0
people relax around a large community fountain in a park ,community members are spending time in the park near a foundtain ,0,0,10,5,15,1
a woman playing the violin with sunglasses on her head ,someone is playing an instrument,0,0,9,1,7,1
a woman playing the violin with sunglasses on her head ,a woman is eating dinner,8,0,8,2,6,0
a female violinist surrounded by other violinists ,a female violinist surrounded by wolverines ,33,1,33,5,25,0
a female violinist surrounded by other violinists ,a violinist among other string musicians,2,0,11,3,15,1
a man  wearing revolutionary period clothes  is ringing a bell ,a man  wearing a revolutionary apparel is making noise with a bell ,15,1,15,7,24,1
a man  wearing revolutionary period clothes  is ringing a bell ,a man is outside riding his bike ,6,0,6,4,6,0
a couple of people working around a pile of rocks ,people are working ,0,0,10,2,13,1
a couple of people working around a pile of rocks ,people are playing on a playground ,0,0,7,3,8,0
a man wearing a gray cap is looking down ,a man is wearing a cap,6,0,11,6,13,1
a man wearing a gray cap is looking down ,a man is looking up,6,0,12,5,12,0
an older man dressed in blue historical clothing is ringing a bell in his right hand ,police pepper spray protesters,0,0,3,0,0,0
an older man dressed in blue historical clothing is ringing a bell in his right hand ,man ringing a bell,0,0,15,4,14,1
three young children consisting of two girls and a boy who is holding an apple with a bite out of it  are posing on a scenic mountain view background ,three children are kicking the camera man ,6,0,10,3,16,0
three young children consisting of two girls and a boy who is holding an apple with a bite out of it  are posing on a scenic mountain view background ,the boy ate the entire apple ,2,0,7,2,8,0
three young children consisting of two girls and a boy who is holding an apple with a bite out of it  are posing on a scenic mountain view background ,the three young childeren were hold an apple with a bite on it,2,0,23,11,15,1
three young children consisting of two girls and a boy who is holding an apple with a bite out of it  are posing on a scenic mountain view background ,girls and boys are having fun outdoors,0,0,10,3,11,1
three young children consisting of two girls and a boy who is holding an apple with a bite out of it  are posing on a scenic mountain view background ,the kids are swimming,2,0,5,1,3,0
three young children consisting of two girls and a boy who is holding an apple with a bite out of it  are posing on a scenic mountain view background ,the elderly women are posing for a picture ,2,0,12,5,10,0
three young children consisting of two girls and a boy who is holding an apple with a bite out of it  are posing on a scenic mountain view background ,kids pose in front of a mountain background ,0,0,12,7,20,1
three young children consisting of two girls and a boy who is holding an apple with a bite out of it  are posing on a scenic mountain view background ,a woman drinks wine ,0,0,3,3,3,0
three young children consisting of two girls and a boy who is holding an apple with a bite out of it  are posing on a scenic mountain view background ,three children pose for a picture ,6,0,10,5,14,1
three young children consisting of two girls and a boy who is holding an apple with a bite out of it  are posing on a scenic mountain view background ,a group of children are posing ,0,0,12,8,17,1
two little girls  one in a green jacket and one in a pink jacket  and a little boy in a green jacket holding an apple sitting on a rock ,three kids are sitting on a rock ,1,0,20,8,13,1
two little girls  one in a green jacket and one in a pink jacket  and a little boy in a green jacket holding an apple sitting on a rock ,a bunch of old people sit on a rock ,0,0,11,7,7,0
an old man wearing khaki pants and a brown shirt standing on the sidewalk in front of a building ,the old man is standing outside of a building ,0,0,15,8,19,1
an old man wearing khaki pants and a brown shirt standing on the sidewalk in front of a building ,an old man is standing by a building in downtown ,11,1,12,8,19,1
an old man wearing khaki pants and a brown shirt standing on the sidewalk in front of a building ,the old man is taking a nap at a house ,0,0,9,5,9,0
a man in costume is ringing a bell ,a man in costume is reading a book ,21,1,21,6,12,0
a man in costume is ringing a bell ,a man is playing an instrument ,7,0,7,4,6,1
two female medical personnel read their charts ,the women work in the health field ,1,0,4,0,0,1
two female medical personnel read their charts ,the women are playing a game of badminton ,1,0,3,0,0,0
a person in an orange shirt is laying on the ground while others are standing around her  smiling ,the person is in blue and running,0,0,9,4,11,0
a person in an orange shirt is laying on the ground while others are standing around her  smiling ,a person in orange,12,1,12,4,14,1
two men stand around a mixing bowl ,two men are around a bowl ,8,0,10,5,13,1
two men stand around a mixing bowl ,two men are eating junk food in a car ,8,0,8,3,7,0
five people on stage performing and acting while girl lay s on belly ,the group of actors performs on the street corner ,0,0,8,2,4,0
five people on stage performing and acting while girl lay s on belly ,a groups of people acts on stage ,0,0,10,4,13,1
four people are acting behind a woman in a yellow shirt is lying on the ground ,a woman is lying down ,0,0,10,5,12,1
four people are acting behind a woman in a yellow shirt is lying on the ground ,people are dancing outside in the rain ,0,0,11,4,12,0
two men cook together with a metal bowl  near a hanging plant ,two men discussing on business in office,8,0,8,2,6,0
two men cook together with a metal bowl  near a hanging plant ,near a hanging plant  a metal bowl was used to cook by two mens,0,0,21,9,17,1
a woman on a yellow shirt is on the floor ,a woman on top of her clothes ,11,1,11,5,9,1
a woman on a yellow shirt is on the floor ,a woman sleeping on her bed,8,0,8,5,9,0
two men share a laugh while in the kitchen ,two men are in the kitchen ,8,0,17,5,13,1
two men share a laugh while in the kitchen ,two men engage in a fight while in the kitchen ,8,0,22,7,15,0
two men are cooking in the kitchen using rice milk ,the men go out to eat at a restaurant ,1,0,5,2,6,0
two men are cooking in the kitchen using rice milk ,two guys cook using some rice milk ,4,0,11,4,13,1
a man windsurfs in a wetsuit ,a man is swimming in the ocean ,6,0,6,4,6,0
a man windsurfs in a wetsuit ,a man is windsurfing ,6,0,9,3,5,1
a kite surfer begins to fall in the ocean ,a kite surfer is falling,14,1,14,3,11,1
a kite surfer begins to fall in the ocean ,a kite surfer is flying,14,1,14,3,11,0
a windsurfer is balancing on choppy water ,there is a windsurfer balancing on choppy water ,0,0,27,7,25,1
a windsurfer is balancing on choppy water ,there is a windsurfer who fell on the ground ,0,0,13,4,14,0
a man wakeboards on choppy water ,a woman wakeboards on choppy water ,2,0,31,5,21,0
a man wakeboards on choppy water ,a man is wakeboarding ,6,0,10,2,4,1
a man parasails in the choppy water ,the water was choppy as the man parasailed ,0,0,13,4,14,1
a man parasails in the choppy water ,the man parasailed in the calm water ,0,0,13,4,11,0
a woman in a white dress with a tiara sings in a chorus  which has a row of men in sailor hats ,the chorus is singing ,0,0,8,1,6,1
a woman in a white dress with a tiara sings in a chorus  which has a row of men in sailor hats ,the woman wearing a tiara is getting married ,0,0,9,7,11,0
a child using a woodworking tool,the child is in the bathroom,0,0,7,1,5,0
a child using a woodworking tool,the child is working with wood ,0,0,8,1,5,1
a little kid enjoying some sledding on a winter day ,the kid is wearing skates ,0,0,6,1,3,0
a little kid enjoying some sledding on a winter day ,there is snow on the ground ,0,0,4,1,2,1
a person is looking at water jets ,the person is at a car lot ,0,0,11,4,10,0
a person is looking at water jets ,the person is interested in a water jet ,0,0,11,4,13,1
two people enjoying a water fountain display ,two people by a fountain,11,1,11,4,17,1
two people enjoying a water fountain display ,one dog sleeping,0,0,3,0,0,0
a boy in a red and blue shirt painting a log ,a boy painting a log ,6,0,16,6,14,1
a boy in a red and blue shirt painting a log ,a girl aslee on a log ,2,0,7,4,5,0
child in red and blue shirt painting a log ,a log is being painted by a child ,0,0,6,3,9,1
child in red and blue shirt painting a log ,a child in a multicolored shirt is painting a log,0,0,15,6,18,1
child in red and blue shirt painting a log ,the log is chasing the child ,0,0,6,2,8,0
child in red and blue shirt painting a log ,the child is painting the wood ,0,0,10,2,13,1
child in red and blue shirt painting a log ,the child is painting ,0,0,10,2,13,1
child in red and blue shirt painting a log ,the child in the purple shirt is playing basketball ,0,0,9,3,12,0
child in red and blue shirt painting a log ,the child uses a log to float down the river ,0,0,7,3,9,0
child in red and blue shirt painting a log ,the child is wearing a green shirt ,0,0,7,3,11,0
child in red and blue shirt painting a log ,the child is painting ,0,0,10,2,13,1
child in red and blue shirt painting a log ,this crazy dog in a yellow shirt learned how to paint ,0,0,7,3,8,0
two people are next to a fountain with a red bottom and arches of water ,a man is sitting on the couch ,0,0,2,2,2,0
two people are next to a fountain with a red bottom and arches of water ,two people are next to a fountain together ,34,1,34,8,18,1
an expectant woman happily lets another listen to the baby inside of her ,a woman shares photos of her unborn child smiling ,1,0,8,3,10,0
an expectant woman happily lets another listen to the baby inside of her ,a pregnant lady shares the sounds of her pregnancy ,1,0,8,3,8,1
soccer players on a field from a distance ,soccer players are in a jacuzzi ,15,1,15,4,14,0
soccer players on a field from a distance ,there are soccer players on the field ,0,0,18,4,18,1
busy chinatown street corner where people are walking past an open front store ,the people hang out in france ,0,0,9,1,6,0
busy chinatown street corner where people are walking past an open front store ,there are people in chinatown ,0,0,11,3,18,1
a girl wearing a dress is blowing bubbles at a dock ,a human wearing a dress ,2,0,17,5,13,1
a girl wearing a dress is blowing bubbles at a dock ,a man wearing a dress at the dock ,2,0,17,7,16,0
a man wearing a blue shirt is sitting on a brick planter next to some paintings ,a man is sitting down ,6,0,12,6,12,1
a man wearing a blue shirt is sitting on a brick planter next to some paintings ,a man is walking down the street ,6,0,6,5,6,0
a child in formal clothing is walking along the edge of a stony area that is littered in places ,the ground is pristine ,0,0,4,3,7,0
a child in formal clothing is walking along the edge of a stony area that is littered in places ,someone is wearing formal clothes ,0,0,13,3,10,1
a young boy wearing a light blue jacket walks across the brick patio ,boy walks accross patio,0,0,9,3,13,1
a young boy wearing a light blue jacket walks across the brick patio ,girl sits on floor,0,0,2,0,0,0
a young boy with a blue coat makes a funny face as he walks towards the grass ,the child was walking near the grass making a funny face ,0,0,14,7,14,1
a young boy with a blue coat makes a funny face as he walks towards the grass ,the man was walking near the grass making a funny face ,0,0,14,7,14,0
a little boy with a blue jacket is making a sour face at the camera ,the boy is smiling broadly ,0,0,6,3,8,0
a little boy with a blue jacket is making a sour face at the camera ,the boy mugs for the camera ,0,0,12,3,12,1
people in a truck full of sacks in a field full of sheep ,nobody in a truck,0,0,11,5,9,0
people in a truck full of sacks in a field full of sheep ,some humans in a truck,0,0,11,5,9,1
three construction workers posing with construction materials ,the workers are standing still ,2,0,9,1,7,1
three construction workers posing with construction materials ,the workers are doctors ,2,0,9,1,7,0
three people stand proudly by a truck stocked with building supplies in the street ,peole stand by a building supply truck ,0,0,15,5,18,1
three people stand proudly by a truck stocked with building supplies in the street ,a woman bowls a perfect game ,0,0,3,1,1,0
three working men smile in front of a truck while holding construction equipment ,there is no one working today ,2,0,10,1,7,0
three working men smile in front of a truck while holding construction equipment ,there are three men working ,2,0,9,3,15,1
three men are smiling and posing behind a truck loaded with various construction supplies ,three men are not smiling,14,1,14,4,15,0
three men are smiling and posing behind a truck loaded with various construction supplies ,three men are smiling,21,1,21,4,15,1
a view of a marketplace full of people in an asian country ,a lonely place in east africa ,2,0,6,3,4,0
a view of a marketplace full of people in an asian country ,a view of a crowed place in an asian country ,12,1,22,9,16,1
a woman in blue jeans and a dark jacket walks in front of a building ,a woman walked pasted the front of a building ,8,0,21,7,18,1
a woman in blue jeans and a dark jacket walks in front of a building ,the woman is wearing pink shorts and blue jacket ,0,0,8,4,15,0
the surfer catches a big wave but stays on his board ,the person is surfing ,4,0,5,1,3,1
the surfer catches a big wave but stays on his board ,the person is skating ,4,0,4,1,3,0
the dogs run and play with a red ball ,the dogs are playing with a ball ,9,0,9,5,12,1
the dogs run and play with a red ball ,the ball is blue ,4,0,6,2,7,0
a white dog running in the backyard ,the dog is running ,0,0,9,3,13,1
a white dog running in the backyard ,the dog is sleeping ,0,0,6,2,6,0
a woman wearing orange looking upward ,a woman gazes at her shoes,8,0,8,2,6,0
a woman wearing orange looking upward ,a woman gazes skyward,8,0,8,2,6,1
gray dog running down pavement toward laundry line in courtyard ,a dog is stuck in a tree ,0,0,5,2,5,0
gray dog running down pavement toward laundry line in courtyard ,a dog is running outdoors ,0,0,9,2,10,1
a dog is chasing a ball in a backyard ,a cat is playing with yarn in the kitchen ,2,0,4,5,5,0
a dog is chasing a ball in a backyard ,a dog is playing in the grass ,9,0,9,6,7,1
an older couple posing in front of a fountain for a picture,a couple taking a picture,1,0,10,4,14,1
an older couple posing in front of a fountain for a picture,a couple sleeping in a hotel room,1,0,8,4,9,0
older couple posing for a picture in front of a fountain ,an couple is outside ,0,0,8,1,6,1
older couple posing for a picture in front of a fountain ,an older couple are inside ,0,0,13,2,11,0
the parents of the younger male are posing for a picture in front of a water fountain ,a photographer takes a picture of the boy s parents by the fountain ,0,0,11,9,22,1
the parents of the younger male are posing for a picture in front of a water fountain ,a girl and her parents sit by the fountain ,0,0,10,6,18,0
a man and woman watching two kids while the man holds a balloon ,the man is carrying a child ,0,0,8,5,9,0
a man and woman watching two kids while the man holds a balloon ,the man is holding a balloon ,0,0,11,6,13,1
a group of people sitting at some sort of gathering ,people are together,0,0,7,1,6,1
a group of people sitting at some sort of gathering ,the woman sat at the table alone,0,0,4,1,2,0
a couple pose in front of a fountain ,there are two people in this picture,0,0,5,1,2,1
a couple pose in front of a fountain ,they are waiting to be picked up by aliens,0,0,3,0,0,0
two women standing under an umbrella ,two humans close together,4,0,4,1,3,1
two women standing under an umbrella ,two guys walking in the rain,4,0,4,1,3,0
a brown dog is jumping up at a woman who is wearing a brown skirt ,a dog is being friendly ,2,0,8,6,7,1
a brown dog is jumping up at a woman who is wearing a brown skirt ,a dog attacks a man ,2,0,5,4,5,0
one dog is jumping at the lady while the other walks away ,two dogs are sleeping next to the lady ,0,0,10,3,10,0
one dog is jumping at the lady while the other walks away ,a lady is near two dogs ,0,0,6,2,6,1
a golden retriever is excitedly greeting a woman as a little dog walks towards the camera ,both of the dogs are corgis ,0,0,5,1,3,0
a golden retriever is excitedly greeting a woman as a little dog walks towards the camera ,two dogs rest in the sandbox ,0,0,5,1,3,0
a golden retriever is excitedly greeting a woman as a little dog walks towards the camera ,a cat chases the golden retriever ,2,0,18,6,18,0
a golden retriever is excitedly greeting a woman as a little dog walks towards the camera ,two dogs are near a woman ,0,0,9,4,7,1
a golden retriever is excitedly greeting a woman as a little dog walks towards the camera ,a little dog rides on top of the golden retriever,2,0,17,8,21,0
a golden retriever is excitedly greeting a woman as a little dog walks towards the camera ,the woman is greeted by the dog,0,0,7,4,11,1
a golden retriever is excitedly greeting a woman as a little dog walks towards the camera ,there are at least two dogs present ,0,0,4,0,0,1
a golden retriever is excitedly greeting a woman as a little dog walks towards the camera ,two dogs are both excited ,0,0,8,0,0,1
a golden retriever is excitedly greeting a woman as a little dog walks towards the camera ,the dog is running away from the woman ,0,0,7,4,11,0
a golden retriever is excitedly greeting a woman as a little dog walks towards the camera ,there are two dogs present ,0,0,4,0,0,1
kids building and destroying objects ,kids are playing with things ,5,0,5,1,4,1
kids building and destroying objects ,kids are playing with live grenades ,5,0,5,1,4,0
children playing with broken office equipment ,children play baseball in the street ,13,1,13,1,8,0
children playing with broken office equipment ,children play with old equipment ,13,1,13,3,21,1
two children are building something on the floor ,two children are playing ,17,1,17,3,14,1
two children are building something on the floor ,three people order from a menu ,1,0,2,0,0,0
children playing with or cleaning up miscellaneous items ,kids putting away toys ,0,0,4,0,0,1
children playing with or cleaning up miscellaneous items ,adults working in a garden ,0,0,4,0,0,0
young children outside playing with computer junk on the ground ,the children are swimming ,0,0,10,2,11,0
young children outside playing with computer junk on the ground ,the children are playing ,0,0,10,3,18,1
two dogs playing on carpet ,the dogs are in kennels ,1,0,6,1,4,0
two dogs playing on carpet ,two dogs are together ,9,0,9,2,7,1
two bulldogs playing on the floor ,the dogs are indoors,1,0,5,1,3,1
two bulldogs playing on the floor ,the dogs are sitting,1,0,5,1,3,0
two dogs are playing and wrestling with each other ,two cats are chasing each other through the house ,4,0,12,4,12,0
two dogs are playing and wrestling with each other ,a pair of dogs is playing ,0,0,9,2,11,1
two dogs are playing together on white carpet near a couch ,three dogs are sleeping in the grass ,1,0,10,2,7,0
two dogs are playing together on white carpet near a couch ,two dogs play ,9,0,9,2,7,1
a scuba diver stands on top of rocks after emerging from the water ,a scuba diver performnef on top of rocks ,14,1,17,7,15,1
a scuba diver stands on top of rocks after emerging from the water ,a scuba diver never knows to dive ,14,1,14,3,11,0
two dogs wrestle ,two dogs together ,9,0,9,2,7,1
two dogs wrestle ,two dogs sleeping together ,9,0,9,2,7,0
  safety jacket clad construction workers appear to be poking something interesting with their shovels ,the construction workers are looking at something interesting ,0,0,23,4,32,1
  safety jacket clad construction workers appear to be poking something interesting with their shovels ,some construction workers are falling from a tower ,0,0,23,2,19,0
  safety jacket clad construction workers appear to be poking something interesting with their shovels ,none of the construction workers have shovels ,0,0,22,3,26,0
  safety jacket clad construction workers appear to be poking something interesting with their shovels ,the construction workers are using a pick axes to poke each other ,0,0,23,3,21,0
  safety jacket clad construction workers appear to be poking something interesting with their shovels ,  construction workers on their lunch break ,2,0,22,3,24,0
  safety jacket clad construction workers appear to be poking something interesting with their shovels ,some construction workers found something intriguing ,0,0,22,3,28,1
  safety jacket clad construction workers appear to be poking something interesting with their shovels ,safety workers fly over the clouds,0,0,9,2,13,0
  safety jacket clad construction workers appear to be poking something interesting with their shovels ,  construction workers with shovels ,2,0,22,4,26,1
  safety jacket clad construction workers appear to be poking something interesting with their shovels ,safety workers found something cool ,0,0,11,3,22,1
  safety jacket clad construction workers appear to be poking something interesting with their shovels ,three construction workers have shovels ,0,0,22,3,26,1
three male construction workers are examining something in a field  two of them are holding shovels ,two out of three costruction workers are holding shovels while examining an item in the field ,1,0,22,11,23,1
three male construction workers are examining something in a field  two of them are holding shovels ,one worker holding a shovel examines something in a field with two colleagues ,0,0,22,6,21,0
three male construction workers are examining something in a field  two of them are holding shovels ,three men stand outdoors examining something that is in a field ,7,0,21,6,23,1
three male construction workers are examining something in a field  two of them are holding shovels ,construction workers are looking at something in a field ,0,0,25,8,28,1
three male construction workers are examining something in a field  two of them are holding shovels ,two of the three are also wearing high heels,1,0,10,5,11,0
three male construction workers are examining something in a field  two of them are holding shovels ,three men are in the field,7,0,7,5,13,1
three male construction workers are examining something in a field  two of them are holding shovels ,two dogs are sleeping in a house ,1,0,9,5,9,0
three male construction workers are examining something in a field  two of them are holding shovels ,the workers are in the parking lot,2,0,13,4,13,0
three male construction workers are examining something in a field  two of them are holding shovels ,the three workers are outside,2,0,13,4,15,1
three male construction workers are examining something in a field  two of them are holding shovels ,construction workers are sitting around a table playing poker ,0,0,25,5,22,0
three male workers in bright jackets are working in a field with shovels ,most of the workers were female ,0,0,10,1,7,0
three male workers in bright jackets are working in a field with shovels ,men are digging ,0,0,5,1,3,1
three male workers in bright jackets are working in a field with shovels ,the male workers were outdoors ,2,0,15,2,11,1
three male workers in bright jackets are working in a field with shovels ,the three males are working,2,0,13,3,15,1
three male workers in bright jackets are working in a field with shovels ,the three workers are not working at all ,2,0,10,4,19,0
three male workers in bright jackets are working in a field with shovels ,three women are climbing trees ,6,0,6,2,8,0
three male workers in bright jackets are working in a field with shovels ,there are people working ,2,0,10,2,10,1
three male workers in bright jackets are working in a field with shovels ,there are nineteen blue cats from mars ,2,0,5,1,3,0
three male workers in bright jackets are working in a field with shovels ,the men are wearing very dull work clothes ,2,0,6,1,3,0
three male workers in bright jackets are working in a field with shovels ,the men are working with shovels ,2,0,14,4,18,1
people with safety vests stand in a field with shovels ,people in safety vests sit in benches eating lunch ,7,0,15,4,17,0
people with safety vests stand in a field with shovels ,the people in safety vests are outside ,0,0,14,4,17,1
men doing work in a field ,there are men working ,0,0,5,1,3,1
men doing work in a field ,there are women working ,0,0,5,0,0,0
a man in the city on a cellphone ,a man sleeps on the beach ,6,0,6,5,8,0
a man in the city on a cellphone ,a man talks on his cellphone ,6,0,11,5,14,1
two people heavily dressed  carrying backpacks  walk through snow ,there are two people walking in the snow ,1,0,11,3,13,1
a silver car with all of its doors open ,the car has doord,0,0,6,1,3,1
a silver car with all of its doors open ,it is a motorcycle,0,0,2,1,1,0
two people walk along the side of a snowy mountain ,a man and a woman are walking in the snow ,0,0,6,2,4,1
two people walk along the side of a snowy mountain ,people are sitting by a snowy mountain ,0,0,18,4,19,0
two people climbing a snowy mountain ,three men are climbing a snowy mountain ,1,0,28,4,21,0
two people climbing a snowy mountain ,two people are climbing a mountain ,11,1,13,5,22,1
people lean over in the snow ,there is snow and more than one person ,0,0,6,1,4,1
people lean over in the snow ,the day is warm and summery ,0,0,4,1,3,0
two people  with buildings behind them  are standing near a blue car with two doors open ,two people are standing ,11,1,14,5,17,1
two people  with buildings behind them  are standing near a blue car with two doors open ,the car is orange ,1,0,6,1,3,0
people in a city gathered around a blue station wagon ,people are next to a vehicle in the city ,7,0,7,5,12,1
people in a city gathered around a blue station wagon ,the station wagon is green ,0,0,16,2,12,0
a light blue car stopped outside with all its doors open ,a car is in a race ,2,0,5,2,4,0
a light blue car stopped outside with all its doors open ,a car is parked with all of its doors open ,2,0,16,7,13,1
woman in white dress holds dove while sitting in flowered tree ,the woman is wearing black with doves perched in the tree above her ,0,0,7,4,11,0
woman in white dress holds dove while sitting in flowered tree ,woman is outdoors and cradling a dove ,7,0,7,2,9,1
a blond woman in a white dress sits in a flowering tree while holding a white bird ,the woman is blonde ,0,0,8,1,5,1
a blond woman in a white dress sits in a flowering tree while holding a white bird ,the woman has red hair ,0,0,7,1,5,0
a blond woman in a white dress sits in a flowering tree while holding a white bird ,the woman beats two eggs to make breakfast for her husband ,0,0,7,1,5,0
a blond woman in a white dress sits in a flowering tree while holding a white bird ,the woman is playing the trumpet on the diving board ,0,0,8,1,5,0
a blond woman in a white dress sits in a flowering tree while holding a white bird ,a white bird is being held by a woman who is blonde  dressed in a white dress  and sitting in a flowering tree ,2,0,21,13,19,1
a blond woman in a white dress sits in a flowering tree while holding a white bird ,the woman uses her other hand to balance on the branch ,0,0,7,1,5,1
a blond woman in a white dress sits in a flowering tree while holding a white bird ,the woman was under her bed,0,0,7,1,5,0
a blond woman in a white dress sits in a flowering tree while holding a white bird ,a bird is caged by a woman in a house ,3,0,12,8,11,0
a blond woman in a white dress sits in a flowering tree while holding a white bird ,the woman was outside,0,0,7,1,5,1
a blond woman in a white dress sits in a flowering tree while holding a white bird ,the woman is older than    years old ,0,0,8,1,5,1
a blond girl in a white dress holding a bird in a tree ,a lady is wearing a dress holding a mouse,2,0,17,6,13,0
a blond girl in a white dress holding a bird in a tree ,a lady is wearing a dress holding a bird,2,0,21,7,16,1
a woman is holding a bird while sitting in a flowering tree ,there are flowers on the tree,0,0,7,1,4,1
a woman is holding a bird while sitting in a flowering tree ,a woman is holding a bird ,26,1,26,7,16,1
a woman is holding a bird while sitting in a flowering tree ,a woman shoveling snow from her driveway ,8,0,8,4,7,0
a woman is holding a bird while sitting in a flowering tree ,the tree has fallen on a bird while sad owner looks concerned,0,0,15,6,13,0
a woman is holding a bird while sitting in a flowering tree ,a woman and bird sit together,8,0,8,5,10,1
a woman is holding a bird while sitting in a flowering tree ,the woman is climbing up the tree ,0,0,10,3,11,0
a woman is holding a bird while sitting in a flowering tree ,the woman is standing on the tree,0,0,10,3,11,0
a woman is holding a bird while sitting in a flowering tree ,the person is outdoors ,0,0,5,1,2,1
a woman is holding a bird while sitting in a flowering tree ,the woman is swimming in the ocean with her bird ,0,0,10,4,11,0
a woman is holding a bird while sitting in a flowering tree ,the woman is older than    ,0,0,10,2,7,1
people picking in a marsh ,people are ice fishing ,7,0,7,1,6,0
people picking in a marsh ,people are near a body of water ,7,0,7,2,7,1
woman sitting in tree with dove ,a man hunts ducks ,0,0,4,0,0,0
woman sitting in tree with dove ,a woman and a bird are near each other ,0,0,6,1,5,1
woman sitting in tree with dove ,a woman is outside ,0,0,6,1,5,1
woman sitting in tree with dove ,woman in a tree ,6,0,6,3,11,1
woman sitting in tree with dove ,woman is standing next to a tree ,6,0,6,2,9,0
woman sitting in tree with dove ,the woman is standing on a branch ,0,0,6,1,5,0
woman sitting in tree with dove ,the woman is sleeping ,0,0,6,1,5,0
woman sitting in tree with dove ,the lady is in her apartment staring at a sparrow ,0,0,4,1,2,0
woman sitting in tree with dove ,a woman is near a bird,0,0,6,1,5,1
woman sitting in tree with dove ,the lady and the bird are outside ,0,0,2,0,0,1
two people working in water next to field,two people are next to a field ,11,1,11,5,15,1
two people working in water next to field,three people are relaxing inside ,1,0,8,1,6,0
two people are planting small bushes near a grassy area ,two people are planting trees ,24,1,24,4,17,0
two people are planting small bushes near a grassy area ,two people are planting something ,25,1,25,4,17,1
a woman walking in front of an outdoor mural  prominently featuring a portrait of a bald man ,a guy is gay ,2,0,2,3,3,0
a woman walking in front of an outdoor mural  prominently featuring a portrait of a bald man ,a girl walking in front of a mural featuring a portrait of a bald guy ,2,0,32,12,24,1
a woman walking in front of an outdoor mural  prominently featuring a portrait of a bald man ,a lady walks past a large painting outside,2,0,5,3,3,1
a woman walking in front of an outdoor mural  prominently featuring a portrait of a bald man ,a cat flies an airplane,2,0,4,4,4,0
a woman walking in front of an outdoor mural  prominently featuring a portrait of a bald man ,a person is walking past the portrait of our new alien overlord king ,2,0,13,7,17,0
a woman walking in front of an outdoor mural  prominently featuring a portrait of a bald man ,a person walks in front of a wall painting of a man with no hair ,2,0,14,8,10,1
a woman walking in front of an outdoor mural  prominently featuring a portrait of a bald man ,a person is outdoors ,2,0,8,3,3,1
a woman walking in front of an outdoor mural  prominently featuring a portrait of a bald man ,a woman is looking at a mural inside of a museum ,8,0,8,7,12,0
a woman walking in front of an outdoor mural  prominently featuring a portrait of a bald man ,a person is walking in front of an outdoor portrait of a man ,2,0,32,12,22,1
a woman walking in front of an outdoor mural  prominently featuring a portrait of a bald man ,a man walks behind a wall mural ,2,0,8,5,9,0
a woman dressed in a white shirt is walking by graffiti ,a woman is walking ,8,0,12,5,14,1
a woman dressed in a white shirt is walking by graffiti ,a woman is spray painting a building ,8,0,8,4,8,0
woman walking by a mural of an old bald man ,a woman watches tv ,0,0,8,2,6,0
woman walking by a mural of an old bald man ,a woman sees a mural ,0,0,9,3,11,1
this wall has a picture of a man on it ,there is a wall and it has a picture on it ,2,0,16,7,14,1
this wall has a picture of a man on it ,there is a bare wall ,2,0,6,3,6,0
a woman walks by a mural ,there is a female in this picture,0,0,3,2,2,1
a woman walks by a mural ,she is rollerblading with fifteen dogs,0,0,2,0,0,0
a woman is a red tank top is riding horse ,there is no person is on a horse ,0,0,7,5,9,0
a woman is a red tank top is riding horse ,a woman is horseback ,11,1,11,5,9,1
two men riding on a motorbike in an asian community ,two men are superheroes ,8,0,8,2,6,0
two men riding on a motorbike in an asian community ,two men are riding bikes ,8,0,8,3,12,1
a man sits on a deck  taking a break from fishing ,a man sits in his fishing boat out at sea ,11,1,11,6,14,0
a man sits on a deck  taking a break from fishing ,a man sits on a deck ,21,1,21,7,11,1
the man is sitting on a wooden rail near two fishing poles ,the man is sitting ,19,1,19,4,13,1
the man is sitting on a wooden rail near two fishing poles ,the man is in the desert ,11,1,11,3,8,0
someone in a yellow hat is sitting next to two fishing poles ,the person is next to a fishing pole ,0,0,13,5,13,1
someone in a yellow hat is sitting next to two fishing poles ,the person is sitting next to one fishing pole ,0,0,20,5,18,0
a man sits on the edge of a wooden bench with two fishing poles behind him ,a man with fishing poles behind him sits on a bench ,6,0,26,11,18,1
a man sits on the edge of a wooden bench with two fishing poles behind him ,a man sits on a wooden bench in a train station filled with bags ,14,1,16,8,15,0
a man sits on the edge of a brige  looking out  fishing poles behind him ,a man sleeping ,7,0,7,3,5,0
a man sits on the edge of a brige  looking out  fishing poles behind him ,a man fishing ,6,0,9,4,11,1
young men and women gather outside in the streets for a party ,young men and women are gathering inside in the streets for a party ,20,1,32,10,17,0
young men and women gather outside in the streets for a party ,men and women are outside ,0,0,14,4,15,1
people on the roof of a building look down on a crowded street ,people are inside of the building ,7,0,10,4,17,0
people on the roof of a building look down on a crowded street ,people are outside ,7,0,7,1,6,1
several people watching a scene on the street below from an apartment building ,the people are surfing in the ocean ,0,0,8,2,9,0
several people watching a scene on the street below from an apartment building ,the people are looking out the window ,0,0,8,2,9,1
a group of people gathered around a brick building that has three men on top of it ,the building is wooden ,0,0,10,1,8,0
a group of people gathered around a brick building that has three men on top of it ,the building is occupied ,0,0,10,1,8,1
a man playing the guitar is jumping ,the man rows the boat down the river ,0,0,5,2,6,0
a man playing the guitar is jumping ,the guitarist performs ,0,0,10,1,3,1
a young man in black glasses and a striped shirt jumping up while playing a guitar ,a man is playing the guitar ,2,0,9,6,16,1
a young man in black glasses and a striped shirt jumping up while playing a guitar ,a man sits calmly as he plays a slow piece for the group on his guitar ,2,0,8,5,10,0
a young man playing an electric guitar while jumping up and down in front of fans ,the guitar playing is rolling around on the floor covered with peanuts ,0,0,9,2,13,0
a young man playing an electric guitar while jumping up and down in front of fans ,a guitar playing is playing for a audience ,2,0,9,3,14,1
the guy in a striped shirt is playing his electric guitar ,a couple at an outdoor concert ,0,0,3,1,1,0
the guy in a striped shirt is playing his electric guitar ,a male has an instrument ,0,0,3,1,1,1
a man in a striped polo plays a blue electric guitar ,the man is riding a unicycle in the circus ,0,0,6,5,6,0
a man in a striped polo plays a blue electric guitar ,the man is wearing a polo shirt ,0,0,6,5,8,1
two men playing instruments for money while a woman is on her phone ,a kid using a straw,0,0,4,1,1,0
two men playing instruments for money while a woman is on her phone ,people playing instruments for money,0,0,30,4,23,1
two men  playing a soprano saxophone and guitar play music on a street corner while a listener checks her phone ,the men were playing music on the street corner,1,0,14,6,19,1
two men  playing a soprano saxophone and guitar play music on a street corner while a listener checks her phone ,the musicians were playing in a large stadium,1,0,9,4,9,0
a lady standing on the corner using her phone ,she is inside her house,0,0,5,1,3,0
a lady standing on the corner using her phone ,the lady is outside,0,0,6,2,7,1
a girl photographs street musicians with her phone ,girl calls her mom,0,0,5,2,7,0
a girl photographs street musicians with her phone ,girl taking picture,0,0,5,1,4,1
a person aquestrian horse jumping over a wooden fence ,a person horse jumping,9,0,15,5,18,1
a person aquestrian horse jumping over a wooden fence ,a person kills a horse to send it to a glue factory ,9,0,9,4,12,0
two men are playing instruments on a sidewalk ,street performers show their skills ,0,0,3,0,0,1
two men are playing instruments on a sidewalk ,two musicians perform in a sold out hall ,5,0,5,2,4,0
a woman wearing a black top and red skirt is throwing a ball into the air ,a female is tossing a round object ,2,0,6,4,4,1
a woman wearing a black top and red skirt is throwing a ball into the air ,a man is throwing a frisbee ,2,0,15,5,11,0
several people read by a campfire at night ,there are people outside ,0,0,8,1,6,1
several people read by a campfire at night ,the people are sitting in the classroom ,0,0,8,1,6,0
a dog swims in the water ,a dog is swimming outside ,6,0,6,2,4,1
a dog swims in the water ,a frog swims in the water ,2,0,22,5,13,0
three people sitting around a fire ,people on a plane ,0,0,7,2,7,0
three people sitting around a fire ,three people outside ,13,1,13,2,11,1
a group of people are burning things ,the lonely camper poured water on the campfire ,0,0,3,0,0,0
a group of people are burning things ,a group of people are burning stuff ,30,1,30,6,18,1
a large black and white dog is swimming in the water ,a hippo is swimming in a lake ,2,0,16,4,12,0
a large black and white dog is swimming in the water ,an animal is swimming outside ,1,0,13,2,10,1
three people sit around a campfire ,the fire burns on,2,0,5,0,0,1
three people sit around a campfire ,the four girls put out the fire,2,0,4,0,0,0
a dog swims through deep water ,dog swimming in water ,0,0,8,2,8,1
a dog swims through deep water ,dog running in an open field ,0,0,4,1,3,0
a black and white dog is swimming ,a dog dries itself off,2,0,5,2,4,0
a black and white dog is swimming ,there is an animal in water,0,0,4,1,2,1
a woman helps boys on a computer ,the woman is helping a kid eat ,0,0,7,3,7,0
a woman helps boys on a computer ,the boy is using a computer,0,0,11,3,10,1
a woman in a butchers shop leans over a counter and handles a large strip of meat ,a woman makes pizza ,8,0,8,5,7,0
a woman in a butchers shop leans over a counter and handles a large strip of meat ,a woman handles meat ,8,0,9,7,16,1
a woman with thinning hair is working in a meat processing plant ,a woman is working a tough job ,8,0,12,5,14,1
a woman with thinning hair is working in a meat processing plant ,a man is watching his employees ,2,0,5,3,4,0
a woman is handling meat from a clear glass meat cage while standing before a wooden counter with a large metal bowl on it ,woman handling meat from in front of a wooden counter ,0,0,20,11,21,1
a woman is handling meat from a clear glass meat cage while standing before a wooden counter with a large metal bowl on it ,woman petting her dog in the backyard  on a calm sunny day ,0,0,6,6,8,0
a room full of children raise their hands  fingers extended  to the sky ,there is a room full of children ,0,0,24,5,16,1
a room full of children raise their hands  fingers extended  to the sky ,there is a room with a single child ,0,0,7,2,5,0
a woman walks past a fountain with palm trees in the background ,a woman walks past water with tall trees in the background ,19,1,25,10,20,1
a woman walks past a fountain with palm trees in the background ,a woman goes for a swim in the water fountain with trees in the background ,8,0,25,9,23,0
people raise their hands ,people are waiting to answer questions ,7,0,7,1,6,1
people raise their hands ,the people are being rude ,0,0,7,1,6,0
an african american man in a suit gestures with his hands as he speaks ,a black man in a suit is moving his hands diligently while speaking ,1,0,15,6,12,1
an african american man in a suit gestures with his hands as he speaks ,a white man in overalls is moving his hands while speaking ,1,0,11,5,11,0
a man is browsing things for sale on the street ,a man is browsing things for sale on the road ,41,1,41,9,18,1
a man is browsing things for sale on the street ,a woman is browsing things for sale on the street ,2,0,46,9,20,0
a man on a high ladder is painting the outside of a house ,a man outside on a high ladder is painting the outside of a house ,7,0,53,13,21,1
a man on a high ladder is painting the outside of a house ,picasso is doodling in a notebook ,0,0,4,4,4,0
repairing a house in the hot sun how unfunny that has to be ,its raining outside ,0,0,4,0,0,0
repairing a house in the hot sun how unfunny that has to be ,it is to warm to be outside ,0,0,7,2,4,1
a man in khaki pants and a light shirt and hat stands on scaffolding to apply stucco to a building ,a man is playing basketball ,7,0,7,4,5,0
a man in khaki pants and a light shirt and hat stands on scaffolding to apply stucco to a building ,a man is wearing a hat ,7,0,7,5,7,1
children getting temporary tattoos from a muslim lady ,children get some temporary bodily decorations,12,1,12,2,17,1
children getting temporary tattoos from a muslim lady ,old man paint on canvas by the river,0,0,3,0,0,0
a little boy with blue jeans runs on the leaves in the woods ,a girl is dancing ,2,0,2,1,1,0
a little boy with blue jeans runs on the leaves in the woods ,the boy is playing in the woods ,0,0,14,5,11,1
a young boy in a blue shirt is walking on a trail through the woods ,the boy is sitting inside his tent ,0,0,6,3,8,0
a young boy in a blue shirt is walking on a trail through the woods ,a boy is outside ,2,0,6,5,6,1
a young child with blond hair  wearing a blue shirt and jeans is walking in the woods ,a young girl plays with dolls ,8,0,8,4,10,0
a young child with blond hair  wearing a blue shirt and jeans is walking in the woods ,a young child walks through the woods ,15,1,15,6,15,1
a small child in blue shirt and blue jeans is running through a wooded path over dry leaves ,a child is running over leaves ,2,0,12,7,18,1
a small child in blue shirt and blue jeans is running through a wooded path over dry leaves ,an old man is running over leaves ,1,0,12,4,17,0
young boy jogging through the forest ,a kid sits by the stream,0,0,5,1,3,0
young boy jogging through the forest ,a child runs through the woods,0,0,13,2,10,1
a small child in a pink shirt running through a flowery field ,a child is running ,2,0,9,5,13,1
a small child in a pink shirt running through a flowery field ,a puppy is sitting ,2,0,4,3,3,0
a crew gets ready at the sideline in an empty basketball stadium ,a crew is getting ready,7,0,7,3,10,1
men standing at the edge of a basketball court talking to each other ,the men are sitting in a restaurant ,0,0,4,3,7,0
men standing at the edge of a basketball court talking to each other ,the men are having a conversation ,0,0,5,3,7,1
commentators and broadcasters at there both in an arena before the game ,commentators and broadcasters are preparing at the arena before a game,31,1,31,8,30,1
commentators and broadcasters at there both in an arena before the game ,commentators and broadcasters are rushing through traffic before a game,31,1,31,5,30,0
three basketball commentators are talking while standing on the sidelines ,three basketball commentators are fighting the basketball players ,34,1,34,5,27,0
three basketball commentators are talking while standing on the sidelines ,three people are watching basketball from the sideline,6,0,13,4,18,1
reporters or commentators at a sporting event are standing and sitting behind a large sign ,a group of people have gathered at a sporting event behind a large sign ,0,0,21,8,19,1
reporters or commentators at a sporting event are standing and sitting behind a large sign ,no one gathered at a sporting event near the large sign ,0,0,21,7,18,0
two women attempt to blow out the candles of a multicolored  multi tiered cake while a third woman holds a candle up in the air ,there is fire visible in the shot ,1,0,8,3,8,1
two women attempt to blow out the candles of a multicolored  multi tiered cake while a third woman holds a candle up in the air ,there is only one food item visible  and it is a burrito ,1,0,4,3,3,0
a girl touches the fountain with her foot ,a volcano erupts ,2,0,2,1,1,0
a girl touches the fountain with her foot ,a girl and a fountain ,7,0,10,3,13,1
a little girl dressed in pink and white is walking ,the girl is being blown away by the wind ,0,0,7,2,6,0
a little girl dressed in pink and white is walking ,a girl is wearing pink and white ,2,0,16,6,13,1
a young girl in all pink clothing walking ,a child is wearing only one color ,2,0,4,1,1,1
a young girl in all pink clothing walking ,the girl is wearing all blue clothing ,0,0,10,3,15,0
a young asian girl wearing a pink outfit is walking past a bicycle ,a young girl wears blue in the classroom ,8,0,10,5,10,0
a young asian girl wearing a pink outfit is walking past a bicycle ,a young girl wears a pink outfit ,8,0,15,7,15,1
a man poses in mid jump beside a left turn road sign and a recumbent bicycle in the snow  behind him there is a large body of water ,a man is posing beside a road sign in the snow,6,0,12,13,14,1
a man poses in mid jump beside a left turn road sign and a recumbent bicycle in the snow  behind him there is a large body of water ,a child is running down the road ,2,0,6,7,9,0
the little girl is dressed in pink ,a little girl is dressed in the same color ,0,0,27,6,17,1
the little girl is dressed in pink ,nobody is there ,0,0,4,1,2,0
a man jumping up in the snow next to a body of water ,it is snowing ,0,0,5,0,0,1
a man jumping up in the snow next to a body of water ,it is very hot ,0,0,2,0,0,0
a young boy paddling in a body of water on a small floating vessel near the shoreline ,a little boy is swimming in his backyard pool,2,0,7,5,6,0
a young boy paddling in a body of water on a small floating vessel near the shoreline ,a little boy is outside in the water,2,0,6,7,11,1
a nurse treating a child with cleft palate ,nurse treats child,0,0,11,2,10,1
a nurse treating a child with cleft palate ,moose eats trees,0,0,4,0,0,0
there are four canoes in the background  beautiful green grass  with three kids standing at the shore of the lake  that is crystal and crisp looking  and there is a redheaded boy wearing a red shirt  red life vest  and is in a yellow kayak  with a double ended yellow paddle ,there is only one person present ,6,0,9,5,12,0
there are four canoes in the background  beautiful green grass  with three kids standing at the shore of the lake  that is crystal and crisp looking  and there is a redheaded boy wearing a red shirt  red life vest  and is in a yellow kayak  with a double ended yellow paddle ,some kids are taking a test at school ,0,0,7,7,9,0
there are four canoes in the background  beautiful green grass  with three kids standing at the shore of the lake  that is crystal and crisp looking  and there is a redheaded boy wearing a red shirt  red life vest  and is in a yellow kayak  with a double ended yellow paddle ,three kids stand at the shore of a lake ,2,0,17,13,14,1
there are four canoes in the background  beautiful green grass  with three kids standing at the shore of the lake  that is crystal and crisp looking  and there is a redheaded boy wearing a red shirt  red life vest  and is in a yellow kayak  with a double ended yellow paddle ,a ship sinks in the ocean ,0,0,9,9,9,0
there are four canoes in the background  beautiful green grass  with three kids standing at the shore of the lake  that is crystal and crisp looking  and there is a redheaded boy wearing a red shirt  red life vest  and is in a yellow kayak  with a double ended yellow paddle ,there are multiple people present ,10,1,10,3,13,1
there are four canoes in the background  beautiful green grass  with three kids standing at the shore of the lake  that is crystal and crisp looking  and there is a redheaded boy wearing a red shirt  red life vest  and is in a yellow kayak  with a double ended yellow paddle ,a boy in a yellow kayak ,0,0,19,10,17,1
there are four canoes in the background  beautiful green grass  with three kids standing at the shore of the lake  that is crystal and crisp looking  and there is a redheaded boy wearing a red shirt  red life vest  and is in a yellow kayak  with a double ended yellow paddle ,three children stand near a clear lake and some canoes  while a fourth child sits in a kayak holding a paddle  dressed in red ,2,0,8,16,17,1
there are four canoes in the background  beautiful green grass  with three kids standing at the shore of the lake  that is crystal and crisp looking  and there is a redheaded boy wearing a red shirt  red life vest  and is in a yellow kayak  with a double ended yellow paddle ,the grass is green ,3,0,7,8,13,1
there are four canoes in the background  beautiful green grass  with three kids standing at the shore of the lake  that is crystal and crisp looking  and there is a redheaded boy wearing a red shirt  red life vest  and is in a yellow kayak  with a double ended yellow paddle ,a lake is trying to pull the kids into it ,0,0,7,12,11,0
there are four canoes in the background  beautiful green grass  with three kids standing at the shore of the lake  that is crystal and crisp looking  and there is a redheaded boy wearing a red shirt  red life vest  and is in a yellow kayak  with a double ended yellow paddle ,there is no water in the lake ,6,0,10,11,14,0
in the background  there are   people on the shore among several canoes  and the young man in the foreground is paddling through the water  while wearing a life jacket and smiling ,a young man is canoeing ,0,0,12,4,10,1
in the background  there are   people on the shore among several canoes  and the young man in the foreground is paddling through the water  while wearing a life jacket and smiling ,a group of people white water rafts down a raging river ,0,0,8,3,12,0
a child is paddleboarding outdoors,an old man falls off a paddleboard ,1,0,12,1,1,0
a child is paddleboarding outdoors,a small human in the water ,2,0,2,1,1,1
a smiling young girl sitting at a table has an upturned bowl on her head ,a child has a bowl on her head ,2,0,18,7,11,1
a smiling young girl sitting at a table has an upturned bowl on her head ,a girl has a plate on her head ,2,0,13,7,11,0
three men sit together while one looks at a book ,people are staring at text ,0,0,4,1,2,1
three men sit together while one looks at a book ,women are reading a book ,0,0,8,2,5,0
a nurse monitors a young child who appears to be post op ,a nurse monitors a patient ,19,1,19,4,14,1
a nurse monitors a young child who appears to be post op ,a nurse is administering an injection ,8,0,8,3,7,0
a nurse monitors a young child who appears to be post op ,a woman watching over a person ,2,0,3,2,2,1
the little girl in the blue sweater is reading her book ,a little girl is playing a board game with her brother ,0,0,14,4,13,0
the little girl in the blue sweater is reading her book ,a small child is holding a book ,0,0,6,2,6,1
the nurse smiles as she gently rubs the tummy of the sleeping child ,the sleeping child is standing ,4,0,19,5,16,0
the nurse smiles as she gently rubs the tummy of the sleeping child ,the sleeping child is in the hospital ,4,0,19,5,16,1
a little girl with a backpack sitting down looking at a book ,the girl reads a book,0,0,7,5,9,1
a little girl with a backpack sitting down looking at a book ,the dog eats rats,0,0,3,0,0,0
a baseball player holds his bat  while the catcher and umpire squat behind him and a crowd watches ,the crowd watches a baseball game,0,0,15,6,20,1
a baseball player holds his bat  while the catcher and umpire squat behind him and a crowd watches ,the crowd is watching a track meet ,0,0,7,4,9,0
there is a baseball player standing at home plate  the catcher behind him has his hand up in the air with his glove  and the umpire is standing behind him  and many people in the stands ,fans fill the seats as they watch their favorite soccer teams battle it out on the pitch ,0,0,6,4,9,0
there is a baseball player standing at home plate  the catcher behind him has his hand up in the air with his glove  and the umpire is standing behind him  and many people in the stands ,a baseball game is being played ,0,0,11,4,12,1
a baseball player getting ready to bat ,the player is ready to hit ,0,0,10,3,13,1
a baseball player getting ready to bat ,the basketball player is going to throw the ball ,0,0,12,2,8,0
a man in a red and white uniform holding a bat ,one man with a bat wearing red and white ,0,0,15,8,11,1
a man in a red and white uniform holding a bat ,someone wearing green and yellow holds a crickett bat ,0,0,5,5,7,0
a baseball player is holding a bat ,the person has a piece of athletic equipment ,0,0,3,2,2,1
a baseball player is holding a bat ,an athlete is playing piano ,1,0,5,1,2,0
a lone boat sitting in the water ,a boat sits alone at the docks edge ,2,0,9,3,8,1
a lone boat sitting in the water ,the boat was surrounded by other large steam ships ,0,0,7,2,7,0
a girl in a pink tank top and green pants is running through a field of tall flowers ,a girl in a tank top and pants is running ,12,1,18,11,16,1
a girl in a pink tank top and green pants is running through a field of tall flowers ,a girl in a blue dress is sitting under a tall tree ,12,1,12,7,10,0
four ice skaters racing around a corner ,the people are sitting on a couch ,0,0,5,1,1,0
four ice skaters racing around a corner ,the people are racing ,0,0,8,1,6,1
two men talk at a crowded beach on a nice day ,two men talk at the beach ,16,1,16,5,12,1
two men talk at a crowded beach on a nice day ,two men talk in the rain ,13,1,13,3,10,0
four skaters are competing in a high speed skating competition  and turning on the track ,four people are skating ,5,0,9,3,14,1
four skaters are competing in a high speed skating competition  and turning on the track ,four people are at the bar ,5,0,5,3,10,0
four athletes from two different teams are competing in their sport on the ice rink ,people are playing a game on the ice ,0,0,12,4,9,1
four athletes from two different teams are competing in their sport on the ice rink ,the couple is taking a picture ,0,0,4,1,3,0
four people turn a corner in a speed skating event ,the people are skating ,0,0,9,2,13,1
four people turn a corner in a speed skating event ,the boy and girl are swimming across the lake ,0,0,4,0,0,0
four women participating in an ice skating race ,some humans participating ,0,0,15,1,13,1
four women participating in an ice skating race ,huge humans participating ,0,0,15,1,13,0
a team of soccer players in white strips are running around cones on a sports field ,the soccer players are standing around drinking water ,0,0,16,4,19,0
a team of soccer players in white strips are running around cones on a sports field ,soccer players are running on the grass ,0,0,15,5,20,1
runners in a marathon going uphill ,runners run in the marathon ,8,0,10,3,17,1
runners in a marathon going uphill ,the runners will not go uphill ,0,0,8,2,13,0
an older man in jeans and a sweater is lifting down a box from the top of a pile ,the man is eating dinner ,0,0,6,3,8,0
an older man in jeans and a sweater is lifting down a box from the top of a pile ,the man is moving a box ,0,0,7,7,9,1
an older man places a wooden crate on top of a stack of wooden crates ,a man stacking crates ,1,0,8,4,10,1
an older man places a wooden crate on top of a stack of wooden crates ,a man stacking boxes in a truck ,1,0,6,3,5,0
man in sweater stacks wooden crates next to pile of plastic crates ,a man working hard ,0,0,4,1,3,1
man in sweater stacks wooden crates next to pile of plastic crates ,a chicken prepares for battle ,0,0,3,0,0,0
man stacking wooden crates on top of each other ,a man performs simple work functions ,0,0,4,1,3,1
man stacking wooden crates on top of each other ,a man stacks crates next to each other ,0,0,12,4,15,0
an elderly male is reaching for a crate ,a woman standing on a crate,1,0,8,2,6,0
an elderly male is reaching for a crate ,an old man trying to get to a crate,3,0,8,3,8,1
a girl in a green sweatshirt sitting down and a girl in a dress leaning on blue lockers ,one girl is sitting ,0,0,9,3,15,1
a girl in a green sweatshirt sitting down and a girl in a dress leaning on blue lockers ,the girl is swimming ,0,0,7,2,8,0
a girl is on a stool while another girl is reading and leaning on some lockers,a girl is busy reading while another sits nearby ,10,1,15,9,19,1
a girl is on a stool while another girl is reading and leaning on some lockers,two girls are getting books out of their lockers ,0,0,8,1,7,0
two men in baseball hats and bright yellow shirts work behind a fence ,men are working ,0,0,5,1,3,1
two men in baseball hats and bright yellow shirts work behind a fence ,two men are inside a boat ,8,0,8,3,7,0
two men in baseball hats and bright yellow shirts work behind a fence ,two men are working outside ,8,0,8,2,6,1
two men in baseball hats and bright yellow shirts work behind a fence ,two men are standing on top of a fence ,8,0,9,4,11,0
two men in baseball hats and bright yellow shirts work behind a fence ,two men a hats and yellow shirts are working behind a fence ,8,0,16,9,18,1
two men in baseball hats and bright yellow shirts work behind a fence ,the group of men are fighting chickens behind a fence ,1,0,16,4,14,0
two men in baseball hats and bright yellow shirts work behind a fence ,two men work ,8,0,8,3,10,1
two men in baseball hats and bright yellow shirts work behind a fence ,two men work behind a fence ,8,0,21,6,15,1
two men in baseball hats and bright yellow shirts work behind a fence ,two men in yellow shirts doze off in the grass ,11,1,15,5,15,0
two men in baseball hats and bright yellow shirts work behind a fence ,tulips grow out of popeye s ears ,1,0,3,0,0,0
two men wearing bright green shirts are looking for something by a bush ,two women are looking for something ,4,0,27,5,19,0
two men wearing bright green shirts are looking for something by a bush ,two men are looking for something ,8,0,27,6,19,1
two workers in neon green shirts opening a utility box ,two workers are opening a utility box ,12,1,23,6,21,1
two workers in neon green shirts opening a utility box ,two workers are hammering in nails on a deck ,12,1,12,4,12,0
men wearing lime green shirts work behind a chain link fence ,people wearing lime green shirts work behind a chain link fence ,0,0,58,10,19,1
men wearing lime green shirts work behind a chain link fence ,women wearing lime green shirts work behind a chain link fence ,0,0,61,10,19,0
two people doing yard work ,two people sitting at a desk,11,1,11,2,9,0
two people doing yard work ,people working in a yard,0,0,7,2,10,1
a man with a drink cup is talking to another man ,two guys are talking ,0,0,9,1,7,1
a man with a drink cup is talking to another man ,five girls are talking ,0,0,9,1,7,0
an older man with a cane stands against a wall ,a person is standing,1,0,6,2,2,1
an older man with a cane stands against a wall ,a man is sitting on the train,1,0,5,3,5,0
one person holds a giant snowball over two others on the ground in a snowy background ,people are outside in the snow ,0,0,6,2,5,1
one person holds a giant snowball over two others on the ground in a snowy background ,one person is holding two other people hostage with a gun on a plane ,11,1,11,6,12,0
a man holding a large chunk of snow over two people on the ground ,the guy is getting ready to throw snow at some people ,0,0,8,3,13,1
a man holding a large chunk of snow over two people on the ground ,the father and the two kids are playing on the beach ,0,0,8,3,8,0
two friends await their demise as a man with a giant snowball held above his head waits for the perfect time to strike,humans waiting,0,0,5,0,0,1
two friends await their demise as a man with a giant snowball held above his head waits for the perfect time to strike,nobody is waiting,0,0,5,0,0,0
two dogs playing,the two dogs are sleeping under the porch of the house ,1,0,9,2,7,0
two dogs playing,there are two animals in this picture ,1,0,4,1,3,1
two dogs look at one another outside ,two dogs are outside ,9,0,9,3,14,1
two dogs look at one another outside ,four dogs look at one another inside ,0,0,26,5,15,0
two small dogs run across the green grass ,two little dogs run across the grass ,4,0,23,6,15,1
two small dogs run across the green grass ,animals are running outdoors,0,0,4,0,0,1
two small dogs run across the green grass ,the pets are laying on the floor inside ,1,0,5,1,3,0
two small dogs run across the green grass ,the canines run near each other ,1,0,6,2,6,1
two small dogs run across the green grass ,three cats are sleeping ,1,0,3,0,0,0
two small dogs run across the green grass ,the dogs fall asleep near the cats ,1,0,6,2,7,0
two small dogs run across the green grass ,two dogs are outside ,4,0,6,2,7,1
two small dogs run across the green grass ,two dogs sit down ,4,0,6,2,7,0
two small dogs run across the green grass ,two dogs are outside ,4,0,6,2,7,1
two small dogs run across the green grass ,two large dogs run across the sidewalk ,4,0,21,5,13,0
three people playing in the snow ,three people play outside,17,1,17,2,11,1
three people playing in the snow ,three people sit in a hot tub,13,1,13,3,13,0
two small dogs playing with each other in the grass,two dogs are playing ,4,0,9,3,14,1
two small dogs playing with each other in the grass,two dogs are fighting ,4,0,6,2,7,0
a man in a white jacket standing in front of an older woman in a white jacket playing crochet ,the man wearing the jacket stood in front of two women ,0,0,13,8,17,1
a man in a white jacket standing in front of an older woman in a white jacket playing crochet ,the man was playing crochet with the two women ,0,0,17,3,17,0
a man in a white jacket standing in front of an older woman in a white jacket playing crochet ,the man was wearing a black jacket ,0,0,8,6,15,0
a woman in a coat watching a man in a jacket kick balls ,a woman sees a man sitting still ,8,0,8,6,9,0
a woman in a coat watching a man in a jacket kick balls ,a woman is watching a man kick things ,9,0,16,8,17,1
a man and woman are looking at many balls on the ground ,a girl looking at some squares on the bench,2,0,12,5,12,0
a man and woman are looking at many balls on the ground ,two people looking at balls,0,0,13,3,14,1
a man and old woman is playing a game,two kids watch tv ,0,0,2,0,0,0
a man and old woman is playing a game,two people play a game ,0,0,7,3,6,1
a black dog digging through the snow ,the puppy is playing outside ,0,0,4,1,3,1
a black dog digging through the snow ,the pet is inside the house ,0,0,5,1,3,0
elderly bald man with a beard playing the guitar in a band ,there are people making music together ,0,0,4,0,0,1
elderly bald man with a beard playing the guitar in a band ,the band is eating lunch at their favorite cafe,0,0,6,2,7,0
an older man plying a guitar in a band ,the man is holding the instrument ,0,0,5,1,3,1
an older man plying a guitar in a band ,the man is playing the harmonica in his bathroom ,0,0,5,2,5,0
an older man in a white sure is playing a guitar while others play different instruments ,people making music together,0,0,4,0,0,1
an older man in a white sure is playing a guitar while others play different instruments ,a group of people holding babies in a hospital,1,0,6,3,4,0
man in white t shirt and white beard plays electric guitar with a fiddler in a band ,three people went to the planetarium ,0,0,4,0,0,0
man in white t shirt and white beard plays electric guitar with a fiddler in a band ,the band had a fiddler and a guitarist ,0,0,11,5,14,1
two children are laughing and playing in a tire swing at a park ,children are playing in a tire swing ,0,0,25,8,20,1
two children are laughing and playing in a tire swing at a park ,children are playing on a slide at the park ,0,0,13,7,19,0
an elderly man playing guitar on stage ,an elderly woman playing guitar on stage ,11,1,28,6,20,0
an elderly man playing guitar on stage ,an elderly person playing guitar on stage ,11,1,26,6,20,1
students in a classroom of some sort are doing art projects ,students are working on their art projects in the classroom ,9,0,14,6,25,1
students in a classroom of some sort are doing art projects ,the students are being taught an algebra lesson ,0,0,9,2,11,0
a small black and brown dog is standing in the snow ,a dog is outside in the snow ,2,0,13,6,10,1
a small black and brown dog is standing in the snow ,a dog is rolling around in the snow ,2,0,13,6,10,0
a large black dog fighting with another large brown and black dog ,the cat is sleeping on the woman,0,0,4,0,0,0
a large black dog fighting with another large brown and black dog ,there are some dogs that are fighting,0,0,9,1,8,1
a group of cheerleaders are cheering on a field ,a group of cheerleaders cheering ,24,1,24,6,25,1
a group of cheerleaders are cheering on a field ,two girls riding bikes ,0,0,4,0,0,0
a old man with a cane standing outside ,a man is standing ,2,0,10,4,12,1
a old man with a cane standing outside ,an old man rides a bicycle ,1,0,9,4,7,0
the woman  in the beret  is in the process of writing information in regard to what she sees in the microscope ,a woman writes down what she is seeing,0,0,10,4,12,1
the woman  in the beret  is in the process of writing information in regard to what she sees in the microscope ,there is a child playing,3,0,4,1,2,0
a woman with brown hair and wearing a black hat is looking in a microscope and writing something down ,the woman is in the beauty salon having her hair and nails done,0,0,10,6,12,0
a woman with brown hair and wearing a black hat is looking in a microscope and writing something down ,the woman is using a microscope and taking notes,0,0,18,8,18,1
a woman wearing a black code and hat is at school looking through a microscope and taking notes ,the teacher is writing on the chalkboard ,0,0,4,1,2,0
a woman wearing a black code and hat is at school looking through a microscope and taking notes ,a woman looks through the microscope ,8,0,12,6,22,1
ensuring that an accurate account of all i see here is appropriately recorded ,ensuring that all the clothes are clean and pressed ,15,1,15,3,15,0
ensuring that an accurate account of all i see here is appropriately recorded ,establishing that everything is accurately recorded ,1,0,15,3,14,1
three dogs affectionately playing,the dogs are sleeping ,2,0,8,1,4,0
three dogs affectionately playing,the animals are friendly to each other ,2,0,3,0,0,1
man helping passengers get on tour boat ,there are people getting on a tour boat ,0,0,11,3,10,1
man helping passengers get on tour boat ,the tour boat is sinking ,0,0,11,2,8,0
a large dock runs into a lake next to a group of people swimming ,people take a swim at the lake,0,0,7,5,11,1
a large dock runs into a lake next to a group of people swimming ,an iced over lake is bereft of anyone around it,1,0,6,2,6,0
a black dog digs in the snow ,the dog sleeping in his bed,0,0,5,3,8,0
a black dog digs in the snow ,the black dog is outside,0,0,11,3,11,1
a woman buys fresh food from a stand at a farmer s market ,a woman spends money ,8,0,8,4,7,1
a woman buys fresh food from a stand at a farmer s market ,a woman is in the mall ,8,0,8,4,7,0
girl gets all her fingers cutoff trying to catch a frisbee  fail ,a girl lost her fingers ,0,0,13,4,14,1
girl gets all her fingers cutoff trying to catch a frisbee  fail ,a boy is watching tv ,0,0,5,1,1,0
two woman playing a frisbee game  the frisbee in the air about to be caught by one of the women ,women playing sports,0,0,10,2,12,0
two woman playing a frisbee game  the frisbee in the air about to be caught by one of the women ,a couple women are playing frisbee ,0,0,9,5,21,1
two woman playing a frisbee game  the frisbee in the air about to be caught by one of the women ,two women are playing a game ,7,0,11,5,16,1
two woman playing a frisbee game  the frisbee in the air about to be caught by one of the women ,two woman playing games,18,1,18,3,15,1
two woman playing a frisbee game  the frisbee in the air about to be caught by one of the women ,two women are sitting in a restaurant ,7,0,7,4,10,0
two woman playing a frisbee game  the frisbee in the air about to be caught by one of the women ,two women are playing frisbee together ,7,0,9,5,21,1
two woman playing a frisbee game  the frisbee in the air about to be caught by one of the women ,a couple of women are playing catch with a baseball ,0,0,9,4,14,0
two woman playing a frisbee game  the frisbee in the air about to be caught by one of the women ,two women sitting in a park,7,0,7,4,10,0
two woman playing a frisbee game  the frisbee in the air about to be caught by one of the women ,three women playing frisbee,1,0,10,4,21,1
two woman playing a frisbee game  the frisbee in the air about to be caught by one of the women ,two women are watching a spaceship fly through the air ,7,0,9,7,11,0
two men in baseball hats selling asparagus and other vegetables from an outdoor stand to a woman carrying a green bag ,two men sell vegetables at an outdoor stand ,8,0,18,6,22,1
two men in baseball hats selling asparagus and other vegetables from an outdoor stand to a woman carrying a green bag ,the men are selling home made cheese and butter ,1,0,9,3,13,0
beautiful young lady striking an artistic pose ,the woman is posing ,0,0,4,0,0,1
beautiful young lady striking an artistic pose ,the woman is old ,0,0,3,0,0,0
man serving a customer from a vegetable stand ,the man is working the vegetable stand ,0,0,17,3,17,1
man serving a customer from a vegetable stand ,the man is cooking at a grill ,0,0,5,3,5,0
a woman in a white dress sits while another woman blow dries her hair ,a lady is getting ready for a banquet ,2,0,3,2,2,0
a woman in a white dress sits while another woman blow dries her hair ,a lady is near a blow dryer ,2,0,8,3,6,1
a young man in a green long sleeved shirt and tie playing a saxophone ,the young man is wearing a black t shirt modeled after a tuxedo,0,0,12,6,13,0
a young man in a green long sleeved shirt and tie playing a saxophone ,the young man is playing the saxophone,0,0,12,4,21,1
three men and one woman in a band on a stage ,the band members were singing ,2,0,6,1,4,1
three men and one woman in a band on a stage ,the band was not there ,2,0,6,1,4,0
the blond boy is playing the saxophone for a band ,a girls is polishing the instruments ,0,0,8,4,8,0
the blond boy is playing the saxophone for a band ,a boy is playing an instrument ,0,0,16,4,12,1
young man in a school band who has center stage and is doing his best ,a school band is playing ,0,0,14,4,12,1
young man in a school band who has center stage and is doing his best ,a group of men are working in a play ,0,0,6,2,3,0
a woman in a blue dress sings while her bandmates play instruments ,people are singing and playing instruments ,0,0,13,1,11,1
a woman in a blue dress sings while her bandmates play instruments ,the singing woman is wearing a green dress ,0,0,8,4,11,0
a band with four members  one female  plays for a small audience ,a single person plays a harmonica alone ,2,0,7,3,7,0
a band with four members  one female  plays for a small audience ,a music group plays music ,2,0,7,3,7,1
a musical quintet are performing at a festival ,four people at a festival ,0,0,15,4,11,1
a musical quintet are performing at a festival ,two men sleeping ,0,0,4,0,0,0
a   person band is performing on a stage inside a tent ,a solo performer sits alone on the stage ,2,0,8,5,8,0
a   person band is performing on a stage inside a tent ,a band performs a musical number on stage ,2,0,8,6,11,1
a large woman in a blue jacket is looking irritated ,a heavy set woman wearing a jacket is not happy ,2,0,11,5,13,1
a large woman in a blue jacket is looking irritated ,a slim woman is enjoying her blue jacket ,2,0,13,6,15,0
two men in wheelchairs crash and they reach for the ball ,the men are sleeping,1,0,5,2,6,0
two men in wheelchairs crash and they reach for the ball ,two men are in wheelchairs,8,0,15,4,17,1
a boogie boarder surfs on a man made wave ,there is a person with a boogie board ,0,0,14,3,8,1
a boogie boarder surfs on a man made wave ,the person with the boogie board is walking home on the sidewalk ,0,0,13,2,8,0
a bride and groom dance surrounded by people at the reception ,two complete strangers are the only ones in the room ,0,0,6,1,3,0
a bride and groom dance surrounded by people at the reception ,a married couple is in the proximity of other humans ,2,0,5,2,4,1
a young blond woman in a blue top sits at a green table studying,a young women is sitting ,8,0,8,4,7,1
a young blond woman in a blue top sits at a green table studying,the young women is outside at a red table ,0,0,7,6,12,0
a referee is speaking to some players on a field ,referee discussing with player,0,0,8,1,7,1
a referee is speaking to some players on a field ,players playing,0,0,8,1,7,0
man and woman discussing a topic while sitting in chairs  a water bottle sitting on the table ,man and woman talking,14,1,14,3,11,1
man and woman discussing a topic while sitting in chairs  a water bottle sitting on the table ,dog looks at car,0,0,2,0,0,0
two teams compete in a game of football and are hurrying to catch the ball midair ,two teams playing rugby ,10,1,10,2,8,0
two teams compete in a game of football and are hurrying to catch the ball midair ,two teams playing a game ,10,1,10,4,12,1
players from two teams tangle together in pursuit of a flying rugby ball ,two teams playing ,0,0,10,2,8,1
players from two teams tangle together in pursuit of a flying rugby ball ,one team practicing rugby ,0,0,10,1,5,0
black and white team rugby players are struggling over the ball in front of a white wall that has blue writing ,the rugby players forgot to bring their ball today ,0,0,15,4,16,0
black and white team rugby players are struggling over the ball in front of a white wall that has blue writing ,the words on the wall are wrote in blue ,0,0,7,5,11,1
a team of men are playing a game in which several of them are jumping to reach the ball ,the men are fishing on a boat ,0,0,9,6,9,0
a team of men are playing a game in which several of them are jumping to reach the ball ,the men are playing basketball ,0,0,17,5,13,1
a group of rugby players are struggling over the ball ,a group is struggling over a ball ,8,0,17,5,19,1
a group of rugby players are struggling over the ball ,a group of basketball players rest on the sidelines ,11,1,11,5,15,0
a boy is hugging a smaller boy from behind ,a couple boys are together,2,0,4,2,2,1
a boy is hugging a smaller boy from behind ,girls are swimming,0,0,3,0,0,0
two young boys wearing jerseys are washing their hands in the bathroom ,a couple of young boys are washing their hands ,0,0,27,6,17,1
two young boys wearing jerseys are washing their hands in the bathroom ,a couple of kids are running down a hall ,0,0,6,1,3,0
asian women in traditional garb are walking in a parade ,asian women cooking food,12,1,12,2,10,0
asian women in traditional garb are walking in a parade ,asian women in a parade,15,1,15,6,16,1
a man in green shorts and a brown shirt and sunglasses takes a picture ,the man taking the picture is wearing shorts and sunglasses ,0,0,16,6,23,1
a man in green shorts and a brown shirt and sunglasses takes a picture ,a man in purple shorts takes a picture ,9,0,18,8,18,0
three asian people wait on the sidewalk ,  people are on the sidewalk,0,0,16,4,17,1
three asian people wait on the sidewalk ,  white people sit on the curb,0,0,10,3,11,0
a group of people sitting at an outdoor table eating food and drinking alcoholic beverages ,the people are outdoors eating and drinking ,0,0,14,4,20,1
a group of people sitting at an outdoor table eating food and drinking alcoholic beverages ,the people are inside at the dining room table ,0,0,8,3,13,0
a man and a woman are standing in front of a building with some graffiti on it ,a woman and man are standing in front of a building ,2,0,40,12,21,1
a man and a woman are standing in front of a building with some graffiti on it ,a single man is alone in a boat on the ocean ,2,0,5,6,7,0
a young girl and a young guy are outside on a street facing each other ,some people are outside ,0,0,13,2,10,1
a young girl and a young guy are outside on a street facing each other ,two people are sitting in the movie theater ,0,0,5,1,3,0
a woman in a black jacket is talking to a man who s wearing white sneakers next to a yellow building ,the woman is talking to another woman ,0,0,16,5,14,0
a woman in a black jacket is talking to a man who s wearing white sneakers next to a yellow building ,the woman is talking ,0,0,12,3,14,1
two people stand in front of a building with graffiti that reads  boss life  ,two people stand outside ,17,1,17,3,14,1
two people stand in front of a building with graffiti that reads  boss life  ,the building was burnt down due to arson ,1,0,11,1,8,0
a group of adults in casual dress sit down to eat a barbecued meal ,the adults are wearing clothes ,0,0,8,1,6,1
a group of adults in casual dress sit down to eat a barbecued meal ,the children are eating the meal ,0,0,6,1,4,0
two people are facing each other on the corner of a street ,the two people are standing back to back ,1,0,15,4,12,0
two people are facing each other on the corner of a street ,the two people are outdoors,1,0,15,4,12,1
a woman in red sips a drink as she looks at the people below her ,a woman in black sips a drink as she looks at the dogs below her ,11,1,34,13,15,0
a woman in red sips a drink as she looks at the people below her ,a person drinks while people watching ,2,0,9,3,8,1
many people wearing red and white are walking in the street as another lady  wearing a red blouse  watches from above holding a drink ,the people are all nude ,0,0,8,3,12,0
many people wearing red and white are walking in the street as another lady  wearing a red blouse  watches from above holding a drink ,people are walking on a street ,0,0,14,6,19,1
a view of a city street where many people wearing white and red are walking ,there is a view of a city street with some people wearing white and red walking ,0,0,30,12,20,1
a view of a city street where many people wearing white and red are walking ,there is a view of a city street with many people wearing white and red while walking ,0,0,35,13,20,1
a view of a city street where many people wearing white and red are walking ,there is no view of the city street with some people wearing black and yellow while walking ,0,0,16,8,20,0
two elderly people sing in microphones while playing instruments ,the people are making noise together ,1,0,8,1,6,1
two elderly people sing in microphones while playing instruments ,the people are quietly eating ,1,0,8,1,6,0
an older middle aged man wearing a brown hat is strumming a guitar and singing into a microphone  his female companion is singing into a microphone and playing an instrument also  but the woman s instrument cannot be readily seen ,the couple sing harmoniously as the woman plucks her glittery banjo  it s sparkle standing out in the crowd ,0,0,11,3,9,0
an older middle aged man wearing a brown hat is strumming a guitar and singing into a microphone  his female companion is singing into a microphone and playing an instrument also  but the woman s instrument cannot be readily seen ,the man and woman singing due play their instruments  although the woman s instrument is blocked by something ,0,0,24,12,27,1
a young woman sips a drink on a balcony during a bull run ,the woman sipped her drink ,0,0,10,2,10,1
a young woman sips a drink on a balcony during a bull run ,the woman ate a candy bar on the balcony ,0,0,9,7,14,0
a couple of old people playing instruments and singing ,old people are singing and playing instruments,0,0,20,6,25,1
a couple of old people playing instruments and singing ,the old people are on their death beds watching tv,0,0,12,2,9,0
several people are standing in a fenced in area ,there are some people standing around whilst fenced in ,0,0,11,6,20,1
several people are standing in a fenced in area ,a few people are sitting down in a fenced area ,0,0,13,7,16,0
a winter landscape with four people walking in the snow ,a winter scene with people walking ,9,0,16,5,19,1
a winter landscape with four people walking in the snow ,a winter landscape with people dressed in swimsuits ,24,1,24,6,21,0
two dogs run across dry ground ,two animals run across dry ground ,4,0,24,5,15,1
two dogs run across dry ground ,two cats run across dry ground ,4,0,24,5,15,0
two dogs walking along dirt path ,the animals are taking a nap inside ,1,0,6,0,0,0
two dogs walking along dirt path ,the animals are moving ,1,0,4,0,0,1
the dogs are walking in the desert ,the dogs are running in the desert ,13,1,18,6,13,0
the dogs are walking in the desert ,the dogs are on the beach ,13,1,13,4,10,1
two dogs are walking away from the camera through shrubs and grass ,there are some dogs outside ,1,0,6,2,7,1
two dogs are walking away from the camera through shrubs and grass ,the dogs are running towards the camera ,1,0,12,4,13,0
a man holds onto a tether as he waterskis splashing water every direction ,a man on a motorcycle,6,0,6,3,5,0
a man holds onto a tether as he waterskis splashing water every direction ,a man watersking,6,0,9,3,5,1
two dogs playing outside ,there are canines in the yard ,1,0,2,0,0,1
two dogs playing outside ,two dogs are running through the house ,9,0,9,2,7,0
a young indian girl in a blue dress is pointing and smiling at the camera ,the girl is wearing jeans ,0,0,7,3,9,0
a young indian girl in a blue dress is pointing and smiling at the camera ,the girl is on tv,0,0,7,3,9,1
girls wearing a blue dress holding a thin  long  blue fabric while one girl is smiling and pointing to the camera ,the girls are wearing red sweaters ,0,0,9,3,15,0
girls wearing a blue dress holding a thin  long  blue fabric while one girl is smiling and pointing to the camera ,at least one girl is smiling ,0,0,21,4,14,1
girls wearing a blue dress holding a thin  long  blue fabric while one girl is smiling and pointing to the camera ,there is a smiling girl pointing to the camera ,0,0,24,9,21,1
girls wearing a blue dress holding a thin  long  blue fabric while one girl is smiling and pointing to the camera ,a man holding fabric while a girl is smiling and pointing to the camera ,0,0,44,13,22,0
girls wearing a blue dress holding a thin  long  blue fabric while one girl is smiling and pointing to the camera ,a number of girls dressed in blue  one of whom smiles,0,0,6,6,13,1
girls wearing a blue dress holding a thin  long  blue fabric while one girl is smiling and pointing to the camera ,a lady holds fabric while another woman points at the camera ,0,0,14,6,17,1
girls wearing a blue dress holding a thin  long  blue fabric while one girl is smiling and pointing to the camera ,a girl smiles and points at a picture ,0,0,10,4,8,1
girls wearing a blue dress holding a thin  long  blue fabric while one girl is smiling and pointing to the camera ,the girls are wearing shorts ,0,0,9,3,15,0
girls wearing a blue dress holding a thin  long  blue fabric while one girl is smiling and pointing to the camera ,girls in swimsuits get ready to dive into an empty pool ,6,0,6,2,7,0
girls wearing a blue dress holding a thin  long  blue fabric while one girl is smiling and pointing to the camera ,twenty puppys lick a sad girls tears,0,0,6,3,7,0
dog catching a red frisbee ,a dog watches a frisbee pass over his head and yawns ,0,0,9,3,11,0
dog catching a red frisbee ,a dog is playing catch ,0,0,7,2,4,1
girls in blue dresses are holding large blue cloths ,a group of boys playing ball ,0,0,4,0,0,0
girls in blue dresses are holding large blue cloths ,a group of girls in blue holding cloths ,0,0,14,6,18,1
a man wearing swim goggles is doing the crawl in a lane in a swimming pool ,nobody is in a pool ,0,0,6,7,8,0
a man wearing swim goggles is doing the crawl in a lane in a swimming pool ,a human in a pool,2,0,6,6,8,1
two indian people are dancing at a wedding with flower petals all over the floor ,two indian people people dancing at a wedding ,18,1,23,7,20,1
two indian people are dancing at a wedding with flower petals all over the floor ,two indian people eating a wedding dinner ,18,1,18,5,19,0
the boys draw in the sand with sticks ,the adults build crappy sandcastles ,4,0,5,2,6,0
the boys draw in the sand with sticks ,the children play simply ,4,0,4,2,6,1
a girl wearing a blue dress is sliding down a tube slide ,a girl wearing a red dress is playing on the monkey bars ,17,1,17,7,16,0
a girl wearing a blue dress is sliding down a tube slide ,a girl wearing a blue dress is playing at a playground ,31,1,31,8,16,1
a swimmer is emerging from the water,the swimmer is coming up from the water ,0,0,15,5,16,1
a swimmer is emerging from the water,the swimmer is drowning ,0,0,12,3,12,0
a bearded man wears a red bandanna and a leather jacket over a teeshirt with an american flag on it ,a bearded man is wearing an america themed shirt ,14,1,14,7,12,1
a bearded man wears a red bandanna and a leather jacket over a teeshirt with an american flag on it ,the bandanna is yellow ,0,0,10,1,8,0
a swimmer s hand is taken as he gets out of the water ,the swimmer is diving deep into the ocean ,0,0,9,3,12,0
a swimmer s hand is taken as he gets out of the water ,the swimmer is female ,0,0,9,3,12,0
a swimmer s hand is taken as he gets out of the water ,the swimmer is getting out of the water ,0,0,18,6,15,1
a swimmer exits the water after a competition ,a person is wet ,2,0,3,2,2,1
a swimmer exits the water after a competition ,a person is running in a field ,2,0,3,2,2,0
the child wearing the green shirt is on the beach talking with some people ,the child is in a barren field ,10,1,10,5,11,0
the child wearing the green shirt is on the beach talking with some people ,the child is wearing green ,10,1,10,7,17,1
four people in sunhats are sitting and talking together on the sand of the ocean shore ,three people without hats are sitting on the beach ,0,0,17,6,16,0
four people in sunhats are sitting and talking together on the sand of the ocean shore ,four people sit outside ,12,1,12,2,10,1
three guys sitting on a sandy beach near the water and one is talking to the two little girls ,the girl sat on the beach alone ,2,0,7,4,11,0
three guys sitting on a sandy beach near the water and one is talking to the two little girls ,the guys sat on the beach near the water ,2,0,22,7,14,1
a small group of adults and children are wearing hats and shorts on the sandy beach near the blue water ,a small group of adults and children are not wearing hats,41,1,41,11,21,0
a small group of adults and children are wearing hats and shorts on the sandy beach near the blue water ,a small group of adults and children are wearing hats,53,1,53,11,21,1
four people with hats are relaxing at the coast ,some people are having a large party on the coast ,0,0,11,4,14,0
four people with hats are relaxing at the coast ,some people are sitting on the coast ,0,0,11,4,14,1
a man wearing a beret walks down the street and smiles ,the man is happy as he walks ,0,0,7,3,11,1
a man wearing a beret walks down the street and smiles ,the woman sits outside ,0,0,4,1,3,0
two people are outside walking through the snow ,the people are inside ,1,0,12,3,12,0
two people are outside walking through the snow ,there are people ,1,0,8,2,9,1
a dog rolls on his back ,the dog is swimming ,0,0,5,1,3,0
a dog rolls on his back ,the dog rolls over ,0,0,12,2,8,1
people sitting on black chairs on a bus ,the people in a bus,0,0,7,3,10,1
people sitting on black chairs on a bus ,the people are outside ,0,0,7,1,6,0
a woman who has just finished her dance performance  ,a woman just finished eating cake ,8,0,15,4,17,0
a woman who has just finished her dance performance  ,a woman just finished dancing ,8,0,15,4,17,1
a young woman is drawing with a sharpie marker ,a woman is drawing ,2,0,18,5,14,1
a young woman is drawing with a sharpie marker ,a woman is drawing ,2,0,18,5,14,1
a young woman is drawing with a sharpie marker ,the woman is old,0,0,10,2,7,0
a young woman is drawing with a sharpie marker ,a young girl is drawing using a sharpie marker,8,0,17,7,20,1
a young woman is drawing with a sharpie marker ,the woman is running around the room ,0,0,10,2,7,0
a young woman is drawing with a sharpie marker ,three art students are walking in the art classroom and exchanging their paint brushes,0,0,4,0,0,0
a young woman is drawing with a sharpie marker ,a women is drawing,2,0,12,4,10,1
a young woman is drawing with a sharpie marker ,the woman is drawing,0,0,17,3,14,1
a young woman is drawing with a sharpie marker ,the women is using a pencil,0,0,5,3,4,0
a young woman is drawing with a sharpie marker ,a man is drawing with a colored pencil ,2,0,22,5,13,0
a woman is drawing at a table with a blue permanent marker ,a woman is writing on a wall with a colored pencil ,11,1,11,6,11,0
a woman is drawing at a table with a blue permanent marker ,a woman is drawing ,19,1,19,6,14,1
a young woman draws lines on a tile with a permanent marker ,the carpenter draws lines on the wooden board ,0,0,16,3,12,0
a young woman draws lines on a tile with a permanent marker ,a person is using a writing utensil ,2,0,5,3,3,1
a woman with strawberry blond hair decorates a tile in yellow and black ,a woman is decorating a tile ,8,0,8,4,10,1
a woman with strawberry blond hair decorates a tile in yellow and black ,a woman is weaving a basket ,8,0,8,3,7,0
an art student uses a blue sharpie to create a pattern on thick  white poster board ,a student draws on poster board ,1,0,14,6,18,1
an art student uses a blue sharpie to create a pattern on thick  white poster board ,a student knits a scarf ,1,0,9,3,9,0
a military man walks in front of a procession of people during a parade ,a man walks behind the parade ,3,0,11,6,14,0
a military man walks in front of a procession of people during a parade ,a man is in a parade  ,3,0,10,6,11,1
barefooted  someone appears to be looking in a bathroom mirror ,a person appears to be looking in a mirror ,0,0,28,7,20,1
barefooted  someone appears to be looking in a bathroom mirror ,a person in shoes is dancing ,0,0,4,2,3,0
a woman in a pool looking down ,a woman is looking down into a pool of tears preparing to dive into them ,9,0,14,6,16,0
a woman in a pool looking down ,a woman is looking into a pool ,9,0,9,5,16,1
a biker pops a wheelie along side the colorful wall ,a person is riding a bike near a wall ,2,0,6,3,6,1
a biker pops a wheelie along side the colorful wall ,a person is walking their bike by a wall ,2,0,6,3,6,0
a baseball player hits baseball ,the player swings his bat ,0,0,8,1,6,1
a baseball player hits baseball ,the player is throwing the football ,0,0,8,1,6,0
a woman in a yellow shirts walks through a park with her dog not far behind ,the man is running away from the cat,0,0,5,0,0,0
a woman in a yellow shirts walks through a park with her dog not far behind ,a woman walks with her dog,8,0,13,8,14,1
a man on a small bicycle performing a trick on a wall covered with graffiti ,a man is riding a bicycle up a graffiti covered wall ,6,0,10,9,22,1
a man on a small bicycle performing a trick on a wall covered with graffiti ,a man is riding a bicycle down a country road ,6,0,9,6,11,0
a baseball player hitting a ball ,someone hitting a ball,0,0,15,4,12,1
a baseball player hitting a ball ,  basketball players,0,0,11,0,0,0
a trials biker doing a stunt on a graffiti filled wall ,the person is on a bicycle ,0,0,6,4,4,1
a trials biker doing a stunt on a graffiti filled wall ,the man is on a boat ,0,0,6,4,4,0
a bmx rider does a trick against a graffiti covered wall ,a bike rider is outside doing tricks ,3,0,7,4,7,1
a bmx rider does a trick against a graffiti covered wall ,the bike rider is sitting on a chair ,0,0,7,4,7,0
two men  both wearing green cycling clothes and helmets  are riding bicycles ,two guys ride bikes ,4,0,4,1,3,1
two men  both wearing green cycling clothes and helmets  are riding bicycles ,two guys eat hamburgers in front of tv ,4,0,4,1,3,0
a lady in a purple shirt is painting a picture of a person on a curved wall ,a lady painting ,7,0,10,7,13,1
a lady in a purple shirt is painting a picture of a person on a curved wall ,a naked lady painting stick figures with her feces ,2,0,10,7,13,0
a woman with a purple shirt painting another woman on a wall ,a man is dancing at a party while a woman is on the wall ,2,0,8,7,14,0
a woman with a purple shirt painting another woman on a wall ,a woman who is wearing purple is painting another woman ,9,0,24,8,21,1
a lady painting on a public wall ,the woman was inside the coffee house ,0,0,3,0,0,0
a lady painting on a public wall ,the woman was painting ,0,0,10,1,8,1
seven people walking across a bridge ,there are people on a bridge,0,0,9,3,13,1
seven people walking across a bridge ,there is one person on a bridge,0,0,9,2,7,0
three young boys are dressed in hoodies facing the same way ,three young boys are all in swimming trunks and no shirts ,21,1,21,5,14,0
three young boys are dressed in hoodies facing the same way ,group of young boys all in hoodies ,0,0,13,4,16,1
a man and a woman conversing in a city ,the man was in the countryside,0,0,5,2,5,0
a man and a woman conversing in a city ,the man was talking,0,0,5,1,3,1
a man and a woman eating at an outdoor table ,the man and woman are on their phones ,0,0,9,3,11,0
a man and a woman eating at an outdoor table ,the couple are outdoors ,0,0,8,0,0,1
a couple having lunch on a public lunch table ,a couple is sleeping ,9,0,9,3,8,0
a couple having lunch on a public lunch table ,a couple is having lunch,9,0,13,6,17,1
three boys in hooded sweatshirts standing and looking at camera ,some kids in hooded sweatshirts loiter ,0,0,24,3,19,1
three boys in hooded sweatshirts standing and looking at camera ,three girls having a tea party ,6,0,6,1,5,0
a little girl smiling in a colorful knitted hat ,the little girl is angry,0,0,13,2,10,0
a little girl smiling in a colorful knitted hat ,the little girl is happy,0,0,13,2,10,1
little girl wearing a colorful hat while propped up on a cushion ,a little girl runs through the living room laughing,0,0,12,4,11,0
little girl wearing a colorful hat while propped up on a cushion ,a little girl is inside ,0,0,12,4,11,1
little girl wearing a colorful hat while propped up on a cushion ,a little girl wears a colorful hat ,0,0,16,6,18,1
little girl wearing a colorful hat while propped up on a cushion ,a girl in a hat,0,0,6,4,8,1
little girl wearing a colorful hat while propped up on a cushion ,a baby is crying ,0,0,4,2,2,0
little girl wearing a colorful hat while propped up on a cushion ,a girl rides a horse in a field ,0,0,6,3,6,0
little girl wearing a colorful hat while propped up on a cushion ,a girl is wearing a hat ,0,0,11,5,14,1
little girl wearing a colorful hat while propped up on a cushion ,a girl has something on her head ,0,0,6,4,7,1
little girl wearing a colorful hat while propped up on a cushion ,a little girl is lying down  as she is very sick ,0,0,12,4,11,0
little girl wearing a colorful hat while propped up on a cushion ,a boy is running in a field ,0,0,4,2,2,0
a little girl with a knit hat laying on a pillow propping her head up with her hands ,a child is laying down ,2,0,8,4,8,1
a little girl with a knit hat laying on a pillow propping her head up with her hands ,a boy is playing with his friends,2,0,7,5,9,0
a little girl in a pink  blue  orange and green hat with her hands on her face posing for the camera ,a little girl chases an ice cream truck ,14,1,14,4,11,0
a little girl in a pink  blue  orange and green hat with her hands on her face posing for the camera ,a little girl poses for the camera ,14,1,16,7,16,1
several people are moving away from a brightly colored tower ,there is a group of people near a tower ,0,0,8,3,12,1
several people are moving away from a brightly colored tower ,the people are inside a house ,0,0,12,3,10,0
three young men wearing hooded sweatshirts are posing for a photo ,the men are eating pie ,2,0,5,2,6,0
three young men wearing hooded sweatshirts are posing for a photo ,three men have clothes on ,6,0,6,2,8,1
asian child in fancy hat posing for picture,the child is asian,0,0,8,2,10,1
asian child in fancy hat posing for picture,the child is mexican,0,0,8,1,5,0
a man looking at the scenery through binoculars ,a man is using a tool to improve his view ,6,0,6,2,4,1
a man looking at the scenery through binoculars ,the man is reading a book ,0,0,5,3,7,0
a man photographs out off of the frozen land ,the man is drinking coffee ,0,0,5,2,6,0
a man photographs out off of the frozen land ,the man has a camera ,0,0,5,3,7,1
a guy is standing on an ice patch by the sea  looking through a telescope at sunset ,a woman pilots a submarine on land,2,0,4,3,4,0
a guy is standing on an ice patch by the sea  looking through a telescope at sunset ,a man looks through a telescope by the sea,2,0,21,7,19,1
there are many people walking at times square in new york near a building with a lion king poster in the window ,people are walking in new york ,0,0,13,7,17,1
there are many people walking at times square in new york near a building with a lion king poster in the window ,there are many people walking at times square ,46,1,46,8,19,1
there are many people walking at times square in new york near a building with a lion king poster in the window ,people are walking next to a building that has a cinderella poster in the window ,0,0,22,11,21,0
there are many people walking at times square in new york near a building with a lion king poster in the window ,there are many people sitting at times square,22,1,22,7,17,0
photographer taking pictures of sunset ,photographer taking pictures of of a birthday party ,32,1,32,4,26,0
photographer taking pictures of sunset ,photographer taking pictures ,29,1,29,3,26,1
a girl in a black shirt is looking to the side while sitting on a wooden bench ,a girl in a red shirt is eating some ice cream ,12,1,12,7,11,0
a girl in a black shirt is looking to the side while sitting on a wooden bench ,a person is sitting on a bench ,2,0,14,7,14,1
a young girl playing on a log swing ,a girl swinging,2,0,6,3,6,1
a young girl playing on a log swing ,a man falls off a swing,2,0,6,3,7,0
a girl sitting on a bench amongst the grass,a girl is having a picnic,7,0,7,3,6,0
a girl sitting on a bench amongst the grass,a girl is sitting on a bench outside,7,0,20,6,16,1
a woman sitting on a bench in a park on a cloudy day,the woman is dancing in the streets ,0,0,7,2,7,0
a woman sitting on a bench in a park on a cloudy day,there is a woman on a bench outside ,0,0,12,8,12,1
a woman holding a girl s wrist walking down the street ,some people being lazy sitting on the curb ,0,0,6,1,3,0
a woman holding a girl s wrist walking down the street ,some people walking down the street ,0,0,25,4,17,1
a woman holding a little girls hand walking across a bridge ,two people are sitting on a bench ,0,0,4,3,3,0
a woman holding a little girls hand walking across a bridge ,two people walking across a bridge ,0,0,25,6,19,1
a girl is swinging on a piece of wood ,the girl is swimming in a lake ,0,0,12,4,7,0
a girl is swinging on a piece of wood ,the girl is outside ,0,0,9,2,6,1
a girl with dark hair swings on a hanging log ,the girl has red hair ,0,0,6,2,8,0
a girl with dark hair swings on a hanging log ,a girl is swinging ,7,0,7,3,6,1
a man wearing a wedding band is pouring a white liquid into a cup of brown liquid ,the man is sleeping in his bed,0,0,5,2,5,0
a man wearing a wedding band is pouring a white liquid into a cup of brown liquid ,there is one man in this picture,0,0,5,2,5,1
one small dog chases another across grass ,there are no dogs ,0,0,4,0,0,0
one small dog chases another across grass ,there are two dogs,0,0,4,0,0,1
the baby is wearing a red shirt and walking in a plaza ,the baby is playing alone at home ,12,1,12,3,9,0
the baby is wearing a red shirt and walking in a plaza ,the baby is walking in a plaza ,13,1,20,8,16,1
monks in red robes sell vegetables at a market ,monks selling vegetables in the market,6,0,12,4,21,1
monks in red robes sell vegetables at a market ,people waddling down the street,0,0,2,0,0,0
a group of teenagers sitting in the hall at school ,a group of teenagers plays tennis at the park,21,1,21,6,17,0
a group of teenagers sitting in the hall at school ,teenagers are sitting in the school hallway,0,0,16,5,22,1
a baby in jeans and a winter jacket sits on top of a blue slide ,a man sitting on a couch asleep,2,0,4,4,4,0
a baby in jeans and a winter jacket sits on top of a blue slide ,a baby sitting on top of a slide,7,0,13,8,12,1
a woman in a flower shirt is working on a piece of pottery ,she wears a decorated shirt,0,0,6,4,7,1
a woman in a flower shirt is working on a piece of pottery ,he eats the pottery,0,0,8,1,7,0
two people climb a set of stairs onto a bridge ,two people climb a set of stairs onto a pirate ship ,40,1,40,9,17,0
two people climb a set of stairs onto a bridge ,two people are outside moving ,11,1,11,2,9,1
man and woman walking up the stairs to an overpass ,a husband and wife are swimming in the ocean ,0,0,6,2,6,0
man and woman walking up the stairs to an overpass ,two people are escalating ,0,0,4,0,0,1
  people walking up a set of stairs in the city ,people walking up stairs ,0,0,18,4,19,1
  people walking up a set of stairs in the city ,people walking down stairs ,0,0,15,3,19,0
a man walking a dog and a young girl climb the stairs to a red bridge in a city ,a person walking a dog and a young girl climb the stairs to a red bridge in a city ,2,0,76,18,19,1
a man walking a dog and a young girl climb the stairs to a red bridge in a city ,a woman walking a dog and a young girl climb the stairs to a red bridge in a city ,2,0,78,18,19,0
a couple is walking up the stairs to a bridge in a downtown part of a city ,a child climbs steps by themselves next to a bridge ,3,0,13,6,9,0
a couple is walking up the stairs to a bridge in a downtown part of a city ,two people walking up to a bridge ,0,0,13,8,15,1
a man wearing green shoes lounges outdoors ,a man sits outdoors ,6,0,11,3,12,1
a man wearing green shoes lounges outdoors ,a man sits indoors ,6,0,6,2,4,0
a young child learning how to swim ,a woman eats a sundae ,2,0,2,1,1,0
a young child learning how to swim ,a child learns to swim ,2,0,12,4,11,1
a man wearing cutoff jeans and green sneakers sits with one leg crossed across the other one ,a man is shoeless ,6,0,6,2,4,0
a man wearing cutoff jeans and green sneakers sits with one leg crossed across the other one ,a man is wearing shoes ,6,0,9,3,11,1
a man wearing cutoff shorts  a tank top  and green sneakers sitting in a garden with a beer ,a casually dressed man sits in the garden,2,0,7,7,11,1
a man wearing cutoff shorts  a tank top  and green sneakers sitting in a garden with a beer ,a man is outside ,6,0,6,5,5,1
a man wearing cutoff shorts  a tank top  and green sneakers sitting in a garden with a beer ,an individual sits drinking a beer in a garden ,1,0,13,7,12,1
a man wearing cutoff shorts  a tank top  and green sneakers sitting in a garden with a beer ,a man is wearing a button up,6,0,9,6,11,0
a man wearing cutoff shorts  a tank top  and green sneakers sitting in a garden with a beer ,the man is on a ladder hanging a sign ,0,0,5,5,5,0
a man wearing cutoff shorts  a tank top  and green sneakers sitting in a garden with a beer ,a man jumps from earth to the moon,6,0,6,5,5,0
a man wearing cutoff shorts  a tank top  and green sneakers sitting in a garden with a beer ,a woman is sitting and eating cake in a garden ,2,0,13,8,16,0
a man wearing cutoff shorts  a tank top  and green sneakers sitting in a garden with a beer ,two men sip wine together,0,0,4,0,0,0
a man wearing cutoff shorts  a tank top  and green sneakers sitting in a garden with a beer ,a beer is held by a man in casual attire,2,0,7,7,9,1
a man wearing cutoff shorts  a tank top  and green sneakers sitting in a garden with a beer ,a man is wearing a tank top ,6,0,12,8,14,1
a man in shorts in a lawn chair sits surrounded with plants in a backyard ,there s a guy in a chair out in the yard ,0,0,7,7,9,1
a man in shorts in a lawn chair sits surrounded with plants in a backyard ,a man in pants is standing up ,9,0,9,7,7,0
a man in denim shorts and green shoes is sitting and relaxing in a lawn chair ,a man wears jean boxer briefs ,6,0,6,3,5,0
a man in denim shorts and green shoes is sitting and relaxing in a lawn chair ,a man wears jean shorts ,6,0,8,4,10,1
woman with blue gloves and floral shirt handling a large ceramic bowl in a ceramic shop ,the woman is holding a ceramic bowl ,0,0,14,6,19,1
woman with blue gloves and floral shirt handling a large ceramic bowl in a ceramic shop ,the woman is wearing a plain  green shirt ,0,0,7,4,11,0
a little girl smiles as she slides down a tube on a sunny day ,a little girl slides down a tube ,15,1,20,8,16,1
a little girl smiles as she slides down a tube on a sunny day ,a little girl is crying as she slides down a tube ,14,1,27,10,16,0
two dogs chase another dog that has a ball ,  dogs are sitting in a dog shelter hoping someone will adopt them and play ball with them ,0,0,6,4,11,0
two dogs chase another dog that has a ball ,the dogs all want the same ball ,1,0,6,2,8,1
a man wearing glasses is singing into a microphone ,a man sings into microphone,6,0,11,5,17,1
a man wearing glasses is singing into a microphone ,a man is dancing without a microphone,6,0,13,5,15,0
a bride and groom share a kiss ,a bride and a groom kiss ,12,1,12,6,14,1
a bride and groom share a kiss ,a bride in a groom don t share a kiss ,8,0,14,6,15,0
a man in a blue shirt walking down the street ,a man is walking outside ,7,0,9,4,11,1
a man in a blue shirt walking down the street ,a man is walking around inside his house ,7,0,9,4,11,0
fans are cheering at a performance ,the fans are driving ,0,0,9,2,7,0
fans are cheering at a performance ,the performance has gotten the fans cheering ,0,0,13,3,23,1
three soldiers are having a discussion in front of a playground  while others look on ,the soldiers are silent ,2,0,15,2,11,0
three soldiers are having a discussion in front of a playground  while others look on ,the soldiers are having a discussion outdoors while others look ,2,0,35,9,24,1
a blond child is drinking from a garden hose ,the redhead is drinking from the garden hose ,0,0,19,5,18,0
a blond child is drinking from a garden hose ,the kid is using a garden hose for drinking ,0,0,15,6,18,1
several armed forces officers and civilians are standing around a children s playground ,armed forces officers balance their guns on childrens heads at a playground ,0,0,22,5,24,0
several armed forces officers and civilians are standing around a children s playground ,armed forces officers stand around a playground ,0,0,22,6,24,1
us troops keeping calm in a no fly zone at one of the crucial points in tripoli  libya ,a group of troops are laughing and talking ,0,0,8,3,9,0
us troops keeping calm in a no fly zone at one of the crucial points in tripoli  libya ,a group of troops are attempting to stay quiet  ,0,0,8,3,9,1
military men are conversing near a playground ,they are in the military,0,0,8,2,11,1
military men are conversing near a playground ,they are on mars,0,0,5,1,3,0
a young girl wearing mardi gras beads and a green dress is accompanied by two boys  one on foot and one on a bicycle  as she walks down a dirt road ,the young children go shopping ,0,0,7,1,5,0
a young girl wearing mardi gras beads and a green dress is accompanied by two boys  one on foot and one on a bicycle  as she walks down a dirt road ,a young girl and two boys travel down a dirt road ,13,1,18,13,13,1
a group of boys enjoying a day by down the creek ,some people enjoying the day by the farmhouse ,0,0,10,4,14,0
a group of boys enjoying a day by down the creek ,some people down near a creek ,0,0,7,4,10,1
five boys standing a one boy sitting by the lake ,girls are gossiping,0,0,3,0,0,0
five boys standing a one boy sitting by the lake ,boys stand next to another boy sitting by the water,0,0,20,5,14,1
five young boys observe remote control boat in water ,five young boys are near water ,16,1,16,4,14,1
five young boys observe remote control boat in water ,five young boys are in a boat on the water ,16,1,16,6,14,0
group of asian boy on the right of the long table of vegetables and food and asian adults on the left ,there are many asians at the table ,0,0,7,4,11,1
group of asian boy on the right of the long table of vegetables and food and asian adults on the left ,the group of asians are playing a round of golf ,0,0,14,7,11,0
boy jumping in the air with a girl on the couch punching towards him ,nobody has their fist clenched ,0,0,4,0,0,0
boy jumping in the air with a girl on the couch punching towards him ,someone is jumping ,0,0,9,1,7,1
three young african children in a poor part of africa one riding a bike ,three children are outside ,6,0,10,2,13,1
three young african children in a poor part of africa one riding a bike ,three children are swimming in a river ,6,0,10,5,15,0
a child in a green shirt rides a bicycle ,the bicycle is moving ,0,0,9,1,7,1
a child in a green shirt rides a bicycle ,the child is wearing a red shirt ,0,0,8,5,11,0
an african american base player wearing a blue shirt  being backed up by a drummer ,a caucasian base player is wearing a gray shirt ,1,0,15,6,18,0
an african american base player wearing a blue shirt  being backed up by a drummer ,a drummer is backing up a base player ,1,0,13,6,17,1
a boat captain steering a large green wheel ,a man is steering a car ,2,0,12,3,10,0
a boat captain steering a large green wheel ,a guy is at the green helm of a boat ,2,0,8,4,10,1
pictured is the captain of a boat  he is steering ,the man is working a tractor,0,0,4,4,7,0
pictured is the captain of a boat  he is steering ,the man is on a boat,0,0,7,5,9,1
an older man in nautical gear smilingly turns a ship wheel ,a man standing beside a boat ,1,0,5,2,4,0
an older man in nautical gear smilingly turns a ship wheel ,a ship wheel is manned by a well equipped older man ,1,0,13,5,14,1
the smiling ship captain is holding the wheel of his wooden ship ,the ship captain has abandon his ship ,5,0,14,6,15,0
the smiling ship captain is holding the wheel of his wooden ship ,the ship captain is holding the sterring wheel ,5,0,29,8,19,1
a large  green  navigating wheel is held by an older man in a captain s hat and uniform ,older man wearing an outfit,0,0,10,3,10,1
a large  green  navigating wheel is held by an older man in a captain s hat and uniform ,older man having a pool party,0,0,10,4,9,0
three firefighters enraged after a prank call ,three firefighters are about to start shooting a themed porno ,19,1,19,3,18,0
three firefighters enraged after a prank call ,three people are angry ,6,0,6,1,5,1
two brothers take a nap on a gray couch ,the brothers are racing towards home ,1,0,10,1,8,0
two brothers take a nap on a gray couch ,the brothers are napping on the couch ,1,0,10,3,15,1
a man with hairy arms and a watch pours creamer into a cup of coffee  making color ripples along the surface ,a man makes coffee,6,0,7,5,10,1
a man with hairy arms and a watch pours creamer into a cup of coffee  making color ripples along the surface ,the man is making soup,0,0,8,3,12,0
a man in camouflage pants and a backwards cap carrying a toolbox and a backpack ,nobody has clothing ,0,0,4,0,0,0
a man in camouflage pants and a backwards cap carrying a toolbox and a backpack ,a person has clothing ,2,0,4,4,3,1
a woman with brown hair  wearing sunglasses asking a asian gentleman for directions ,the woman is speaking to the man ,0,0,7,1,5,1
a woman with brown hair  wearing sunglasses asking a asian gentleman for directions ,a woman challenges her karate instructor to a fight ,8,0,8,3,7,0
female street entertainer with horns doing a curtsey ,the woman is inside taking a bath ,0,0,6,1,1,0
female street entertainer with horns doing a curtsey ,the woman is on the street ,0,0,9,1,6,1
little girl in pink coat on a swing ,little girl swinging ,12,1,12,2,10,1
little girl in pink coat on a swing ,little girl napping on the chair ,12,1,12,3,12,0
people under a tent at a reception ,two bears are climbing a tree ,0,0,4,2,2,0
people under a tent at a reception ,people are outside ,7,0,7,1,6,1
a formal band performing their works ,the band is eating dinner ,0,0,6,1,4,0
a formal band performing their works ,the band is playing music ,0,0,6,1,4,1
several stall shops selling various goods line a dimly lit cobblestone street ,stalls on a cobblestone street are selling goods ,1,0,20,5,24,1
several stall shops selling various goods line a dimly lit cobblestone street ,people are shopping in the mall ,0,0,5,0,0,0
a cowboy riding on the back of a bronco in a competition ,the horse was running,0,0,4,1,3,1
a cowboy riding on the back of a bronco in a competition ,the cowboy rode the sheep,0,0,9,2,9,0
three chinese people eat soup ,the women are eating pizza ,2,0,5,0,0,0
three chinese people eat soup ,the people are eating soup ,2,0,9,2,10,1
a woman in orange sunglasses jogs ,the woman walks around the track ,0,0,7,1,5,0
a woman in orange sunglasses jogs ,a person is jogging ,2,0,5,1,1,1
two women and a man are sitting at a round table ,three people sitting at a round table,1,0,26,6,17,1
two women and a man are sitting at a round table ,the people are plotting an assassination,1,0,7,1,3,0
a family deciding what to other at a restaurant,a family looks over a menu at a restaurant,9,0,16,5,18,1
a family deciding what to other at a restaurant,a family at home orders a delivery pizza,9,0,9,4,9,0
three people sit and talk about the menu at a chinese restaurant ,a puppy is sitting ,0,0,4,1,1,0
three people sit and talk about the menu at a chinese restaurant ,people are conversing ,0,0,7,1,6,1
the chines people are doing something ,the chinese people are busy with something ,10,1,12,4,18,1
the chines people are doing something ,the chinese poeple arent doing anything ,10,1,10,2,8,0
pedestrians stop to watch a man create a mural on a wall at the side of a street ,people are watching a man create a clay sculpture ,2,0,16,6,10,0
pedestrians stop to watch a man create a mural on a wall at the side of a street ,people are watching a man create a mural ,2,0,22,7,14,1
an older man with glasses clasps his hands together as two seated individuals watch him ,two men are playing basketball while a man is clasping his hands ,0,0,11,4,11,0
an older man with glasses clasps his hands together as two seated individuals watch him ,there are three people there ,0,0,4,0,0,1
a woman with beads around her neck is performing a dance as part of a parade ,the woman is sitting down with family ,0,0,7,3,11,0
a woman with beads around her neck is performing a dance as part of a parade ,the woman is performing in the parade ,0,0,15,4,21,1
a person painting a mural on the side of a building while people are standing around watching ,the painter is sleeping near his easle ,0,0,6,1,3,0
a person painting a mural on the side of a building while people are standing around watching ,people watch as a person paints the side of a building ,0,0,24,9,20,1
a crowd of people underneath a hi pointe neon sign ,a crowd of people standing on the summit of a mountain ,18,1,18,5,13,0
a crowd of people underneath a hi pointe neon sign ,a crowd of people stand under a sign ,18,1,18,6,15,1
a crowd of young adults outside a nightclub ,the people are outside a pool,0,0,11,3,9,0
a crowd of young adults outside a nightclub ,the adults are outside,0,0,8,2,13,1
a small white car is stuck on the track  while the train car that hit it at a slow speed  sits still  as a rescue worker helps the driver ,the car is near a train ,0,0,9,10,11,1
a small white car is stuck on the track  while the train car that hit it at a slow speed  sits still  as a rescue worker helps the driver ,the small car is blue ,0,0,8,7,11,0
a male is looking at different colored yarn wearing a white shirt ,the man is wearing a white shirt,0,0,22,6,17,1
a male is looking at different colored yarn wearing a white shirt ,the man is an armadillo,0,0,4,1,2,0
a young man and an older man sit on a plaid loveseat ,a young man and an older man play street hockey ,29,1,29,8,13,0
a young man and an older man sit on a plaid loveseat ,two men are sitting ,0,0,4,0,0,1
a man plays the piano  while a second man plays a guitar and a third man plays the saxophone ,three men are in a garage working under the hood of an old car ,0,0,5,6,7,0
a man plays the piano  while a second man plays a guitar and a third man plays the saxophone ,three men are playing musical instruments ,0,0,5,0,0,1
three men work at a construction site ,a guy taking a nap,0,0,3,1,1,0
three men work at a construction site ,three construction workers working at a site,6,0,14,5,21,1
a painting of a man drinking from a bottle on the side of a building ,a man is not indoors,2,0,6,5,5,1
a painting of a man drinking from a bottle on the side of a building ,a woman is sitting in her living room sipping on champagne,2,0,5,5,4,0
three construction men on a beam working with high rises in the background ,three construction men are taking a lunch break ,23,1,23,4,20,0
three construction men on a beam working with high rises in the background ,a building is being worked on ,0,0,5,2,3,1
a man performing dangerous construction work ,a person is working ,2,0,5,1,1,1
a man performing dangerous construction work ,a construction worker is at lunch ,2,0,18,2,13,0
two guys in blue shirts are standing on top of a construction surface doing construction work ,two men do construction work ,4,0,19,4,28,1
two guys in blue shirts are standing on top of a construction surface doing construction work ,two men drink wine and watch the opera ,4,0,4,1,3,0
two guys in blue shirts are standing on top of a construction surface doing construction work ,two men are working outdoors,4,0,5,2,6,1
two guys in blue shirts are standing on top of a construction surface doing construction work ,two guys are doing construction work,9,0,25,7,29,1
two guys in blue shirts are standing on top of a construction surface doing construction work ,these two men are security guards,1,0,6,2,6,0
two guys in blue shirts are standing on top of a construction surface doing construction work ,a couple of workers are are doing construction ,0,0,21,6,29,1
two guys in blue shirts are standing on top of a construction surface doing construction work ,the two men are working on a job ,1,0,7,4,8,1
two guys in blue shirts are standing on top of a construction surface doing construction work ,the construction workers are taking a shower ,1,0,18,4,27,0
two guys in blue shirts are standing on top of a construction surface doing construction work ,a few miners are working on extracting ore from the earth ,0,0,7,3,6,0
two guys in blue shirts are standing on top of a construction surface doing construction work ,two men are on break at a restaurant,4,0,5,4,8,0
workers on a platform work together to carry an item with skyscrapers in the background ,workers on a platform work to carry an item with tall buildings in the background,29,1,29,13,25,1
workers on a platform work together to carry an item with skyscrapers in the background ,workers on a platform work to clean windows by the ocean ,29,1,29,7,19,0
three older men playing live music in a grand hall ,a trio of jazz muscicians performing at a nightclub ,0,0,4,1,1,0
three older men playing live music in a grand hall ,a trio of older gentlemen performing in a musical concert ,0,0,7,3,8,1
two children perform a karate move on a red mat ,the children are watching a karate movie on the floor ,1,0,13,5,16,0
two children perform a karate move on a red mat ,the two kids are physically active ,1,0,4,1,3,1
adolescent white man with black hair  black pants  and a white and black polka dotted shirt holding and singing into a microphone ,a man is rapping at a hip hop show,1,0,5,3,5,0
adolescent white man with black hair  black pants  and a white and black polka dotted shirt holding and singing into a microphone ,the man is naked in the shower by himself ,0,0,6,1,3,0
adolescent white man with black hair  black pants  and a white and black polka dotted shirt holding and singing into a microphone ,a man is singing,1,0,8,4,11,1
adolescent white man with black hair  black pants  and a white and black polka dotted shirt holding and singing into a microphone ,a man sings into a mic,1,0,11,4,8,1
adolescent white man with black hair  black pants  and a white and black polka dotted shirt holding and singing into a microphone ,the man is near the microphone ,0,0,12,2,13,1
adolescent white man with black hair  black pants  and a white and black polka dotted shirt holding and singing into a microphone ,donkey drive a bus into a herd of waffles,0,0,8,3,6,0
adolescent white man with black hair  black pants  and a white and black polka dotted shirt holding and singing into a microphone ,a white man has black hair ,1,0,12,9,15,1
adolescent white man with black hair  black pants  and a white and black polka dotted shirt holding and singing into a microphone ,a white man has white hair ,1,0,11,6,14,0
adolescent white man with black hair  black pants  and a white and black polka dotted shirt holding and singing into a microphone ,young boy performs folk song for a crowd,0,0,3,2,2,1
adolescent white man with black hair  black pants  and a white and black polka dotted shirt holding and singing into a microphone ,a man plays madden on xbox,1,0,5,3,5,0
a man wearing a white shirt with black dot is holding a microphone as he stands in front of a background of black with white symbols on it ,a man holds a microphone ,6,0,14,6,14,1
a man wearing a white shirt with black dot is holding a microphone as he stands in front of a background of black with white symbols on it ,a woman is painting ,2,0,4,5,4,0
two dogs are walking on a rugged path  one with a blue rope tied to a red object in its mouth ,dogs are walking outside,0,0,18,3,14,1
two dogs are walking on a rugged path  one with a blue rope tied to a red object in its mouth ,dogs eating birds,0,0,5,1,4,0
a young man in a white polka dot shirt is singing into a microphone ,a young man is singing ,13,1,13,7,15,1
a young man in a white polka dot shirt is singing into a microphone ,a young man is making a speech ,13,1,13,6,10,0
man singing on stage at a performance ,the cat eats sheep,0,0,3,0,0,0
man singing on stage at a performance ,the guy sings,0,0,5,0,0,1
two dogs walking through nature ,a man mows the lawn ,0,0,3,0,0,0
two dogs walking through nature ,dogs outside ,0,0,5,1,4,1
a man in a brown coat standing on a porch,a human standing,2,0,9,4,10,1
a man in a brown coat standing on a porch,nobody is standing,0,0,9,1,8,0
three ladies posing for the camera,some women standing in a park,0,0,4,0,0,0
three ladies posing for the camera,ladies are posing  for the camera,0,0,15,5,18,1
an old lady standing on a porch looking off in the distance,a woman is staring off at something ,1,0,8,2,4,1
an old lady standing on a porch looking off in the distance,a woman is sitting in her rocking chair knitting a hat ,1,0,5,2,3,0
the lady on the porch is wearing a brown jacket ,a man is wearing a sun hat in the backyard ,0,0,14,5,13,0
the lady on the porch is wearing a brown jacket ,a woman is wearing a heavy coat standing on the patio ,0,0,14,6,13,1
a elderly woman in a tan jacket is standing by the door of a wooden house carrying a green and beige bag ,the woman is wearing a tan jacket ,0,0,14,9,14,1
a elderly woman in a tan jacket is standing by the door of a wooden house carrying a green and beige bag ,the woman is wearing a black jacket ,0,0,8,8,14,0
a man in a brown jacket standing in front of an open porch door ,a man is standing in front of the porch door ,7,0,22,10,18,1
a man in a brown jacket standing in front of an open porch door ,the man is sitting down ,0,0,6,1,3,0
many people are dunking to support special olympics ,several people are in close proximity to each other ,0,0,12,3,11,1
many people are dunking to support special olympics ,several people are getting their heads shaved to benefit charity ,0,0,12,3,11,0
fully clothed adults splash each other as they play in water ,the adults are naked ,0,0,8,1,6,0
fully clothed adults splash each other as they play in water ,adults play in water ,0,0,15,4,15,1
a man in a pink shirt stands next to a man in orange ,the woman is wearing a pink and orange dress ,0,0,8,5,11,0
a man in a pink shirt stands next to a man in orange ,the person in orange is standing next to a person wearing pink ,0,0,12,9,14,1
three men stand around in bright solid colored shirts and colorful hats ,the three people are in bright colored clothes ,2,0,11,4,18,1
three men stand around in bright solid colored shirts and colorful hats ,the three men are wearing to much dark clothes ,2,0,10,2,8,0
three smiling men in brightly colored shirts ,three men are smiling together ,6,0,10,3,15,1
three smiling men in brightly colored shirts ,three men are at a concert with black hoodies ,6,0,6,2,8,0
many people playing and splashing in a fountain ,many people are playing outside ,12,1,12,3,17,1
many people playing and splashing in a fountain ,many people are arguing ,12,1,12,2,10,0
people wearing life jackets jumping into or looking at the river ,people are near water ,7,0,7,1,6,1
people wearing life jackets jumping into or looking at the river ,people are standing on the beach ,7,0,7,2,9,0
a line of basketball players doing a drill ,players doing a drill,0,0,21,5,17,1
a line of basketball players doing a drill ,the people are flying a plane,0,0,6,2,2,0
some young men playing basketball,some young men are playing baseball ,15,1,15,4,16,0
some young men playing basketball,basketball is being played ,0,0,10,1,10,1
a girl in a life jacket is swimming while others watch from the rocks ,a girl swimming alone ,7,0,10,4,13,1
a girl in a life jacket is swimming while others watch from the rocks ,a girl playing softball  alone ,7,0,7,3,6,0
a group of men stand in a gymnasium with a basketball ,they are playing basketball,0,0,11,1,10,1
a group of men stand in a gymnasium with a basketball ,the men are in the gym,0,0,5,2,5,1
a group of men stand in a gymnasium with a basketball ,they are outside,0,0,2,0,0,0
a man in a white restaraunt shirt smokes next to a dumpster ,a man is cooking for a customer ,7,0,7,4,5,0
a man in a white restaraunt shirt smokes next to a dumpster ,a man smokes outside ,6,0,8,5,10,1
women of all ages and backgrounds practice yoga in an indoor studio ,the woman are doing yoga,0,0,5,1,4,1
women of all ages and backgrounds practice yoga in an indoor studio ,they are all young,0,0,5,1,3,0
a happy toddler is carrying a notebook ,the toddler is happy ,0,0,12,3,14,1
a happy toddler is carrying a notebook ,a happy toddler is playing with her blocks ,19,1,19,5,14,0
a man plays a keyboard and sings ,a boy skips down the street ,2,0,2,2,2,0
a man plays a keyboard and sings ,a man performs a song ,7,0,7,3,5,1
a blond headed toddler walking with a red piece of paper in hand ,a toddler is walking ,2,0,9,4,15,1
a blond headed toddler walking with a red piece of paper in hand ,an adult is walking with a red piece of paper in hand ,1,0,43,10,17,0
a woman plays a synthesizer in a dark room ,the synthesizer is shaped like a tennis racket ,0,0,14,4,13,0
a woman plays a synthesizer in a dark room ,the synthesizer is making noise ,0,0,14,1,11,1
a little boy is running down the aisle clutching a book ,jessica bought a new book ,0,0,6,3,6,0
a little boy is running down the aisle clutching a book ,billy was running with his book clutched next to him ,0,0,10,2,11,1
little boy happily holds red booklet near rows of folding chairs ,a little boy stands by folding chairs holding a red book ,0,0,16,5,19,1
little boy happily holds red booklet near rows of folding chairs ,a girl holds a candle by a stage ,0,0,7,1,5,0
a flight attendant is demonstrating safety devices ,a flight attendant is putting on a show,22,1,22,4,17,1
a flight attendant is demonstrating safety devices ,a worker is on the plane,2,0,4,2,3,0
a stewardess reviews safety procedures on a plane ,the woman is on a boat ,0,0,7,3,4,0
a stewardess reviews safety procedures on a plane ,a stewardess is on a plane ,13,1,13,5,17,1
a flight attendant showing passengers how to use the airplane safety vest , a flight attendant showing passengers something ,0,0,38,5,26,1
a flight attendant showing passengers how to use the airplane safety vest ,a carpenter at work ,2,0,3,1,1,0
an elderly woman and another younger woman greeting each other ,an elderly alien and another younger alien,11,1,22,5,21,0
an elderly woman and another younger woman greeting each other ,an elderly woman and another younger woman,42,1,42,7,21,1
woman on airplane models a flotation device ,the woman is demonstrating a floatation device on a boat ,0,0,14,4,13,0
woman on airplane models a flotation device ,the woman is inside an airplane ,0,0,11,2,13,1
two asian females go walking ,two asian women walk ,10,1,10,2,8,1
two asian females go walking ,two people are walking ,4,0,9,2,10,1
two asian females go walking ,two caucasians are walking,4,0,8,2,10,0
two asian females go walking ,the females are mountain climbing ,1,0,9,1,7,0
two asian females go walking ,two asian women sit at a table ,10,1,10,2,8,0
two asian females go walking ,two ladies are tending their gardens ,4,0,4,1,3,0
two asian females go walking ,two men are hiking ,4,0,5,1,3,0
two asian females go walking ,two asian females are taking a stroll together,18,1,18,3,15,1
two asian females go walking ,ladies are walking ,0,0,9,1,7,1
two asian females go walking ,the females are moving their legs ,1,0,9,1,7,1
two young women walking ,the ladies are sitting in the kitchen ,1,0,4,0,0,0
two young women walking ,the two young women are walking somewhere ,1,0,16,4,17,1
two young women walking ,two women are running together ,4,0,7,2,8,0
two young women walking ,one man jogging outside ,0,0,4,0,0,0
two young women walking ,a man and a women are walking together ,0,0,9,2,12,0
two young women walking ,ladies are walking ,0,0,9,1,7,1
two young women walking ,a pair of young looking females walking ,0,0,9,2,12,1
two young women walking ,two girls are walking together ,4,0,9,2,10,1
two young women walking ,the two young women are sitting on a bench ,1,0,16,3,13,0
two young women walking ,two women on a walk outside ,4,0,7,2,8,1
two young women walk past a door in a white wall ,two friends are walking down the street,4,0,5,1,3,1
two young women walk past a door in a white wall ,friends are sleeping in the street,0,0,4,1,2,0
two women walking ,there are two people walking ,1,0,9,2,10,1
two women walking ,there are four people jogging ,1,0,4,0,0,0
a man is playing guitar and wearing sunglasses ,a man is playing guitar ,24,1,24,5,16,1
a man is playing guitar and wearing sunglasses ,a man is smashing his guitar ,9,0,9,4,11,0
a man wearing sunglasses is playing the guitar ,a man is playing the guitar ,6,0,23,6,16,1
a man wearing sunglasses is playing the guitar ,the man is playing the flute ,0,0,16,4,13,0
a man wearing sunglasses playing an acoustic guitar ,a man playing an accordion for a crowd ,6,0,14,4,12,0
a man wearing sunglasses playing an acoustic guitar ,a man standing outside ,6,0,6,2,4,1
a woman window shops outside of a louis vuitton store ,the woman is standing outside the dior store ,0,0,9,3,17,0
a woman window shops outside of a louis vuitton store ,the woman is standing outside the shop s window ,0,0,9,3,18,1
a man with sunglasses is playing the guitar ,a musician plays a song ,3,0,5,1,1,1
a man with sunglasses is playing the guitar ,the guitarist smashes his guitar at the end of the set ,0,0,10,2,9,0
two girls hold up their younger sister ,two girls hold up their younger sister as a sacrifice to the gods ,39,1,39,7,18,0
two girls hold up their younger sister ,two girls are holding up their little sister ,10,1,10,5,16,1
a motocross biker about to descend,a biker about to descend ,2,0,23,5,17,1
a motocross biker about to descend,a biker waits for his turn to race ,2,0,7,3,8,0
a man and a woman with a head covering are on a bridge looking at the water and a boat ,children are in a queue ,0,0,5,6,5,0
a man and a woman with a head covering are on a bridge looking at the water and a boat ,a man and a woman are looking at a boat ,18,1,18,13,16,1
two girls holding another girl wearing a yellow top in a room with tan carpet ,two girls order a pizza from an older woman ,10,1,10,4,9,0
two girls holding another girl wearing a yellow top in a room with tan carpet ,females holding another female in a room ,0,0,18,6,18,1
a person rappels down a steep incline ,a person sits on the couch eating cheetos,9,0,9,3,8,0
a person rappels down a steep incline ,a person is rappelling,9,0,9,3,8,1
the motorcyclist has reached the summit ,a person rides a motorcycle ,0,0,10,0,0,1
the motorcyclist has reached the summit ,a person drives a car ,0,0,2,0,0,0
two girls lift a third girl ,two girls are watching a third girl being lifted by a couple boys ,10,1,14,5,14,0
two girls lift a third girl ,a guy uses a hose to water his bush ,0,0,3,1,1,0
two girls lift a third girl ,three girls are sitting on the grass eating ice cream,1,0,7,1,5,0
two girls lift a third girl ,two girls are lifting somebody,10,1,10,2,8,1
two girls lift a third girl ,two girls are picking up another girl,10,1,10,3,12,1
two girls lift a third girl ,two girls beat up a younger girl ,10,1,10,4,12,0
two girls lift a third girl ,a wooden door has a hole in it ,0,0,3,1,1,0
two girls lift a third girl ,three girls are playing together ,1,0,7,1,5,1
two girls lift a third girl ,people lift each other ,0,0,6,1,4,1
two girls lift a third girl ,three girls are doing something ,1,0,7,1,5,1
a brown dog runs on brown grass ,a dog running on grass ,2,0,8,4,10,1
a brown dog runs on brown grass ,an old dog running on bright green grass ,1,0,8,3,10,0
the furry brown dog is running through the grassy area ,the dog is playing in a field ,4,0,8,4,9,1
the furry brown dog is running through the grassy area ,the dog is sleeping on the bed ,4,0,8,4,9,0
a brown dog is running and looking up at the sky ,a brown dog lays under a tree ,12,1,12,3,9,0
a brown dog is running and looking up at the sky ,a brown dog runs while looking at the sky ,12,1,12,7,15,1
a golden colored dug prances in the grass ,a dog is in the grass ,2,0,15,4,10,1
a golden colored dug prances in the grass ,a dog is napping outside ,2,0,2,1,1,0
the brown dog is playing outdoors ,an animal is outside ,0,0,4,1,2,1
the brown dog is playing outdoors ,the brown dog is eating in the kitchen ,17,1,17,4,11,0
asian man shooting a gun in between rocks ,asian man shooting a gun ,25,1,25,5,16,1
asian man shooting a gun in between rocks ,the man is using a bow and arrow ,0,0,6,2,4,0
an asian man  crouching on a stone wall in the mountains aiming a rifle ,the man is holding a sword ,0,0,6,4,7,0
an asian man  crouching on a stone wall in the mountains aiming a rifle ,the man aims his gun ,0,0,5,2,6,1
a man on a hilltop is crouched and holding a gun ,the man is swinging on a tire swing,0,0,6,6,7,0
a man on a hilltop is crouched and holding a gun ,a man has a gun,6,0,6,5,7,1
two young boys are playing with two toddler girls ,two boys are making themselves breakfast ,4,0,10,4,10,0
two young boys are playing with two toddler girls ,four kids are playing a game together ,0,0,14,2,10,1
an asian man in a jacket  glasses  and sandals is at a high altitude aiming a gun ,an asian man gets ready to shoot a gun ,13,1,13,7,11,1
an asian man in a jacket  glasses  and sandals is at a high altitude aiming a gun ,an asian man is surfing ,14,1,14,4,10,0
a man with a baseball cap and black jacket stands in a bathroom while holding a coffee mug ,a naked man is standing in the bathroom ,2,0,10,7,13,0
a man with a baseball cap and black jacket stands in a bathroom while holding a coffee mug ,a man goes to the bathroom on some coffee ,6,0,10,7,17,0
a man with a baseball cap and black jacket stands in a bathroom while holding a coffee mug ,a man is throwing rocks,6,0,6,5,5,0
a man with a baseball cap and black jacket stands in a bathroom while holding a coffee mug ,a man stands in a bathroom with a coffee cup ,6,0,23,10,20,1
a man with a baseball cap and black jacket stands in a bathroom while holding a coffee mug ,a man drinks in the bathroom,6,0,9,7,13,1
a man with a baseball cap and black jacket stands in a bathroom while holding a coffee mug ,there is someone in the bathroom ,0,0,10,2,10,1
a man with a baseball cap and black jacket stands in a bathroom while holding a coffee mug ,a man is indoors ,6,0,6,5,5,1
a man with a baseball cap and black jacket stands in a bathroom while holding a coffee mug ,a man is running ,6,0,6,5,5,0
a man with a baseball cap and black jacket stands in a bathroom while holding a coffee mug ,a man is wearing a hat on his head ,6,0,6,5,5,1
a man with a baseball cap and black jacket stands in a bathroom while holding a coffee mug ,the man is wearing a blue jacket ,0,0,8,6,10,0
a woman walking down the side of a highway ,the woman walks down the road ,0,0,11,3,12,1
a woman walking down the side of a highway ,the man is walking down the highway ,0,0,18,4,18,0
a woman is walking down the middle of the road carrying a bottle ,a woman is running outside,11,1,11,4,8,0
a woman is walking down the middle of the road carrying a bottle ,a woman is walking outside,19,1,19,5,14,1
a woman in a short skirt holds a plastic bottle as she walks down a street with auto and pedestrian traffic ,the woman is inside buying a card ,0,0,8,5,7,0
a woman in a short skirt holds a plastic bottle as she walks down a street with auto and pedestrian traffic ,the woman in a short skit is holding a bottle and walking outdoors ,0,0,21,9,16,1
a woman wearing a jean skirt walks down a city street ,a female walks down an urban street ,2,0,13,6,15,1
a woman wearing a jean skirt walks down a city street ,a man in jeans runs through a park ,2,0,5,3,3,0
a woman walking parallel to a yellow line against traffic ,a woman is flying through the sky ,8,0,8,3,7,0
a woman walking parallel to a yellow line against traffic ,a person is walking along the side of the road ,2,0,9,3,9,1
fellows writing on the back of a friend with black markers ,people are bullying a kid by writing cruel things on his back with permanant marker ,0,0,9,5,15,0
fellows writing on the back of a friend with black markers ,there are people writing on someone s back ,0,0,12,3,13,1
a couple dressed in hoodies kissing on the beach ,they are not at a beach,0,0,6,2,6,0
a couple dressed in hoodies kissing on the beach ,there is a couple,0,0,8,2,7,1
a man holds up a fish he just caught ,the man was using a sword to catch fish with ,0,0,6,4,8,0
a man holds up a fish he just caught ,he found a great place to fish ,0,0,6,4,7,1
a woman in a green t shirt speaks into a microphone ,there is a woman in a green t shirt ,0,0,27,8,15,1
a woman in a green t shirt speaks into a microphone ,a man in green shorts speaks into a microphone ,2,0,26,8,21,0
a little girl walking down a dirt road behind a group of other walkers ,the girl is not at the head of the pack of people ,0,0,7,2,6,1
a little girl walking down a dirt road behind a group of other walkers ,girl walking down road,0,0,18,4,15,1
a little girl walking down a dirt road behind a group of other walkers ,guys in group,0,0,6,1,5,0
a little girl walking down a dirt road behind a group of other walkers ,a girl rides her bike on the sidewalk,2,0,6,4,6,0
a little girl walking down a dirt road behind a group of other walkers ,a little girl walking outdoors ,22,1,22,6,17,1
a little girl walking down a dirt road behind a group of other walkers ,a girl is riding a bicycle down a grassy hill ,2,0,8,5,9,0
a little girl walking down a dirt road behind a group of other walkers ,the little girl is riding a bike ,0,0,13,5,11,0
a little girl walking down a dirt road behind a group of other walkers ,a girl is on a dirt road ,2,0,14,6,12,1
a little girl walking down a dirt road behind a group of other walkers ,a small girl is following people walking down a dirt road ,2,0,26,8,15,1
a little girl walking down a dirt road behind a group of other walkers ,a little girl lying down  watching television ,14,1,14,6,14,0
a bunch of travelers stand around ,a group of people are corded together ,2,0,4,2,3,1
a bunch of travelers stand around ,there is one person outside ,0,0,3,0,0,0
a young adult wearing jeans and a camouflage t shirt playing a black electric guitar ,the musician wears a frilly dress ,0,0,5,3,3,0
a young adult wearing jeans and a camouflage t shirt playing a black electric guitar ,the guitar player weras black and camo clothing ,0,0,8,3,14,1
there is an asian woman in a black suit who is standing around and waiting at an airport ,a woman is knitting a hat for a baby ,0,0,8,4,9,0
there is an asian woman in a black suit who is standing around and waiting at an airport ,a woman is waiting at the airport ,0,0,12,7,19,1
a woman of asian looking descent in a black outfit standing in the airport baggage area ,a woman waiting at the airport baggage claim,8,0,21,6,19,1
a woman of asian looking descent in a black outfit standing in the airport baggage area ,a woman walking three dogs in the park,8,0,8,6,10,0
people are waiting with their luggage at an airport check in ,people are waiting to check in for their flights ,19,1,19,6,18,1
people are waiting with their luggage at an airport check in ,a couple nearly misses their cruise departure due to traffic ,0,0,7,1,5,0
people in a airport with luggage waiting on something ,the people are at home sleeping ,0,0,7,1,6,0
people in a airport with luggage waiting on something ,the people are indoors waiting ,0,0,9,2,13,1
a kid does a tumbling move over a leaf covered lawn near sundown ,a young woman does a tumbling move,2,0,21,6,16,0
a kid does a tumbling move over a leaf covered lawn near sundown ,a kid does a tumbling move,26,1,26,7,16,1
a band performs on a stage ,a band performs ,16,1,16,4,13,1
a band performs on a stage ,a band take a break in the green room ,7,0,7,3,6,0
a woman in a black shirt walking down the street,a young man in a red shirt is riding a skateboard down thew street ,2,0,9,6,15,0
a woman in a black shirt walking down the street,there is a woman wearing a back shirt walking in the street ,0,0,18,8,18,1
a man with a blue and white trucker style hat with a logo is wearing glasses in front of a man with a yellow shirt ,a man wairs a blue hat and glasses,7,0,8,11,14,1
a man with a blue and white trucker style hat with a logo is wearing glasses in front of a man with a yellow shirt ,they are driving,0,0,3,0,0,0
a man in a t shirt  glasses and a national bohemian beer cap is looking to his right and smiling ,a man is smiling,7,0,8,6,12,1
a man in a t shirt  glasses and a national bohemian beer cap is looking to his right and smiling ,a man is happily wearing his beer cap outside,7,0,10,8,10,0
a woman in pink is singing on stage next to three guitar players ,a woman is singing ,9,0,12,4,14,1
a woman in pink is singing on stage next to three guitar players ,the woman is not a good singer ,0,0,8,3,8,0
a woman in a black shirt is walking holding a silver cellphone ,a woman is walking,9,0,11,6,14,1
a woman in a black shirt is walking holding a silver cellphone ,a man is walking,2,0,11,5,10,0
a group of people are at an aquarium to view marine life ,a group of people are looking at zebras at the zoo ,22,1,22,6,14,0
a group of people are at an aquarium to view marine life ,a group are viewing all the different types of fish at the aquarium ,8,0,10,6,16,1
a young women smiling and a young man smirking in front of a speaker ,two young people arguing ,0,0,7,2,10,0
a young women smiling and a young man smirking in front of a speaker ,two people enjoying each others company ,0,0,4,0,0,1
a man is doing his laundry ,a young man is eating lunch ,2,0,8,3,6,0
a man is doing his laundry ,a man does his laundry ,6,0,13,4,13,1
a person stands in the middle of traffic ,a person is sitting in the the middle of nowhere ,9,0,15,6,15,0
a person stands in the middle of traffic ,a person is standing in the public ,9,0,9,4,11,1
a man dressed in a red shirt sits watching his laundry being washed ,the man is riding a bicycle ,0,0,5,3,5,0
a man dressed in a red shirt sits watching his laundry being washed ,a man in indoors ,6,0,6,4,6,1
man sits and watches five washing machines ,a man watches the only machine in the room ,0,0,9,2,10,0
man sits and watches five washing machines ,there is a person watching machines designed to clean laundry ,0,0,14,1,8,1
people looking at fish at an aquarium ,some people are watching fish in an aquarium ,0,0,13,4,18,1
people looking at fish at an aquarium ,a group of people is observing aquatic life ,0,0,7,1,6,1
people looking at fish at an aquarium ,the group of people have reached the top of the eiffel tower ,0,0,7,1,6,0
people looking at fish at an aquarium ,the people are eating fish ,0,0,7,2,10,0
people looking at fish at an aquarium ,people are gathered around a dinosaur exhibit at a museum ,7,0,7,3,10,0
people looking at fish at an aquarium ,people are gazing upon fish in an aquarium ,7,0,13,4,18,1
people looking at fish at an aquarium ,people are looking at fish in the ocean on a beach ,7,0,18,5,17,0
people looking at fish at an aquarium ,people looking at turtles ,18,1,18,4,15,0
people looking at fish at an aquarium ,people looking at fish ,23,1,23,5,17,1
people looking at fish at an aquarium ,there are people at an aquarium looking at fish ,0,0,17,7,21,1
a man sitting at the public laundromat waiting for his clothes to finish drying ,nobody is sitting ,0,0,9,1,7,0
a man sitting at the public laundromat waiting for his clothes to finish drying ,a human sitting ,2,0,12,2,8,1
a woman swimming with two children in blue life vests,the life vests are brown ,0,0,12,2,9,0
a woman swimming with two children in blue life vests,people are in the water ,0,0,4,1,2,1
a woman and two children who are wearing blue life vests are swimming ,these people are dry and warm ,0,0,5,3,9,0
a woman and two children who are wearing blue life vests are swimming ,the people have matching life vests,0,0,11,2,9,1
a woman and two children are swimming in water ,there is water ,0,0,7,1,5,1
a woman and two children are swimming in water ,there are no children ,0,0,11,2,11,0
the mother with two son are swimming in the sea ,two boys are swimming while the mom is tanning on the beach,1,0,14,5,14,0
the mother with two son are swimming in the sea ,the mother and sons are swimming,11,1,13,5,17,1
a woman and kids swimming in a lake ,a woman is making cookies for the kids ,8,0,8,4,10,0
a woman and kids swimming in a lake ,a woman in kids are outside playing in water ,8,0,8,5,11,1
some girls are dressed in zombie makeup ,girls wearing zombie makeup ,0,0,15,3,17,1
some girls are dressed in zombie makeup ,these are zombies ,0,0,7,1,3,0
four guys in striped shirts playing music instruments in a restaurant ,a group of ladies is hunting an elephant ,0,0,4,1,1,0
four guys in striped shirts playing music instruments in a restaurant ,a band is playing songs indoors ,0,0,10,2,8,1
a woman wearing black glasses is sharing sweets with a toddler girl wearing a princess hat ,there is a young girl ,0,0,6,5,7,1
a woman wearing black glasses is sharing sweets with a toddler girl wearing a princess hat ,the woman and her grandson enjoy their day out by themselves ,0,0,7,1,5,0
a woman wearing black glasses is sharing sweets with a toddler girl wearing a princess hat ,a man wearing a cape gives a boy a baseball ,2,0,12,5,15,0
a woman wearing black glasses is sharing sweets with a toddler girl wearing a princess hat ,the woman shared her candy with the child ,0,0,7,2,9,1
a woman wearing black glasses is sharing sweets with a toddler girl wearing a princess hat ,the woman is not selfish with the young girl ,0,0,7,4,13,1
a woman wearing black glasses is sharing sweets with a toddler girl wearing a princess hat ,a woman is giving a girl some treats ,8,0,8,6,11,1
a woman wearing black glasses is sharing sweets with a toddler girl wearing a princess hat ,a woman eats with a toddler ,8,0,18,6,16,1
a woman wearing black glasses is sharing sweets with a toddler girl wearing a princess hat ,a father eats breakfast with a teenage boy ,2,0,9,4,6,0
a woman wearing black glasses is sharing sweets with a toddler girl wearing a princess hat ,the woman is sharing the fruit with the toddler ,0,0,12,5,19,0
a woman wearing black glasses is sharing sweets with a toddler girl wearing a princess hat ,there is no woman ,0,0,7,2,7,0
woman in red shirt and sunglasses gives candy to her daughter who is wearing a crown ,a woman in a red shirt gives her daughter her backpack for school ,0,0,14,8,18,0
woman in red shirt and sunglasses gives candy to her daughter who is wearing a crown ,a woman gives candy to a girl ,0,0,16,5,15,1
a woman holds a plate of goodies for her little princess ,woman with plate of goodies for her little princess,0,0,41,8,21,1
a woman holds a plate of goodies for her little princess ,woman holds a book for her husband,0,0,14,6,13,0
a little girl with a tiara eating in someones lap ,the girl was drinking a soda next to a fountain ,0,0,8,3,6,0
a little girl with a tiara eating in someones lap ,the girl was in her mothers lap eating dinner after she won a tiara in the contest ,0,0,9,7,15,1
a fat lady feeding her young daughter ,the man gives his son an icecream cone ,0,0,2,0,0,0
a fat lady feeding her young daughter ,the lady weighs over     pounds ,0,0,6,1,4,1
a fat lady feeding her young daughter ,the woman is hang gliding above the trees ,0,0,5,0,0,0
a fat lady feeding her young daughter ,the lady is playing in a cricket tournament ,0,0,6,2,5,0
a fat lady feeding her young daughter ,a fat lady feeding a girl ,19,1,19,4,14,1
a fat lady feeding her young daughter ,two people at a mealtime ,0,0,3,1,1,1
a fat lady feeding her young daughter ,the lady is skinny ,0,0,6,1,4,0
a fat lady feeding her young daughter ,a fat lady feeding a dog ,19,1,19,4,14,0
a fat lady feeding her young daughter ,a woman is feeding her young child ,2,0,19,4,15,1
a fat lady feeding her young daughter ,there are two women ,0,0,3,0,0,1
a woman taking a picture ,the woman is taking a photo ,0,0,11,4,12,1
a woman taking a picture ,the tourist is buying souvenirs of her trip ,0,0,4,0,0,0
a woman in sunglasses taking a photograph,the woman is taking a photograph ,0,0,21,5,21,1
a woman in sunglasses taking a photograph,the woman is laying down ,0,0,8,1,5,0
a woman in a black dress and shades takes a photo ,a women in a black dress and glasses takes a photo,5,0,23,9,15,1
a woman in a black dress and shades takes a photo ,the women is sleeping,0,0,4,0,0,0
a lady wearing a black summer top and dark sunglasses is taking a photograph ,a man is recording a video ,2,0,6,4,4,0
a lady wearing a black summer top and dark sunglasses is taking a photograph ,a lady is taking a picture ,7,0,14,6,12,1
an oriental women with black sunglasses and a black shirt holding up a cellphone ,the asian woman in shades holds a phone,0,0,5,2,2,1
an oriental women with black sunglasses and a black shirt holding up a cellphone ,the dog eats legs,0,0,2,0,0,0
a man playing a saxaphone ,a man plays an instrument ,10,1,10,3,5,1
a man playing a saxaphone ,a man is drinking at a bar ,6,0,6,3,5,0
a boat is loaded with many barrels on its roof ,the boat has nothing on it,0,0,6,2,6,0
an african american man wearing a purple shirt  white shoes and blue jeans is playing a saxophone while standing inside of a building which has many archways and a red and gray tiled floor ,a man is driving a car ,1,0,6,6,6,0
an african american man wearing a purple shirt  white shoes and blue jeans is playing a saxophone while standing inside of a building which has many archways and a red and gray tiled floor ,a man is playing a saxophone in inside of a building,1,0,24,11,24,1
a ship filled with supplies is docked on the shore with several others in the background and several men in the foreground ,the ship is in the dock ,0,0,9,7,10,1
a ship filled with supplies is docked on the shore with several others in the background and several men in the foreground ,the ship has had all of its supplies removed ,0,0,10,5,15,0
a man playing his saxophone in a public area ,a man is playing a trumpet in a car ,6,0,9,5,12,0
a man playing his saxophone in a public area ,a man is playing a song on his instrument ,6,0,9,5,13,1
local villagers are preparing for a fishing trip on this gorgeous fishing boat ,a school class visits the aquarium ,0,0,3,1,1,0
local villagers are preparing for a fishing trip on this gorgeous fishing boat ,people are getting to go fishing on a boat ,0,0,9,6,18,1
young woman with scrabble shoes and white rimmed sunglasses talks and smiles on cellphone while opening package ,a young woman is taking a nap in her bed ,0,0,12,2,10,0
young woman with scrabble shoes and white rimmed sunglasses talks and smiles on cellphone while opening package ,a person is talking on their phone ,0,0,6,1,2,1
a woman with red hair  a brown shirt  and a green bag is sitting down and talking on a phone ,the lady is having a conversation while not standing ,0,0,4,5,4,1
a woman with red hair  a brown shirt  and a green bag is sitting down and talking on a phone ,the girl is walking in the grocery store silently ,0,0,7,1,2,0
a woman with red hair talks on her cellphone while sitting down ,a woman is laying down and typing on her computer ,8,0,9,5,12,0
a woman with red hair talks on her cellphone while sitting down ,a woman is sitting and talking on her cellphone ,8,0,18,6,21,1
a woman talks on her cellphone while standing near a brick wall ,a woman is on her cellphone ,8,0,19,6,17,1
a woman talks on her cellphone while standing near a brick wall ,an alien is on her cellphone ,1,0,19,3,14,0
bishop making the cross with ashes on a man s forehead,the man had a ash on his forehead,0,0,10,5,14,1
bishop making the cross with ashes on a man s forehead,the bishop talked to the woman while putting a cross on her cheek,0,0,7,5,14,0
a priest rubs a cross on a man s forehead ,two men are skydiving,0,0,3,0,0,0
a priest rubs a cross on a man s forehead ,a priest rubs a man with his  cross  ,16,1,16,7,15,1
a man in a white robe with a purple sash places his hand on the forehead of another man ,two men are playing tennis ,0,0,4,0,0,0
a man in a white robe with a purple sash places his hand on the forehead of another man ,two men are near each other ,0,0,6,0,0,1
a man in a white robe with a purple sash places his hand on the forehead of another man ,two women hug as they celebrate graduating,0,0,4,0,0,0
a man in a white robe with a purple sash places his hand on the forehead of another man ,a priest is meditating alone on his beliefs ,2,0,5,5,6,0
a man in a white robe with a purple sash places his hand on the forehead of another man ,the man in the robe has no arms ,0,0,8,5,10,0
a man in a white robe with a purple sash places his hand on the forehead of another man ,there are two men next to each other,0,0,5,0,0,1
a man in a white robe with a purple sash places his hand on the forehead of another man ,a man is standing by himself ,7,0,7,5,7,0
a man in a white robe with a purple sash places his hand on the forehead of another man ,a man wearing a white robe places his hand on the other man s forehead ,6,0,24,13,19,1
a man in a white robe with a purple sash places his hand on the forehead of another man ,a person is touching someone s face ,2,0,3,3,3,1
a man in a white robe with a purple sash places his hand on the forehead of another man ,two people are touching each other ,0,0,6,0,0,1
a group of people looking around in a dirt or stone shaded area ,a girl is building a sandcastle ,3,0,5,2,2,0
a group of people looking around in a dirt or stone shaded area ,people are looking around the dirt ,0,0,17,4,19,1
a small group of adults and children are standing on a dirt trail on a hill ,the group of people are standing ,0,0,14,4,16,1
a small group of adults and children are standing on a dirt trail on a hill ,the group of dogs are standing on the dirt ,0,0,17,7,17,0
a group of people going for a hike ,a group of people are hiking ,18,1,18,5,13,1
a group of people going for a hike ,a group of people dance in the woods ,18,1,18,5,13,0
a group of tourists are exploring the sight ,the people are not from here ,0,0,5,2,6,1
a group of tourists are exploring the sight ,the people live next to the sight ,0,0,11,2,8,0
a group of people are on a canyon ,people are on a canyon ,0,0,23,6,15,1
a group of people are on a canyon ,people are on a hill ,0,0,16,5,11,0
three women enjoying a balloon joyride ,three women are enjoying a plane ride through the air ,12,1,12,4,18,0
three women enjoying a balloon joyride ,three women are on a balloon ride ,12,1,12,4,17,1
a group of people enjoying a hot air balloon ride ,some people are in a hot are balloon,0,0,8,5,16,1
a group of people enjoying a hot air balloon ride ,a group of dogs are in a hot air balloon ,11,1,19,7,15,0
tourists enjoying a hot air balloon type ride ,people are sitting in a balloon ,0,0,9,2,8,1
tourists enjoying a hot air balloon type ride ,there is only one person in the balloon ,1,0,9,1,7,0
a group of people are enjoying their time on a carnival ride ,humans enjoying ,0,0,10,1,8,1
a group of people are enjoying their time on a carnival ride ,nobody is enjoying ,0,0,10,1,8,0
children ride a balloon ride in an amusement park ,people in a ride,0,0,6,4,10,1
children ride a balloon ride in an amusement park ,children on a balloon ride at a carnival ,9,0,16,5,19,1
children ride a balloon ride in an amusement park ,adults are playing poker,0,0,2,0,0,0
children ride a balloon ride in an amusement park ,the park was empty,0,0,6,1,4,0
children ride a balloon ride in an amusement park ,children are riding above the ground ,9,0,9,1,8,1
children ride a balloon ride in an amusement park ,children painting a balloon in the air ,9,0,11,4,17,0
children ride a balloon ride in an amusement park ,kids are on amusement park rides,0,0,17,2,13,1
children ride a balloon ride in an amusement park ,some kids are riding on a balloon ride at the amusement park ,0,0,16,6,20,1
children ride a balloon ride in an amusement park ,the children are riding the go carts ,0,0,9,1,8,0
children ride a balloon ride in an amusement park ,only one child is on a balloon ride at the amusement park ,0,0,16,6,20,0
this person  seated on a type of go cart  is riding downhill ,a bicyclist is riding uphill ,0,0,11,3,9,0
this person  seated on a type of go cart  is riding downhill ,a go cart picks up speed on the decline ,0,0,9,4,8,1
a young person riding a small wagon down a hill ,a young person is outside ,15,1,15,5,12,1
a young person riding a small wagon down a hill ,a young person is on the swingset ,15,1,15,5,12,0
a man is standing in front of a motor scooter holding up a picture ,a man sitting at the back of scooter,6,0,8,6,12,0
a man is standing in front of a motor scooter holding up a picture ,a mans stands in front of a scooter and holds up a picture,5,0,15,9,19,1
a boy is riding a buggy down a woodland path ,the boy is playing in the snow ,0,0,8,2,5,0
a boy is riding a buggy down a woodland path ,the boy is on a path in the woods ,0,0,8,6,9,1
many people have arms lifted in a crowd ,people stand with arms raised in the crowd ,0,0,7,4,15,1
many people have arms lifted in a crowd ,many people crossed their arms in the scarce crowd ,12,1,12,5,15,0
girls are playing basketball ,there are girls performing a physical activity ,0,0,6,2,8,1
girls are playing basketball ,the girls are sitting on a couch ,0,0,10,2,8,0
a canoe of children is floating in the water with one boy rowing ,a canoe is floating,8,0,12,4,15,1
a canoe of children is floating in the water with one boy rowing ,the canoe is sunken,0,0,7,3,10,0
a girl in a red dress is surrounded by a lot of other people holding their hands up ,a girl is surrounded by people ,8,0,18,8,20,1
a girl in a red dress is surrounded by a lot of other people holding their hands up ,people are at a casino playing slots ,0,0,7,4,8,0
a crowd of people is facing the same direction while some hold their hands in the air ,the crowd is looking at the same thing ,0,0,10,5,12,1
a crowd of people is facing the same direction while some hold their hands in the air ,there is a brawl happening ,0,0,5,2,3,0
several people in a crowd  some with their arms raised ,there are people gathered,0,0,8,1,6,1
several people in a crowd  some with their arms raised ,there is nobody there,0,0,4,0,0,0
the girl in the red dress is raising her hand amidst a group of people ,a dog is eating kibble in the kitchen,0,0,8,5,8,0
the girl in the red dress is raising her hand amidst a group of people ,a young girl in a red dress is in a crowd of people,0,0,14,8,15,1
people standing in front of a big wall with graffiti painted on it ,a big wall with graffiti on it ,0,0,25,7,16,1
people standing in front of a big wall with graffiti painted on it ,a big wall with no graffiti on it ,0,0,16,7,16,0
three people in red shirts wait for a bus next to a wall with graffiti on it ,the people are wearing yellow shirts ,2,0,9,2,12,0
three people in red shirts wait for a bus next to a wall with graffiti on it ,there are three people wearing shirts ,2,0,13,3,17,1
three people dressed in red and black stand on a sidewalk in front of a beige wall adorned in graffiti ,the   people are sitting on a red and black blanket in the country eating fried chicken ,2,0,15,10,14,0
three people dressed in red and black stand on a sidewalk in front of a beige wall adorned in graffiti ,there are   people outside ,2,0,8,1,6,1
here is a picture of locals hanging out in front of a store  talking on the phone and making sure their graffiti sign does n t get tagged ,the locals are inside eating dinner ,0,0,8,2,9,0
here is a picture of locals hanging out in front of a store  talking on the phone and making sure their graffiti sign does n t get tagged ,the people have painted a sign with graffiti ,0,0,10,5,15,1
three people standing next to a building that has graffiti on it ,people are outside ,0,0,7,1,6,1
three people standing next to a building that has graffiti on it ,people are bowling ,0,0,7,1,6,0
pitcher on mount  in red and white suite  pitching ,the pitcher wears blue and gold ,0,0,8,2,10,0
pitcher on mount  in red and white suite  pitching ,a person is throwing a ball ,0,0,4,0,0,1
band playing in front of a small crowd outside ,a band plays music outside ,0,0,9,3,12,1
band playing in front of a small crowd outside ,the band is sitting inside a car ,0,0,6,2,5,0
band playing in front of a small crowd outside ,a band eats lunch and waits for the sun to go down ,0,0,5,2,5,0
band playing in front of a small crowd outside ,the concert got canceled,0,0,2,0,0,0
band playing in front of a small crowd outside ,a concert is outside ,0,0,9,2,8,1
band playing in front of a small crowd outside ,there are thousands of people watching them perform ,0,0,4,1,2,0
band playing in front of a small crowd outside ,the band are playing music ,0,0,9,2,11,1
band playing in front of a small crowd outside ,a large crowd gathers for a speech in a town hall ,0,0,7,3,8,0
band playing in front of a small crowd outside ,several people are listening to a band ,0,0,5,2,5,1
band playing in front of a small crowd outside ,a small crowd listens to a band outside ,0,0,14,5,17,1
two young adults are enjoying time in the snow ,two adults are in the snow ,4,0,14,6,13,1
two young adults are enjoying time in the snow ,two adults are sitting in the snow ,4,0,13,6,13,0
bruce springsteen is singing on stage ,bruce springsteen is on stage ,21,1,21,5,21,1
bruce springsteen is singing on stage ,bruce springsteen is in a house ,21,1,21,3,18,0
bruce springsteen sings a hit with a smile on stage ,an unknown person standing in a crowd ,0,0,6,2,2,0
bruce springsteen sings a hit with a smile on stage ,bruce springsteen performing ,18,1,18,2,16,1
a man is lying in snow laughing while a female is looking on ,the couple is in equador ,0,0,6,3,6,0
a man is lying in snow laughing while a female is looking on ,the man and the woman are having fun in a snowy day ,0,0,5,4,6,1
bruce springsteen  dressed in black  is holding a microphone and pointing to a crowd ,there is a man looking at a crowd not pointing,0,0,9,5,15,0
bruce springsteen  dressed in black  is holding a microphone and pointing to a crowd ,there is a man pointing to a crowd,0,0,20,6,15,1
a photo of a volvo dealership at night with two people surrounded by orange cones ,a photo of a volvo dealership has two people and orange cones ,30,1,30,10,22,1
a photo of a volvo dealership at night with two people surrounded by orange cones ,the volvo dealership is serving ice cream ,0,0,18,2,15,0
a man standing in the middle of traffic cones in front of a volvo dealership ,a woman standing in the middle of traffic cones in front of a honda dealership ,2,0,58,13,25,0
a man standing in the middle of traffic cones in front of a volvo dealership ,someone is standing in the middle of the traffic cones in front of a car dealership ,0,0,29,13,25,1
two men stand in the middle of a square of traffic cones placed underneath a traffic signal in front of a volvo dealership ,two men stand in the middle of a square of traffic,50,1,50,16,20,1
two men stand in the middle of a square of traffic cones placed underneath a traffic signal in front of a volvo dealership ,two men don t stand in the middle of a square of traffic,8,0,43,16,20,0
a man walks in a volvo sales lot in the dark with only the volvo sign illuminated ,a man is looking at christmas trees ,6,0,6,3,5,0
a man walks in a volvo sales lot in the dark with only the volvo sign illuminated ,a man walks around a volvo car lot at night ,12,1,12,7,15,1
a woman at a salon getting her nails done in a pink like color ,the woman is inside a store ,0,0,7,4,7,1
a woman at a salon getting her nails done in a pink like color ,the woman is digging in her flowerbed  getting rid of all the weeds ,0,0,9,4,15,0
a woman painting another woman s fingernails a bright purple ,a woman is giving another woman a pedicure ,8,0,18,5,17,0
a woman painting another woman s fingernails a bright purple ,a woman is giving another woman a manicure ,8,0,18,5,17,1
a woman with long black hair paints the nails of another person a deep maroon color ,a woman is painting another womans finger nails ,8,0,9,5,17,1
a woman with long black hair paints the nails of another person a deep maroon color ,a woman is getting a massage at a spa ,8,0,8,3,7,0
a lady wearing a green shirt with long hair is doing a purple manicure ,someone is having their nails painted ,0,0,4,1,2,1
a lady wearing a green shirt with long hair is doing a purple manicure ,only one person is getting a green manicure ,0,0,12,6,15,0
there are six dogs in the water,the pets are playing cards ,3,0,5,2,6,0
there are six dogs in the water,there are animal wading in the waters ,10,1,13,4,11,1
a group of dogs standing in a river ,the dogs are in the water ,0,0,6,2,6,1
a group of dogs standing in a river ,the dog bites the girl ,0,0,4,0,0,0
a large group of dogs walking in a body of water ,a large group of dogs are swimming in deep water ,22,1,22,9,15,0
a large group of dogs walking in a body of water ,animals are walking around in some water ,1,0,9,3,14,1
the white dog is standing on its hind legs  looking over a ledge ,a white dog is laying on the rug ,0,0,14,6,11,0
the white dog is standing on its hind legs  looking over a ledge ,a white dog is peering over a ledge ,0,0,17,6,14,1
dogs play in creek ,the dogs are at the vet office ,0,0,5,1,4,0
dogs play in creek ,there are dogs playing in the water ,0,0,9,2,6,1
a boy in blue slides down a tan slide ,a girl in blue slides down a tan slide ,2,0,33,8,15,0
a boy in blue slides down a tan slide ,a person in blue slides down a tan slide ,2,0,33,8,15,1
a young boy in a blue jacket going down a slide ,there is a boy is playing ,0,0,6,4,5,1
a young boy in a blue jacket going down a slide ,a man is sent on a mission to outer space ,2,0,4,3,3,0
a boy wearing a blue shirt is going down a slide ,the boy is wearing clothes,0,0,9,3,12,1
a boy wearing a blue shirt is going down a slide ,the boy is wearing a green shirt,0,0,11,7,15,0
a dark haired boy sits outside on a beige structure ,a dark haired boy runs through the living room,18,1,18,5,13,0
a dark haired boy sits outside on a beige structure ,a dark haired boy is sitting on the outside of a beige structure ,18,1,19,9,22,1
a boy is going down the slide ,a boy is on a slide,9,0,9,4,10,1
a boy is going down the slide ,a boy is in a tent,9,0,9,3,6,0
a gray terrier runs in a snow covered field ,a gray dog running outdoors ,7,0,7,3,6,1
a gray terrier runs in a snow covered field ,a dog eating a piece of bacon ,2,0,3,2,2,0
people standing together under a  start  banner in the street ,people are sitting,7,0,7,1,6,0
people standing together under a  start  banner in the street ,people stand,12,1,12,1,6,1
a young boy jumps into the water ,the boy is outside ,0,0,5,2,6,1
a young boy jumps into the water ,the boy is playing in a sandbox ,0,0,5,3,7,0
many guards are standing in front of the starting line of a race ,the guards are sleeping in a bell tower ,0,0,13,5,12,0
many guards are standing in front of the starting line of a race ,the guards are standing at the starting line,0,0,21,6,22,1
a person walking on a path while using a cane ,a person riding a bike ,9,0,9,4,8,0
a person walking on a path while using a cane ,a person using a cane ,9,0,14,6,15,1
a baseball pitcher in a circle with a symbol to his right ,he is asking around for directions to the nearest restroom ,0,0,4,1,2,0
a baseball pitcher in a circle with a symbol to his right ,he is playing ball ,0,0,5,0,0,1
two men in orange construction hats are guiding a cart full of brick stones ,two men take bricks from a cobblestone road ,8,0,8,3,7,0
two men in orange construction hats are guiding a cart full of brick stones ,two men doing construction work ,8,0,14,3,18,1
a person in red sitting on a beach ,the person is wearing blue ,0,0,9,1,6,0
a person in red sitting on a beach ,the person is at the beach ,0,0,9,2,11,1
a man in red sits under the shade of a small tree on the beach ,someone dressed in red is sitting on the beach ,0,0,14,6,11,1
a man in red sits under the shade of a small tree on the beach ,someone wearing a red shirt  hides in the shade ,0,0,11,7,11,1
a man in red sits under the shade of a small tree on the beach ,a lady is laying on the beach ,2,0,14,6,11,0
the beach with a person in a red tank top sitting under a small tree ,a small tree has someone sitting beneath it ,0,0,13,6,16,1
the beach with a person in a red tank top sitting under a small tree ,the person in a red tank top is running down the beach ,4,0,26,10,15,0
a man wearing a red tank top and white hat is sitting on a towel at the beach ,man sitting on the sand at the mojave desert ,0,0,12,5,13,0
a man wearing a red tank top and white hat is sitting on a towel at the beach ,man sitting on the beach ,0,0,12,5,15,1
people enjoying the sandy beach near the water with a funny looking tree on the beach ,people enjoying the beach,20,1,20,7,19,1
people enjoying the sandy beach near the water with a funny looking tree on the beach ,the people are flying a plane,0,0,7,5,12,0
a woman checks her cellphone while sitting at a table with another woman ,a woman is looking at her phone ,8,0,8,6,13,1
a woman checks her cellphone while sitting at a table with another woman ,a woman is writing a letter ,8,0,8,4,11,0
craftsman hanging from a rope ,the craftsman is sitting on the ground ,0,0,10,1,9,0
craftsman hanging from a rope ,there is someone hanging from the rope ,0,0,14,3,15,1
the white dog brings a stick from the water ,a dog is carrying something ,0,0,5,2,4,1
the white dog brings a stick from the water ,a baby sleeps in his crib ,0,0,2,1,1,0
a man is hooked to a zipline and stepped off the platform,a man goes bungee jumping ,6,0,6,3,5,0
a man is hooked to a zipline and stepped off the platform,a man goes ziplining ,6,0,7,3,5,1
a man in black pants is wearing a yellow hard hat as he rides a zipline ,the man is wearing green pants ,0,0,12,4,15,0
a man in black pants is wearing a yellow hard hat as he rides a zipline ,the man is outside ,0,0,6,2,5,1
a woman wearing a yellow helmet is using a zipline ,there is a woman standing still,0,0,8,5,8,0
a woman wearing a yellow helmet is using a zipline ,there is a woman using a zipline ,0,0,17,7,17,1
a person hanging from a zip line with a yellow helmet ,a person on a surfboard with a yellow helmet ,9,0,22,7,18,0
a person hanging from a zip line with a yellow helmet ,a person using a zip line ,9,0,12,6,13,1
a little boy plays in the snow ,the boy is outside in winter,0,0,6,3,8,1
a little boy plays in the snow ,the boy is dressed in a t shirt and shorts,0,0,6,4,8,0
a man pulling a heavy cart full of bricks ,a man pulling a cart full of grass seed ,16,1,16,7,15,0
a man pulling a heavy cart full of bricks ,a man pulling a cart ,16,1,16,5,14,1
many people are clustered closely together  and several of them have alcohol ,a lot of people drinking ,0,0,8,2,8,1
many people are clustered closely together  and several of them have alcohol ,a group of people at the library ,0,0,9,2,8,0
guys and girls in a cramped place with drinks in hand ,there are only guys at a party,0,0,6,2,5,0
guys and girls in a cramped place with drinks in hand ,there are guys and girls at a crowded party,0,0,15,4,12,1
a group of people are in a crowded place ,a group of people in a quiet alley ,18,1,18,6,13,0
a group of people are in a crowded place ,a group people in a busy area ,8,0,8,5,13,1
an aerial shot of a big crowd of people ,there is a picture of alligators,0,0,5,3,5,0
an aerial shot of a big crowd of people ,there is a large group outside,0,0,3,1,1,1
several people  all wearing sunglasses  are captured jumping into the air and making funny poses on a sandy beach area near a log ,the people are flying a plane,0,0,8,5,12,0
several people  all wearing sunglasses  are captured jumping into the air and making funny poses on a sandy beach area near a log ,people are wearing glasses,0,0,9,3,16,1
a man driving a cart with an advertisement asking you to place your ad on the back of his bike ,the man is riding his bike ,0,0,10,4,10,1
a man driving a cart with an advertisement asking you to place your ad on the back of his bike ,the man is riding an elephant ,0,0,5,3,8,0
three friends hanging out mid jump on a beach ,the friends are hanging out in an apartment ,2,0,13,3,17,0
three friends hanging out mid jump on a beach ,the friends are on the beach ,2,0,10,3,14,1
three young men are jumping in the air during a picture on the beach ,some men are outside at the beach ,0,0,11,5,11,1
three young men are jumping in the air during a picture on the beach ,three young women swim at the beach ,12,1,12,5,15,0
a sign proclaiming that there is ad space available ,the sign says no ad space is available,0,0,10,5,18,0
a sign proclaiming that there is ad space available ,a sign outside,7,0,7,2,5,1
a man and a woman standing on a bridge look across the water at a boat ,the man and woman look off in the distance ,0,0,9,5,12,1
a man and a woman standing on a bridge look across the water at a boat ,the man and woman are in the desert ,0,0,9,4,11,0
a man is very excited to add a tattoo to his collection ,the man has a couple of tattoos ,0,0,7,3,5,1
a man is very excited to add a tattoo to his collection ,this is the man s first tattoo ever ,0,0,8,3,11,0
a chef is preparing a dish in a large kitchen ,a man sleeps ,2,0,2,3,3,0
a chef is preparing a dish in a large kitchen ,a chef in a kitchen ,8,0,9,6,13,1
a man with a lot of tattoo s is getting another one ,a man is getting a tattoo ,6,0,13,6,16,1
a man with a lot of tattoo s is getting another one ,a man is getting a haircut ,6,0,13,5,12,0
tattooed man getting a tattoo ,a tattooed man is getting his tattoos erased ,0,0,13,4,18,0
tattooed man getting a tattoo ,a tattooed man is getting a new tattoo ,0,0,13,5,21,1
short order cook preparing a meal in a kitchen ,short order cook is cooking up a meal,17,1,17,6,14,1
short order cook preparing a meal in a kitchen ,short order cook is sitting down eating a meal,17,1,17,6,14,0
a male chief in a restaurant kitchen  with a black hat on and a frying pain in his left hand  pouring the contents in the pain into bowels ,a male chief in a kitchen ,18,1,18,10,16,1
a male chief in a restaurant kitchen  with a black hat on and a frying pain in his left hand  pouring the contents in the pain into bowels ,a female chief in a kitchen ,2,0,16,9,14,0
the blond haired mother looked on as her daughter was getting her haircut for the first time ,a blonde mother looks on as her daughter gets her first hair cut ,0,0,20,7,19,1
the blond haired mother looked on as her daughter was getting her haircut for the first time ,a blonde mother watches her daughter get her teeth pulled for the first time ,0,0,20,9,19,0
a policeman stand outside on the street with his hands in his pockets ,a policemen handcuffing a suspect ,9,0,9,1,1,0
a policeman stand outside on the street with his hands in his pockets ,a policeman has his hands in his pockets ,12,1,26,7,21,1
two pastry chefs making pastry and a senior citizen purchasing pastry she has been shopping already ,some people are inside a store ,0,0,4,1,1,1
two pastry chefs making pastry and a senior citizen purchasing pastry she has been shopping already ,the restaurant is closed as people look from outside ,1,0,3,0,0,0
a middle aged security guard wearing a yellow vest is standing next to a car,the woman sits next to the car ,0,0,9,3,9,0
a middle aged security guard wearing a yellow vest is standing next to a car,the security guard stands next to the car ,0,0,16,5,17,1
a girl with brown hair is getting her hair styled by a lady in a pink shirt ,a girl gets her hair styled ,7,0,17,8,14,1
a girl with brown hair is getting her hair styled by a lady in a pink shirt ,a boy gets a haircut ,2,0,5,3,3,0
a man in a hat is standing next to a trailer and petting a donkey ,a man is near a trailer ,7,0,11,7,12,1
a man in a hat is standing next to a trailer and petting a donkey ,a man is mowing his lawn ,7,0,7,6,6,0
a man is carrying a board with many pairs of sunglasses ,a woman is crocheting,2,0,8,3,4,0
a man is carrying a board with many pairs of sunglasses ,a man carries sunglasses on a piece of wood,6,0,12,5,15,1
a young man in a tan hat and a green shirt peers over a waist high wall separating the kitchen and living area of a home ,a young man has a tan hat ,12,1,12,9,11,1
a young man in a tan hat and a green shirt peers over a waist high wall separating the kitchen and living area of a home ,a child goes down a slide ,2,0,4,5,3,0
a young man in a tan hat and a green shirt peers over a waist high wall separating the kitchen and living area of a home ,he is sitting at a picnic table outside ,0,0,5,5,3,0
a young man in a tan hat and a green shirt peers over a waist high wall separating the kitchen and living area of a home ,the young man is taller than the wall separating the kitchen and the living area ,0,0,33,10,23,1
a young man in a tan hat and a green shirt peers over a waist high wall separating the kitchen and living area of a home ,a man wears a hat ,2,0,5,7,7,1
a young man in a tan hat and a green shirt peers over a waist high wall separating the kitchen and living area of a home ,a man is inside ,2,0,6,6,5,1
a young man in a tan hat and a green shirt peers over a waist high wall separating the kitchen and living area of a home ,a man is sleeping ,2,0,6,6,5,0
a young man in a tan hat and a green shirt peers over a waist high wall separating the kitchen and living area of a home ,a young man is outside looking at the house ,13,1,13,8,11,0
a young man in a tan hat and a green shirt peers over a waist high wall separating the kitchen and living area of a home ,a young man has a white hat ,12,1,12,8,11,0
a young man in a tan hat and a green shirt peers over a waist high wall separating the kitchen and living area of a home ,he is standing inside the house ,0,0,5,1,3,1
a man in a green shirt and tan cap leans against a railing in someone s kitchen ,a man wearing a red shirt is in someone s bedroom ,6,0,14,9,15,0
a man in a green shirt and tan cap leans against a railing in someone s kitchen ,a man is in a kitchen,7,0,8,7,12,1
a man in a green shirt and beige cap is standing in a household ,a man wearing a green shirt is standing near the house,6,0,15,8,18,1
a man in a green shirt and beige cap is standing in a household ,a man is driving a car ,7,0,7,5,6,0
boy in green shirt standing at wall in kitchen ,the child is asleep in his bed,0,0,4,2,4,0
boy in green shirt standing at wall in kitchen ,there is a child indoors ,0,0,3,0,0,1
people look on as a guy attends to a fixed gear bike under a tent ,a man is riding a bike through tent world ,0,0,6,5,9,0
people look on as a guy attends to a fixed gear bike under a tent ,a guy is working on a bike ,0,0,6,6,9,1
there is a homeless man outside this building ,there is a rich man outside this building ,11,1,27,7,20,0
there is a homeless man outside this building ,there is a homeless man outside this building ,46,1,46,8,23,1
the man  under the canopy  is working on a bicycle while an onlooker watches ,the man is riding his bicycle around the neighborhood,8,0,9,5,13,0
the man  under the canopy  is working on a bicycle while an onlooker watches ,the man is working on his vehicle ,8,0,15,6,13,1
a woman with a blue jacket and black pants is under a black and yellow tent,a woman in a green dress is in line to buy popcorn at a movie theater ,8,0,8,5,8,0
a woman with a blue jacket and black pants is under a black and yellow tent,there is a woman under a colorful tent ,0,0,9,7,14,1
a boy in a red swimsuit laughs ,i see a boy in a red swim suit,0,0,19,5,8,1
a boy in a red swimsuit laughs ,the boy is in space,0,0,6,2,5,0
a man running into a pool of water at a track and field event ,a woman is sleeping in a bed ,2,0,6,3,3,0
a man running into a pool of water at a track and field event ,a man is running ,6,0,9,5,11,1
two people in blue shirts take a photo of themselves as a woman in a scarf pass them by ,the people are using a camera ,1,0,8,4,8,1
two people in blue shirts take a photo of themselves as a woman in a scarf pass them by ,the people are sleeping together alone ,1,0,8,1,6,0
a dark haired child in swimwear laughs  sitting before a glass table ,the blonde child had lunch,0,0,7,1,5,0
a dark haired child in swimwear laughs  sitting before a glass table ,the child was sitting,0,0,8,2,12,1
a woman gets water from a well in a nicely vegetated area ,a person drawing well water with lush vegetation all around ,2,0,8,5,10,1
a woman gets water from a well in a nicely vegetated area ,a woman getting water from a stream in a rocky  mountainous area ,11,1,14,8,14,0
young boy holding sunglasses and wearing a bathing suit ,the boy is wearing a tuxedo ,0,0,11,3,11,0
young boy holding sunglasses and wearing a bathing suit ,the boy is dressed in a swimsuit ,0,0,5,2,4,1
a boy in his swim trunks is sitting at a table and laughing ,everyone is standing around a fire ,0,0,5,3,4,0
a boy in his swim trunks is sitting at a table and laughing ,someone is laughing ,0,0,10,2,10,1
a lady with a brown dress on is holding a glass and a cigarette in the middle of a room full of people ,the woman is clutching her purse while looking around the empty room ,0,0,6,3,9,0
a lady with a brown dress on is holding a glass and a cigarette in the middle of a room full of people ,a woman is located in the middle of a crowded room holding a glass ,2,0,20,14,18,1
a woman smiles tightly at a camera as another woman gestures to the right of her for the camera as a large group of people mingle behind them ,a woman is jumping off a roof,8,0,8,5,11,0
a woman smiles tightly at a camera as another woman gestures to the right of her for the camera as a large group of people mingle behind them ,a woman is smiling at a camera,8,0,12,8,17,1
a lot of people mingling and having fun at a get together ,a lone man stands by himself ,4,0,4,2,2,0
a lot of people mingling and having fun at a get together ,a group of humans ,2,0,4,3,4,1
two women stand in the foreground making foolish faces in front of a diverse crowd of young people ,two people are making funny faces ,4,0,9,4,17,1
two women stand in the foreground making foolish faces in front of a diverse crowd of young people ,two men are playing football ,4,0,7,1,3,0
two men performing in a band ,two men play music,9,0,9,2,6,1
two men performing in a band ,dog sleeps in grass,0,0,4,1,2,0
a man wearing only underwear and tennis shoes walking down the street ,a man is walking,6,0,9,3,11,1
a man wearing only underwear and tennis shoes walking down the street ,the man is fully clothed,0,0,5,2,6,0
a dark haired women scrubbing a bucket ,a women is scrubbing a dog ,2,0,13,4,15,0
a dark haired women scrubbing a bucket ,a women scrubbing a bucket ,2,0,26,5,20,1
a man with a hand injury is walking with a cane in a park ,there is a man outside ,0,0,6,6,6,1
a man with a hand injury is walking with a cane in a park ,a man is sleeping on a bench ,6,0,6,6,6,0
a crane flying just above a body of water,a crane is sitting over a nest ,8,0,8,3,7,0
a crane flying just above a body of water,a crane is outdoors ,8,0,8,3,7,1
construction men are climbing wooden supports ,some men are climbing ,0,0,18,3,14,1
construction men are climbing wooden supports ,some men are painting a house ,0,0,9,2,6,0
two men on scaffolding painting the outside of a building ,two men are washing the windows on the building ,8,0,10,5,14,0
two men on scaffolding painting the outside of a building ,two men are fixing the appearance of the building ,8,0,10,5,14,1
two men are sitting on some scaffolding and painting a wall ,the men are making the wall look better ,1,0,9,3,10,1
two men are sitting on some scaffolding and painting a wall ,the men are eating a sandwich ,1,0,9,3,7,0
two men wearing work clothing climb a scaffold at a construction site ,two men are working on construction ,8,0,14,3,18,1
two men wearing work clothing climb a scaffold at a construction site ,two men are hammering something into a wall ,8,0,8,4,7,0
a man in a white shirt is on a rooftop lifting a board ,a man has a white shirt ,6,0,15,7,13,1
a man in a white shirt is on a rooftop lifting a board ,the man has a red shirt ,0,0,7,6,9,0
a man and a woman are standing near a grill  and the man is torching meat with a small blowtorch ,a man is cooking on a grill while a woman watches ,6,0,9,9,13,1
a man and a woman are standing near a grill  and the man is torching meat with a small blowtorch ,a man and woman are grilling in the rain ,10,1,11,11,11,0
two people preparing meat on a street side grill with one person wearing a mask as the other leans his head down ,two men are cooking outdoors ,4,0,4,1,3,1
two people preparing meat on a street side grill with one person wearing a mask as the other leans his head down ,two men are sitting on the couch watching television ,4,0,5,3,8,0
a man and his female assistant use a propane torch to grill steaks ,two people are making steak with a torch ,0,0,7,3,7,1
a man and his female assistant use a propane torch to grill steaks ,a person is cooking spaghetti on a stove ,2,0,3,2,2,0
two dark skinned children staring while the people behind them mix dust in their floral clothing ,children goes to sleep in dormitory,0,0,9,2,10,0
two dark skinned children staring while the people behind them mix dust in their floral clothing ,two children watching people mixing dust in their floral clothing,4,0,30,8,22,1
two people preparing meat over a grill with a blowtorch ,the couple are playing chess ,1,0,4,0,0,0
two people preparing meat over a grill with a blowtorch ,the people are cooking ,1,0,8,1,6,1
man with orange dyed hair playing an electric guitar ,the man is playing the guitar ,0,0,9,3,16,1
man with orange dyed hair playing an electric guitar ,the mans hair is on fire ,0,0,6,1,4,0
two dogs run in a field of tall grass ,the dogs run in a field,1,0,20,5,12,1
two dogs run in a field of tall grass ,the dogs are sleeping ,1,0,6,1,4,0
men standing in a dumpster in a city ,some men are burning some trash ,0,0,4,1,3,0
men standing in a dumpster in a city ,some men are in a dumpster ,0,0,15,6,13,1
two young children dressed in winter clothes ride their toy sleds down a small hill ,two children ride their sleds ,4,0,12,5,18,1
two young children dressed in winter clothes ride their toy sleds down a small hill ,the children are in a swimming pool playing with a beach ball ,1,0,10,3,11,0
two children sled down a hill on a plastic discs often referred to as  saucers  ,the kids are sledding ,1,0,5,0,0,1
two children sled down a hill on a plastic discs often referred to as  saucers  ,the kids are in school ,1,0,3,0,0,0
a man sitting in a canoe on the shore of a lake ,a man is in a canoe ,6,0,12,6,10,1
a man sitting in a canoe on the shore of a lake ,a man scuba dives ,7,0,7,4,5,0
man sitting in a beached canoe by a lake ,a woman is standing in the woods,0,0,7,3,4,0
man sitting in a beached canoe by a lake ,a man is sitting in a boat,0,0,15,5,12,1
two children are asleep in a two child stroller on the sidewalk ,  children are asleep in a car ,0,0,26,5,17,0
two children are asleep in a two child stroller on the sidewalk ,two children are asleep in a multi child stroller on the sidewalk ,29,1,32,12,24,1
a man is sitting in a boat on the shore with the lake in the background ,a man is outdoors ,9,0,9,4,6,1
a man is sitting in a boat on the shore with the lake in the background ,a man is sitting on a couch ,17,1,17,6,12,0
a man sitting in a rowboat,a man is standing in a boat,6,0,9,4,6,0
a man sitting in a rowboat,a man is in a rowboat,6,0,13,5,12,1
a woman dressed in all black and wearing a headset makes a coffee drink ,the woman is wearing orange ,0,0,9,2,12,0
a woman dressed in all black and wearing a headset makes a coffee drink ,the woman is listening to something ,0,0,7,1,5,1
two guards are sitting near an entrance ,two guards are standing at the exit ,16,1,16,3,12,0
two guards are sitting near an entrance ,two people are watching an entrance ,4,0,13,4,14,1
two guards sitting and talking to each other ,people sitting and talking ,0,0,21,3,17,1
two guards sitting and talking to each other ,two guards shooting guns ,12,1,12,2,9,0
man in gray hoodie nodding down ,a man wears a gray hoodie ,0,0,13,3,13,1
man in gray hoodie nodding down ,a lady wears a blue hoodie ,0,0,8,1,6,0
two people with blue pants and yellow safety vests sit at an open gate on a red and blue wall ,two people sit on a closed gate ,11,1,11,6,13,0
two people with blue pants and yellow safety vests sit at an open gate on a red and blue wall ,two people in matching clothes sit together ,11,1,11,3,12,1
a man in a hooded sweatshirt sitting on a toolbox ,a man is sitting ,7,0,9,5,11,1
a man in a hooded sweatshirt sitting on a toolbox ,a man runs a race ,6,0,6,4,5,0
a hooded man is tampering with a video cassette ,a hooded man records people outside,13,1,13,4,10,0
a hooded man is tampering with a video cassette ,a hooded man messes with equipment,13,1,13,5,13,1
a large person in a gray sweatshirt and white shorts sits next to a wood working tool ,the green house is full of plants ,0,0,3,0,0,0
a large person in a gray sweatshirt and white shorts sits next to a wood working tool ,there is a wood working tool ,0,0,21,6,15,1
person in hooded sweatshirt that obscures their face sits next to a freshly cut log ,a man with a covered face sits ,0,0,11,3,9,1
person in hooded sweatshirt that obscures their face sits next to a freshly cut log ,a man with a clearly visible face stands ,0,0,7,2,5,0
a tan dog shaking the water off of himself,the dog is dry ,0,0,5,2,6,0
a tan dog shaking the water off of himself,no water,0,0,6,1,5,0
a tan dog shaking the water off of himself,the dog is wet ,0,0,5,2,6,1
a tan dog shaking the water off of himself,a black lab jumping in a lake ,2,0,4,1,1,0
a tan dog shaking the water off of himself,a dog shakes himself ,2,0,9,3,11,1
a tan dog shaking the water off of himself,an animal trying to dry itself off ,1,0,5,1,3,1
a tan dog shaking the water off of himself,a puppy is sleeping on the bed,2,0,5,2,4,0
a tan dog shaking the water off of himself,an animal is trying to get dry,1,0,5,0,0,1
a tan dog shaking the water off of himself,rasputin skateboards ,0,0,3,0,0,0
a tan dog shaking the water off of himself,an animal,1,0,3,0,0,1
mallard duck swimming out in the water ,the duck is in the playpen ,0,0,8,3,9,0
mallard duck swimming out in the water ,the duck is outside in the water ,0,0,14,4,12,1
a brown duck with a green head flaps its wings in the water ,ducks like to flap their wings in the water ,0,0,20,4,13,1
a brown duck with a green head flaps its wings in the water ,ducks like to eat other ducks in the water ,0,0,15,3,10,0
a green headed mallard duck flapping its wings in the water ,there is a mallard duck ,0,0,14,3,12,1
a green headed mallard duck flapping its wings in the water ,the duck is red ,0,0,6,2,7,0
a man rides his bike past the chung may food market ,a male rides his transportation past a food market ,4,0,13,6,15,1
a man rides his bike past the chung may food market ,a male eats lunch at home ,4,0,4,1,1,0
a man is riding his bike past a grocery store ,a man riding a car past a grocery store ,6,0,22,7,18,0
a man is riding his bike past a grocery store ,a man riding a bike past a grocery store ,6,0,27,8,18,1
a man with a backpack was bicycling past the chinese food market ,a man with a purse is sitting still ,13,1,13,4,8,0
a man with a backpack was bicycling past the chinese food market ,a person is on a moving object ,2,0,4,2,2,1
a man rides his bicycle past the chung may food market ,a man parks his bicycle in front of the chung may food market ,6,0,27,9,18,0
a man rides his bicycle past the chung may food market ,a man rides his bicycle past a shop ,29,1,29,6,16,1
two girls  a brunette dressed like a mermaid and a blond in a green shirt stand on the sidewalk holding informational cards ,a couple of girl relax with some reading material ,0,0,5,4,3,1
two girls  a brunette dressed like a mermaid and a blond in a green shirt stand on the sidewalk holding informational cards ,several female businessmen attempt to sell expensive products ,0,0,3,0,0,0
a man kneeling on a roof touching a piece of plywood wearing sunglasses ,a man is falling of a roof as he tries to catch his falling sunglasses ,6,0,15,7,17,0
a man kneeling on a roof touching a piece of plywood wearing sunglasses ,a man wearing sunglasses is kneeling on the top of a house ,6,0,20,9,25,1
male swimmer doing the butterfly stroke in a lake ,a man is sitting on the couch ,0,0,5,2,4,0
male swimmer doing the butterfly stroke in a lake ,a man swimming ,0,0,6,1,1,1
a man wearing a bathing cap and goggles is swimming in a river ,a man is swimming in a pool ,6,0,18,7,13,0
a man wearing a bathing cap and goggles is swimming in a river ,a man is keeping the water from his eyes ,6,0,6,5,6,1
a dog near the shore of a body of water ,a dog is in a boat,6,0,6,3,5,0
a dog near the shore of a body of water ,a dog is outside near the water,6,0,10,6,12,1
a local swimmer is wearing a swim cap and swim goggles while swimming in a lake ,the swimmer is in the lake,0,0,12,4,13,1
a local swimmer is wearing a swim cap and swim goggles while swimming in a lake ,the swimmer is at the pool,0,0,12,2,9,0
and male and female duo perform on stage ,two people performing ,0,0,8,0,0,1
and male and female duo perform on stage ,a man and woman performing surgery ,1,0,8,2,6,0
young boy flying a toy airplane in an open field of hay ,the little boy was flying his toy airplane in the open field ,0,0,17,7,19,1
young boy flying a toy airplane in an open field of hay ,the little girl was playing with her doll ,0,0,5,0,0,0
a small group of women sits beside a shop in an otherwise deserted courtyard ,women sit next to a shop ,0,0,9,4,10,1
a small group of women sits beside a shop in an otherwise deserted courtyard ,woman walk through a crowded mall ,0,0,5,2,2,0
a boy in a red shirt and blue jeans is playing with a flying toy in a field on a day with blue skies and puffy clouds ,a young person is playing with an object in the air ,2,0,18,11,15,1
a boy in a red shirt and blue jeans is playing with a flying toy in a field on a day with blue skies and puffy clouds ,a boy is playing with a toy dumptruck on the street ,7,0,19,12,15,0
a boy is in a field with a toy airplane in the air in front of him ,a boy is playing in a field ,9,0,12,9,10,1
a boy is in a field with a toy airplane in the air in front of him ,a boy is at a sports event ,9,0,9,5,6,0
a child in a red shirt is throwing a toy airplane in the middle of a large field ,a child is playing with is toys in the bedroom ,9,0,9,9,10,0
a child in a red shirt is throwing a toy airplane in the middle of a large field ,a child is playing with a toy airplane outside ,9,0,16,8,16,1
on a rainy day a person is walking on a busy city street carrying a dark colored plaid shirt on a hanger and holding onto bagpipes under the arm ,a person is walking through the rain,0,0,20,9,16,1
on a rainy day a person is walking on a busy city street carrying a dark colored plaid shirt on a hanger and holding onto bagpipes under the arm ,a person is carrying an empty hanger and bagpipes,0,0,12,11,22,0
a gentleman walking in the rain while holding his bagpipes appears to be late for an event of some sort ,the man in the rain is wet ,0,0,13,3,9,1
a gentleman walking in the rain while holding his bagpipes appears to be late for an event of some sort ,the man is playing the trumpet ,0,0,5,1,3,0
a gentleman walking in the rain while holding his bagpipes appears to be late for an event of some sort ,the gentleman is walking carrying only his guitar,0,0,11,4,19,0
a gentleman walking in the rain while holding his bagpipes appears to be late for an event of some sort ,the woman is holding a violin ,0,0,9,3,11,0
a gentleman walking in the rain while holding his bagpipes appears to be late for an event of some sort ,a gentleman walking in the rain towards the flute festival ,32,1,32,6,20,0
a gentleman walking in the rain while holding his bagpipes appears to be late for an event of some sort ,he is dry ,0,0,3,0,0,0
a gentleman walking in the rain while holding his bagpipes appears to be late for an event of some sort ,the gentleman is walking in the rain ,0,0,21,5,20,1
a gentleman walking in the rain while holding his bagpipes appears to be late for an event of some sort ,the man is wet ,0,0,4,1,3,1
a gentleman walking in the rain while holding his bagpipes appears to be late for an event of some sort ,a man is outside with an instrument ,2,0,4,2,3,1
a gentleman walking in the rain while holding his bagpipes appears to be late for an event of some sort ,a gentleman walking in the rain  holding his instrument ,32,1,32,8,23,1
a man in a unique costume is playing the bagpipes while some people stare at him ,a man is playing the bagpipes ,7,0,25,7,18,1
a man in a unique costume is playing the bagpipes while some people stare at him ,a woman in a unique costume is playing the bagpipes while some people stare at her ,2,0,76,14,22,0
a strange man plays his bagpipes in the city as walks around dressed in a kilt ,the man is holding an instrument ,0,0,6,2,6,1
a strange man plays his bagpipes in the city as walks around dressed in a kilt ,the man is wearing jeans ,0,0,6,2,6,0
man in scottish garb playing the bagpipes on a rainy day on the sidewalk ,a man playing music on the sidewalk ,0,0,17,8,18,1
man in scottish garb playing the bagpipes on a rainy day on the sidewalk ,a woman in scottish garb playing the bagpipes on a rainy day on the sidewalk ,0,0,73,13,24,0
two men playing horseshoes ,two guys are outdoors ,4,0,4,1,3,1
two men playing horseshoes ,two guys are playing basketball ,4,0,9,2,10,0
people in costumes are entertaining at an amusement park ,the people are dressed up ,0,0,7,2,9,1
people in costumes are entertaining at an amusement park ,the people are naked ,0,0,7,2,9,0
people are playing near the ocean ,people are playing cards in las vegas ,19,1,19,3,16,0
people are playing near the ocean ,people are playing ,19,1,19,3,16,1
a bunch of people are dancing and celebrating ,the people are moving their bodies ,0,0,12,2,9,1
a bunch of people are dancing and celebrating ,the people are asleep ,0,0,12,2,9,0
two females are looking at a notebook in a lab ,to girls are looking at something ,1,0,17,3,12,1
two females are looking at a notebook in a lab ,two men are sharing a copy of    shades of grey ,4,0,5,4,7,0
two women looking at information in a spiral booklet ,two ladies are looking at a booklet together ,4,0,12,5,17,1
two women looking at information in a spiral booklet ,a group of men are holding books ,0,0,5,1,1,0
two women wearing safety goggles  looking at the same notebook ,two women are looking at a notebook together  they are both wearing their safety goggles ,10,1,16,8,22,1
two women wearing safety goggles  looking at the same notebook ,two women are sitting side by side looking at their notebooks ,10,1,15,4,15,0
two young women wearing safety goggles while working in a laboratory ,two women are camping outside ,4,0,7,2,8,0
two young women wearing safety goggles while working in a laboratory ,two women have their eyes protected ,4,0,7,2,8,1
two girls  wearing protective goggles  in a laboratory going through a book ,the girls are dissecting a frog ,1,0,7,3,7,0
two girls  wearing protective goggles  in a laboratory going through a book ,the girls are looking at a book ,1,0,8,4,10,1
five young ladies are dancing ballet with their legs kicked back and arms up high ,five ladies are dancing ,5,0,20,4,17,1
five young ladies are dancing ballet with their legs kicked back and arms up high ,five ladies are not there,5,0,12,3,13,0
four dancers each dressed in black with a red ribbon around their waist are dancing ,there are four people dancing  each wearing black clothing with a red ribbon belt ,0,0,19,9,18,1
four dancers each dressed in black with a red ribbon around their waist are dancing ,the four dancers  dressed in black and red  are resting and sitting at a table ,0,0,18,8,19,0
four ballet dancers in black costumes are performing on a stage ,people are performing ballet,0,0,16,3,19,1
four ballet dancers in black costumes are performing on a stage ,people are at home sleeping,0,0,5,1,3,0
a man on a red bike popping a wheelie ,a man is riding a skateboard ,6,0,6,4,5,0
a man on a red bike popping a wheelie ,a man is riding a red bike ,6,0,12,6,10,1
a guy riding a bike in the street doing a pop a wheely ,a man wrecking his bike ,2,0,6,5,6,0
a guy riding a bike in the street doing a pop a wheely ,a guy riding a bike in the street doing a wheely ,42,1,42,12,18,1
a man on a red bicycle that is dragging a wagon behind it ,a man dragging a wagon while riding a bicycle,6,0,18,7,20,1
a man on a red bicycle that is dragging a wagon behind it ,a woman holding a scruffy cat,2,0,6,3,3,0
a man rides his bike on one wheel while towing something behind him ,the man on the bike has no legs,0,0,6,3,9,0
a man rides his bike on one wheel while towing something behind him ,the man is on a bike,0,0,5,4,9,1
a man with a blue shirt riding a red bike doing a wheelie in the middle of the road ,the man is balancing on one wheel ,0,0,6,3,9,1
a man with a blue shirt riding a red bike doing a wheelie in the middle of the road ,the man is wearing a green shirt ,0,0,7,8,11,0
a red colored diner features dark red chairs ,there are red chairs in the diner ,0,0,12,4,14,1
a red colored diner features dark red chairs ,there are no red chairs in the diner ,0,0,12,4,14,0
two people sitting in the shadows near the water ,people are in the sun in the desert,0,0,9,4,12,0
two people sitting in the shadows near the water ,people are sitting by the water,0,0,10,5,18,1
two children hug one another ,one child is giving another child a hug ,0,0,9,3,13,1
two children hug one another ,the children are brushing their teeth ,1,0,10,1,8,0
a man in a hat and black jacket reads a newspaper,a man is reading a book ,7,0,7,4,5,0
a man in a hat and black jacket reads a newspaper,a man is reading a newspaper ,7,0,12,5,13,1
a man in a dark jacket and a hat reading a paper while leaning ,a man is reading a paper ,7,0,17,7,15,1
a man in a dark jacket and a hat reading a paper while leaning ,a man is reading a newspaper on a train ,7,0,11,6,11,0
a man with a hat leaning against a post reading a newspaper ,a man is reading a newspaper outside ,6,0,21,7,19,1
a man with a hat leaning against a post reading a newspaper ,a woman is reading a magazine ,2,0,11,5,9,0
a nicely dressed man reading the newspaper in front of an older building ,woman reading a book outdoors ,0,0,12,2,8,0
a nicely dressed man reading the newspaper in front of an older building ,man in professional attire reading a newspaper outside ,0,0,11,5,19,1
a guy leaning on a structure in front of a building reading something ,a person reading in front of a building,2,0,23,8,20,1
a guy leaning on a structure in front of a building reading something ,a blind man sits in front of a building,2,0,23,7,15,0
three children on skates in an arena two girls and one boy  boy is wearing orange wheeled skates ,the children are at home watching television ,2,0,11,1,8,0
three children on skates in an arena two girls and one boy  boy is wearing orange wheeled skates ,the children have something on their feet ,2,0,11,2,10,1
little boy skating in roller rink  two little girls in background ,a boy is skating with other people around him ,0,0,9,2,10,1
little boy skating in roller rink  two little girls in background ,a girl is playing at a park by herself ,0,0,5,0,0,0
three children are skating on a rollerskating rink ,the men are doing yoga,2,0,7,1,3,0
three children are skating on a rollerskating rink ,three kids are ice skating,6,0,9,3,15,1
three young people skating in a skating rink,the three people are skating together ,2,0,10,4,20,1
three young people skating in a skating rink,the three people are throwing the baseball around ,2,0,8,2,11,0
two girls and a boy rollerskating ,some kids are rollerskating ,0,0,15,1,13,1
two girls and a boy rollerskating ,some kids are playing basketball ,0,0,4,0,0,0
a toddler swings back very high ,a toddler swings high,17,1,17,4,17,1
a toddler swings back very high ,a toddler plays on a slide,10,1,10,2,8,0
a man wearing a blue coat and red scarf cocks back his arm while holding a stick on the beach ,a man in a coat,6,0,6,5,8,1
a man wearing a blue coat and red scarf cocks back his arm while holding a stick on the beach ,the man is wearing a sweatshirt,0,0,11,6,13,0
a man with a scarf throws a stick javelin style on an abandoned beach ,the man threw a stick ,0,0,9,5,9,1
a man with a scarf throws a stick javelin style on an abandoned beach ,the man is dancing in the moonlight with his daughter ,0,0,6,2,7,0
a man gets ready to throw a bamboo stick like a javelin ,a man is holding a stick ,6,0,7,5,9,1
a man gets ready to throw a bamboo stick like a javelin ,a man works on transforming his bamboo stick into a fishing pole ,6,0,14,6,14,0
a man with a red scarf is throwing a long stick ,a man in a scark throws a stick ,6,0,7,5,9,1
a man with a red scarf is throwing a long stick ,a man ate a stick ,6,0,7,5,9,0
a man gets ready to throw a stick at the beach ,a man gets ready to throw a stick ,34,1,34,8,15,1
a man gets ready to throw a stick at the beach ,a man is sitting still at the beach ,6,0,14,6,11,0
two young men compete in an informal basketball game ,there is a  v  going on between friends,1,0,3,0,0,1
two young men compete in an informal basketball game ,people don t play sports,0,0,2,0,0,0
a young boy and girl hug and smile ,young couple hugging,0,0,6,1,5,1
a young boy and girl hug and smile ,youth playing,0,0,3,0,0,0
a woman with heavy makeup is standing next to a red light sign ,a woman with heavy makeup is standing ,38,1,38,8,19,1
a woman with heavy makeup is standing next to a red light sign ,a man with heavy makeup is standing ,2,0,34,7,19,0
an older man is sitting in a lawn chair with a newspaper in his hand and selling paint cans  lawn chairs  and other items ,an older woman is selling newspapers ,9,0,10,4,14,0
an older man is sitting in a lawn chair with a newspaper in his hand and selling paint cans  lawn chairs  and other items ,an old man has a newspaper ,6,0,13,5,14,1
a man standing on a boat is pulling rope out of the ocean ,the man is standing ,0,0,10,4,14,1
a man standing on a boat is pulling rope out of the ocean ,the man is drinking a beer in a pub ,0,0,5,5,8,0
four musicians play their instruments on the street while a young man on a bike stands by to listen ,four musicians play for a man,20,1,20,6,17,1
four musicians play their instruments on the street while a young man on a bike stands by to listen ,there are multiple people present ,0,0,3,0,0,1
four musicians play their instruments on the street while a young man on a bike stands by to listen ,a kid in a car goes through a drive thru,0,0,4,2,2,0
four musicians play their instruments on the street while a young man on a bike stands by to listen ,a group of people play music outside ,0,0,6,3,6,1
four musicians play their instruments on the street while a young man on a bike stands by to listen ,there is no one listening to the musicians ,0,0,11,3,14,0
four musicians play their instruments on the street while a young man on a bike stands by to listen ,the young man is riding his bike down the street ,0,0,13,5,15,0
four musicians play their instruments on the street while a young man on a bike stands by to listen ,musicians are playing at an indoor concert ,0,0,10,1,9,0
four musicians play their instruments on the street while a young man on a bike stands by to listen ,a big band perfomance on a ship plays to a crowd of women ,0,0,6,5,6,0
four musicians play their instruments on the street while a young man on a bike stands by to listen ,a man with a bike watched musicians playing ,0,0,15,5,16,1
four musicians play their instruments on the street while a young man on a bike stands by to listen ,a man listens to four musicians playing on the street ,0,0,19,10,19,1
four musicians playing reed instruments with one playing a clarinet and three playing saxophones  being watched by a young child on a bicycle ,some musicians sleep,0,0,11,1,9,0
four musicians playing reed instruments with one playing a clarinet and three playing saxophones  being watched by a young child on a bicycle ,four musicians are playing instruments,15,1,15,6,27,1
some young adults are playing saxophones and clarinets outdoors ,some young people were playing musical instruments outside ,11,1,11,3,16,1
some young adults are playing saxophones and clarinets outdoors ,the drummer hammered away at his kit in the garage ,0,0,2,0,0,0
a street band consisting of three saxophonists and a clarinetist playing on the street ,the street band is playing outside ,0,0,13,5,19,1
a street band consisting of three saxophonists and a clarinetist playing on the street ,the street band is inside a cafe for a show ,0,0,13,6,16,0
three taxis have been pulled over ,three taxis are on the street ,12,1,12,2,10,1
three taxis have been pulled over ,three motorcycles were pulled over ,6,0,13,3,15,0
line of taxis waiting for passengers ,trucks are driving down a highway ,0,0,4,0,0,0
line of taxis waiting for passengers ,taxis are waiting ,0,0,9,2,12,1
many cabs lining up at a station close to an elevator ,many buses are parked at a station ,5,0,14,4,13,0
many cabs lining up at a station close to an elevator ,taxis line up at a station ,0,0,17,4,11,1
three parked taxis with two parked police cars behind them ,the police cars are in front of the taxis ,2,0,13,3,15,1
three parked taxis with two parked police cars behind them ,the taxis are being towed away ,2,0,7,1,5,0
two soccer players battle for the ball during an intense match ,two players battle over a turkey in an intense match ,4,0,18,6,20,0
two soccer players battle for the ball during an intense match ,there are players on the soccer field ,1,0,9,3,16,1
two soccer opponents run and fight for the soocerball on a grassy field ,two teams are playing soccer on a grass field ,4,0,11,5,14,1
two soccer opponents run and fight for the soocerball on a grassy field ,two hockey opponents run and fight for the puck on ice ,4,0,33,8,17,0
two young men on opposing soccer teams are competing to get the ball on a soccer field ,two young men are playing baseball ,14,1,14,4,11,0
two young men on opposing soccer teams are competing to get the ball on a soccer field ,two young men are playing soccer ,14,1,14,6,17,1
an old man wearing a black jacket is looking on the table,a man in a black jacket is near a table ,1,0,19,6,16,1
an old man wearing a black jacket is looking on the table,a young girl in a bright shirt is looking at the sky ,1,0,13,4,12,0
several people are huddled around a table in an asian country ,people around a table in an asian country ,0,0,36,8,19,1
several people are huddled around a table in an asian country ,people walking down a road ,0,0,7,2,7,0
a male billiards player with a grin on his face and his pool stick in hand overlooking a billiards table with some balls on it ,a woman is watching football ,2,0,4,3,3,0
a male billiards player with a grin on his face and his pool stick in hand overlooking a billiards table with some balls on it ,a guy is playing pool ,2,0,6,4,6,1
a man in a red shirt and black pants is sitting down ,a man running around the lake ,6,0,6,3,5,0
a man in a red shirt and black pants is sitting down ,a person sitting down ,2,0,14,4,12,1
a man sitting on the sidewalk photographed at an angle that makes him look headless ,a woman sitting on the sidewalk photographed at an angle that makes her look headless ,2,0,65,13,28,0
a man sitting on the sidewalk photographed at an angle that makes him look headless ,a person sitting on the sidewalk photographed at an angle that makes him look headless ,2,0,80,14,28,1
a man sits alone in front of a building  hanging his head so low it appears to not exist ,a man sits alone and hanged his head so low ,17,1,17,9,13,1
a man sits alone in front of a building  hanging his head so low it appears to not exist ,a woman sits on her bed  crying ,2,0,9,3,6,0
a young fair skinned boy rides a play horse at a playground ,there is a child playing at a playground ,0,0,17,5,13,1
a young fair skinned boy rides a play horse at a playground ,the boy is dark skinned ,0,0,9,2,10,0
a young fair skinned boy rides a play horse at a playground ,a young boy rides a play horse at the playground,8,0,27,10,20,1
a young fair skinned boy rides a play horse at a playground ,the cow is riding the boy ,0,0,5,1,3,0
a young fair skinned boy rides a play horse at a playground ,the boy is on a bus on the highway ,0,0,5,4,5,0
a young fair skinned boy rides a play horse at a playground ,a boy rides a hrose ,2,0,13,5,9,1
a young fair skinned boy rides a play horse at a playground ,there is a child on a park plaything ,0,0,5,3,3,1
a young fair skinned boy rides a play horse at a playground ,a grown man rides a horse down a beach ,2,0,9,5,11,0
a young fair skinned boy rides a play horse at a playground ,a boy rides a play horse ,2,0,24,7,14,1
a young fair skinned boy rides a play horse at a playground ,there is a young girl riding a horse at a farm ,0,0,12,6,12,0
a man is tying his shoe lace ,a man is not wearing any footwear ,9,0,9,3,6,0
a man is tying his shoe lace ,a man is lacing up his shoes ,9,0,9,4,8,1
two swimmers are fighting for a ball on a water sport ,two people fighting ,4,0,11,2,11,1
two swimmers are fighting for a ball on a water sport ,two people practicing darts ,4,0,4,1,3,0
a swimmer in his suit stretches before a swim competition while holding his goggles ,a swimmer in the middle of a swimming race ,13,1,13,4,10,0
a swimmer in his suit stretches before a swim competition while holding his goggles ,a woman preparing for a swim competition ,2,0,20,4,16,0
a swimmer in his suit stretches before a swim competition while holding his goggles ,a swimmer preparing for a swim competition ,10,1,20,5,22,1
a shirtless man in blue swimsuit bottoms holding swim goggles ,a cat is eating food ,2,0,4,1,1,0
a shirtless man in blue swimsuit bottoms holding swim goggles ,a shirtless man is holding swim goggles ,17,1,23,6,23,1
a male swimmer in a blue bikini holding goggles ,a male is holding goggles ,7,0,17,5,18,1
a male swimmer in a blue bikini holding goggles ,a man is sleeping ,4,0,4,2,2,0
a man in blue speedos is holding black goggles ,the man in blue speedos is at a skating rink ,0,0,24,6,14,0
a man in blue speedos is holding black goggles ,black goggles are being held ,0,0,14,2,12,1
people are seen in the distance in front of a large colorful monument ,people are by the monument,11,1,11,4,17,1
people are seen in the distance in front of a large colorful monument ,the people are in a conference call,0,0,11,6,12,0
a guy wearing a dark blue shirt is playing pool ,a guy is playing pool ,6,0,17,6,14,1
a guy wearing a dark blue shirt is playing pool ,a guy is bowling ,6,0,6,4,6,0
a woman in an orange top is standing next to a large rainbow colored work of art ,a boy is jumping rope ,2,0,4,3,4,0
a woman in an orange top is standing next to a large rainbow colored work of art ,a woman is standing next to a work of art ,9,0,23,10,17,1
two small children playing football in yellow and black and yellow and blue uniforms ,there are two children playing football ,1,0,27,4,23,1
two small children playing football in yellow and black and yellow and blue uniforms ,two small children are playing football in their white and gold uniforms,19,1,21,10,24,0
a man walking up some steep steps carrying a bag ,a man is walking up the steps ,6,0,12,6,15,1
a man walking up some steep steps carrying a bag ,a woman is walking down the steps ,2,0,9,4,13,0
a young child is carrying a paddle ,a child holding a paddle ,2,0,13,4,12,1
a young child is carrying a paddle ,a man launching a boat ,2,0,6,2,2,0
man with camera and bag walking up stairs,a person walking up stairs ,0,0,18,3,15,1
man with camera and bag walking up stairs,a man sitting on the stairs ,0,0,7,2,9,0
a man climbs up a large flight of stone steps ,a man climbs stone steps ,13,1,13,6,16,1
a man climbs up a large flight of stone steps ,a man falls to his death down stone steps ,6,0,13,5,13,0
a young child in a red shirt is holding a wooden paddle behind a net ,the young child is wearing a red shirt and playing a game ,0,0,14,9,15,1
a young child in a red shirt is holding a wooden paddle behind a net ,the young child is about to be confirmed at this church ,0,0,14,3,12,0
a young boy is standing on a sports field holding a piece of sports equipment ,a person is using a piece of equipment ,2,0,15,7,16,1
a young boy is standing on a sports field holding a piece of sports equipment ,a boy is sitting in a coffee shop ,2,0,9,5,6,0
a little boy is standing in a cricket cage holding a cricket bat ,adults are playing soccer ,1,0,4,0,0,0
a little boy is standing in a cricket cage holding a cricket bat ,a child is in the cricket cage ,2,0,14,8,18,1
a kid playing a cricket game  possibly at preschool or at the park,the kid is playing basketball ,0,0,9,3,13,0
a kid playing a cricket game  possibly at preschool or at the park,the kid is playing cricket ,0,0,9,4,17,1
the baby in the crib is crying ,the baby smiling and laughing ,9,0,9,3,10,0
the baby in the crib is crying ,the baby crying in the crib ,9,0,13,6,14,1
two guys riding skateboards with one of them performing a jump trick ,two guys hanging in their room ,9,0,9,2,7,0
two guys riding skateboards with one of them performing a jump trick ,two guys riding their skateboards outside ,16,1,16,4,21,1
a teenage boy doing a skateboard trick while another boy rides on a skateboard in the background ,some boys are riding skateboards,0,0,11,0,0,1
a teenage boy doing a skateboard trick while another boy rides on a skateboard in the background ,the boy is doing tricks on his bmx bike,0,0,7,5,11,0
a skateboarder jumping in the street ,a skateboarded ollied in the street ,13,1,15,4,11,1
a skateboarder jumping in the street ,a person is jumped his snowboard ,2,0,5,1,1,0
a man flips his skateboard on a flat expanse of concrete ,the man is walking ,0,0,5,1,3,0
a man flips his skateboard on a flat expanse of concrete ,a skateboarder doing tricks ,2,0,11,2,2,1
a boy does a trick on a skateboard ,the boy is outdoors ,0,0,5,1,3,1
a boy does a trick on a skateboard ,the boy does a trick on the ocean ,0,0,21,7,12,0
a band is performing on stage at a place of business ,the band is performing on the grass outside ,0,0,23,4,16,0
a band is performing on stage at a place of business ,the band members are performers ,0,0,8,1,4,1
a motorbike rider is barreling across a grass lawn ,the rider is outdoors on a motorbike ,0,0,12,5,16,1
a motorbike rider is barreling across a grass lawn ,the motorbike rider is sitting still on the sidewalk ,0,0,20,3,16,0
kids play in the snow while parents watch,old men rolling around in the snow ,0,0,13,3,9,0
kids play in the snow while parents watch,humans playing in the snow ,0,0,13,3,9,1
three people are standing in the snow preparing an ice fishing boat ,three friends jump off the dock into the water ,6,0,6,2,8,0
three people are standing in the snow preparing an ice fishing boat ,the opening act to a rock concert ,2,0,5,1,3,0
three people are standing in the snow preparing an ice fishing boat ,the people are inside a sauna ,2,0,13,3,12,0
three people are standing in the snow preparing an ice fishing boat ,three people are going ice fishing ,17,1,17,5,18,1
three people are standing in the snow preparing an ice fishing boat ,out in the snow  a small group of fishermen get an ice fishing boat ready for use ,0,0,21,7,15,1
three people are standing in the snow preparing an ice fishing boat ,a group is outside in the snow ,0,0,13,3,9,1
three people are standing in the snow preparing an ice fishing boat ,a group of people are sun tanning on the beach ,0,0,13,3,12,0
three people are standing in the snow preparing an ice fishing boat ,the people are outside ,2,0,13,3,12,1
three people are standing in the snow preparing an ice fishing boat ,two fishermen are sitting in a restaurant eating chicken ,1,0,7,2,5,0
three people are standing in the snow preparing an ice fishing boat ,people preparing to go ice fishing ,0,0,13,4,22,1
a young boy climbs a spiral staircase in a room full of books ,a boy is going downstairs ,2,0,5,4,5,0
a young boy climbs a spiral staircase in a room full of books ,a boy is going upstairs ,2,0,5,4,5,1
young boy climbs spiral staircase surrounded by books ,a boy slides down a spiral staircase,0,0,17,3,18,0
young boy climbs spiral staircase surrounded by books ,a boy walks up stairs,0,0,6,1,3,1
young boy in blue shirt on spiral staircase in a room with many books ,the shirt is red ,0,0,8,1,5,0
young boy in blue shirt on spiral staircase in a room with many books ,there is a boy ,0,0,5,2,4,1
a little boy climbs a spiral staircase in a cluttered library ,a boy is in the library,2,0,8,6,12,1
a little boy climbs a spiral staircase in a cluttered library ,the boy is swinging on a tire,0,0,6,4,5,0
three black people dressed in african garb watching something ,three people are dressed in african garb ,6,0,26,6,20,1
three black people dressed in african garb watching something ,the three people are white ,2,0,8,2,11,0
a small brown and white dog is playing with the sprinkler in the grass ,two dogs are on the grass ,0,0,12,3,11,1
a small brown and white dog is playing with the sprinkler in the grass ,two dogs are sleeping ,0,0,4,0,0,0
the white dog is being squirted in the face with a jet of water ,a dogs butt is being squirted with water ,0,0,19,6,18,0
the white dog is being squirted in the face with a jet of water ,the pet remains dry after being hit from behind with a pail of water ,4,0,10,7,14,0
the white dog is being squirted in the face with a jet of water ,the dog is being squirted,4,0,23,6,16,1
the white dog is being squirted in the face with a jet of water ,he is drinking water ,0,0,7,2,7,0
the white dog is being squirted in the face with a jet of water ,the dog with a light colored coat its muzzle wet with a stream of water ,4,0,10,7,12,1
the white dog is being squirted in the face with a jet of water ,water is shooting in the white dog s face ,0,0,14,8,14,1
the white dog is being squirted in the face with a jet of water ,the dog is white ,4,0,9,5,11,1
the white dog is being squirted in the face with a jet of water ,a jet of water is squirting the dog ,0,0,15,8,11,1
the white dog is being squirted in the face with a jet of water ,the cat sips water in the yard ,4,0,8,4,11,0
the white dog is being squirted in the face with a jet of water ,the dog is inside,4,0,9,4,9,0
a wedding party outside of a building ,nobody is outside,0,0,8,1,7,0
a wedding party outside of a building ,humans outside,0,0,8,1,7,1
an wedding party poses for a picture ,photograph in marriage ceremony,0,0,2,0,0,1
an wedding party poses for a picture ,people gathered in office,0,0,2,0,0,0
a wedding party taking pictures ,someone got married,0,0,2,0,0,1
a wedding party taking pictures ,they are at a funeral,0,0,2,1,1,0
a lady in a gray sweater has a conversation with three other people at the same table ,four people have a conversation at a table together ,0,0,16,7,23,1
a lady in a gray sweater has a conversation with three other people at the same table ,four men hold a conversation together at the same table ,0,0,19,8,21,0
a group of people talking at tables ,the people are having a conversation ,0,0,8,2,7,1
a group of people talking at tables ,the people are sitting silently ,0,0,8,1,6,0
there are tables full of people with paperwork who are discussing things ,a meeting of people is taking place,0,0,11,2,8,1
there are tables full of people with paperwork who are discussing things ,a group of people sit at a picnic table and eat lunch,0,0,11,2,8,0
a bald man is attempting to slam dunk a basketball in a game while people in the stands watch ,a man is playing basketball while people watch ,2,0,14,9,21,1
a bald man is attempting to slam dunk a basketball in a game while people in the stands watch ,a hockey player gets the puck in the net ,2,0,8,6,7,0
a bald man is attempting to slam dunk a basketball in a game while people in the stands watch ,a man is playing basketball while people watch ,2,0,14,9,21,1
a bald man is attempting to slam dunk a basketball in a game while people in the stands watch ,a hockey player gets the puck in the net ,2,0,8,6,7,0
people are in a laundry mat washing clothes ,people are throwing their clothes in the garbage ,11,1,11,4,16,0
people are in a laundry mat washing clothes ,machines are cleaning clothes at the laundromat ,0,0,12,2,10,0
people are in a laundry mat washing clothes ,people are getting their clothes cleaned at the laundromat ,11,1,11,3,16,1
a man reaches toward dunking a basketball while an audience watches ,there is an audience,0,0,12,2,10,1
a man reaches toward dunking a basketball while an audience watches ,there is no audience,0,0,9,1,8,0
two men checking on their drying clothes at the laundromat ,two men are at the supermarket ,8,0,8,4,9,0
two men checking on their drying clothes at the laundromat ,two men dropped off their clothes at a laundromat ,8,0,12,6,22,1
a young man in a white button shirt and black pants assesses a washer in a laundromat ,he is assessing a dryer ,0,0,8,4,3,0
a young man in a white button shirt and black pants assesses a washer in a laundromat ,the man is going to do laundry ,0,0,7,1,3,1
two patrons are washing clothes at the laundromat ,two women are driving to the store ,4,0,5,3,9,0
two patrons are washing clothes at the laundromat ,two customers are doing laundry ,4,0,7,2,6,1
a young man looks inside a washer at a laundromat ,a man hangs his clothes on a clothesline ,2,0,5,4,5,0
a young man looks inside a washer at a laundromat ,a man examining the inside of a washing machine ,2,0,8,5,10,1
a man stands atop a rocky cliff over the water ,a man is on top of a cliff ,6,0,7,4,9,1
a man stands atop a rocky cliff over the water ,a man is standing on top of a building skyscraper ,6,0,6,3,5,0
two young girls pick daffodils ,two children plant flowers in a garden ,4,0,4,1,3,0
two young girls pick daffodils ,two girls pick flowers outside ,4,0,12,3,12,1
a man is standing on top of rocks overlooking the ocean ,man looking at water,0,0,8,1,3,1
a man is standing on top of rocks overlooking the ocean ,man swimming to shore,0,0,5,1,3,0
a man sands with his arms out on a rocky ledge in front of the ocean ,a woman looks out over the ocean from a spot on the sandy beach ,2,0,11,6,11,0
a man sands with his arms out on a rocky ledge in front of the ocean ,a man stands on a stony cliff overlooking the ocaen  arms outstretched ,7,0,9,6,10,1
a man sands with his arms out on a rocky ledge in front of the ocean ,a man climbed to the top of a rocky cliff by the sea ,6,0,9,6,11,1
man standing on the edge of rocks near an ocean ,person standing on the edge of rocks near an ocean ,0,0,46,9,18,1
man standing on the edge of rocks near an ocean ,woman standing on the edge of rocks near an ocean ,0,0,48,9,18,0
man standing on top of jagged rocks near the ocean ,a man sleeping on his bunk bed ,0,0,7,2,5,0
man standing on top of jagged rocks near the ocean ,a man standing outside ,0,0,14,2,11,1
a woman with a red cap is fishing in the river ,there is a woman in a black cap ,0,0,8,6,10,0
a woman with a red cap is fishing in the river ,there is a woman in a red cap ,0,0,11,7,11,1
a red haired woman looks off camera ,a redhead looks away from the camera,5,0,7,3,12,1
a red haired woman looks off camera ,a blonde looks away from the camera,2,0,7,3,12,0
a girl with a red cap  hair tied up and a gray shirt is fishing in a calm lake ,a boy is swimming in a lake ,2,0,9,7,8,0
a girl with a red cap  hair tied up and a gray shirt is fishing in a calm lake ,a girl is fishing ,7,0,12,7,13,1
a lady wearing a red hat is fishing in a quiet and peaceful lake ,children are splashing in a lake ,0,0,11,5,7,0
a lady wearing a red hat is fishing in a quiet and peaceful lake ,a woman is fishing in a lake ,2,0,17,7,13,1
the redheaded woman is staring off into the distance ,the woman is brunette,4,0,10,4,11,0
the redheaded woman is staring off into the distance ,a woman has red hair,0,0,7,1,5,1
a curly redheaded girl with a large headband in her hair ,blonde washing her hair,0,0,9,2,7,0
a curly redheaded girl with a large headband in her hair ,redhead wearing a headband,0,0,9,3,10,1
a red haired woman looks past the cameraman ,a woman with red hair looks past the cameraman ,2,0,26,7,19,1
a red haired woman looks past the cameraman ,a cameraman looks at a man ,2,0,11,3,15,0
a girl with a long  curly  red hair and green eyes ,a guy,3,0,3,2,2,0
a girl with a long  curly  red hair and green eyes ,a person with hair and eyes,2,0,10,6,12,1
a group of campers grill food over a burn barrel ,people are cooking outdoors ,0,0,3,0,0,1
a group of campers grill food over a burn barrel ,the campers are going for a swim ,0,0,9,3,9,0
campers use coal and a lighter to cook their dinner over a fire ,there is a group of people camping and cooking dinner ,0,0,8,4,10,1
campers use coal and a lighter to cook their dinner over a fire ,there is a bear that started a fire in the woods ,0,0,8,3,6,0
a group of friends cook around a fire ,a group of people cook at a fire ,11,1,11,6,13,1
a group of friends cook around a fire ,a group of people eating food ,11,1,11,4,8,0
  people standing next to a fire cooking a meal,the four people are sleeping in bed ,0,0,8,1,6,0
  people standing next to a fire cooking a meal,the group is waiting for the food to be done ,0,0,4,1,2,1
people cooking at a campsite ,people are eating at applebee s,7,0,8,2,8,0
people cooking at a campsite ,friends are out camping,0,0,5,0,0,1
a large dog holding a smaller dog ,two animals next to each other ,0,0,3,0,0,1
a large dog holding a smaller dog ,  cats are sleeping,0,0,3,0,0,0
a woman walks in front of a wall plastered with advertisements ,a woman walks in front a wall covered in papers ,23,1,23,7,15,1
a woman walks in front of a wall plastered with advertisements ,a woman stands in front of a wall covered in pictures ,8,0,21,7,14,0
a small black and brown dog on a leash is jumping on a bigger tri colored dog on a leash ,some dogs are sleeping at the foot of the bed ,0,0,5,0,0,0
a small black and brown dog on a leash is jumping on a bigger tri colored dog on a leash ,a small dog is jumping ,8,0,12,9,15,1
a dog is nipping at the ear of another dog on a leash  in a park ,a dog is being bitten,9,0,9,6,8,1
a dog is nipping at the ear of another dog on a leash  in a park ,the dogs are in a pet store ,0,0,7,5,6,0
a small dog jumps up to play with a larger dog ,there are no dogs playing ,0,0,5,0,0,0
a small dog jumps up to play with a larger dog ,a small dog is jumping and playing with a larger dog ,12,1,19,7,15,1
a dog holds a smaller animal in its mouth ,a dog has a ball in its mouth ,7,0,15,6,11,0
a dog holds a smaller animal in its mouth ,a dog has another animal in it s mouth ,7,0,15,6,14,1
fluffy white dog running on pebbles along the shore ,the dog is riding in the bed of a truck ,0,0,6,2,6,0
fluffy white dog running on pebbles along the shore ,a canine is alongside a body of water ,0,0,7,0,0,1
someone is riding a bright green dirt bike through the grass ,a bike rider rides through the outdoors,0,0,13,4,14,1
someone is riding a bright green dirt bike through the grass ,someone in an suv rides through the street,9,0,13,3,17,0
shadowy figures on a balcony talking ,the balcony is empty ,0,0,9,1,7,0
shadowy figures on a balcony talking ,people are talking on the balcony ,0,0,9,3,16,1
a young girl is throwing a hula hoop in a backyard on a sunny day ,a young girl plays outside ,13,1,13,6,10,1
a young girl is throwing a hula hoop in a backyard on a sunny day ,a boy plays inside ,2,0,3,4,3,0
woman in blue shirt standing on a dried lake bed ,woman in blue shirt standing on a boat in a lake ,34,1,34,8,18,0
woman in blue shirt standing on a dried lake bed ,woman standing outdoors ,6,0,11,2,13,1
a man and woman in a parking lot at night ,a man and a woman are walking in the park ,10,1,10,6,11,0
a man and woman in a parking lot at night ,a man and a woman are heading to their cars ,10,1,10,5,11,1
a blond woman sitting on a curb at night while a man with a black shirt stands over her and checks his phone ,two people stand near a street at midday ,0,0,6,5,4,0
a blond woman sitting on a curb at night while a man with a black shirt stands over her and checks his phone ,a man looks at his phone while standing over a blonde woman on a curb ,2,0,11,13,15,1
there is a man asleep  at the door of a barber shop ,there is a man asleep in the ocean ,22,1,22,7,14,0
there is a man asleep  at the door of a barber shop ,there is a man asleep in a doorway ,22,1,22,6,14,1
the woman is fixing her shoes while the man looks at his cellphone ,a woman is walking barefoot,0,0,10,2,7,0
the woman is fixing her shoes while the man looks at his cellphone ,a woman stops to tie her show and her husband is checking his phone ,0,0,8,4,11,1
a man in dark clothing photographs a model sitting in a shopping mall parking lot ,a woman photographs a man in a parking lot ,2,0,16,9,21,0
a man in dark clothing photographs a model sitting in a shopping mall parking lot ,a man takes pictures of a model in a parking lot ,6,0,13,9,15,1
a baby laughs at his reflection in a mirror ,there is an infant in this picture,0,0,4,1,2,1
a baby laughs at his reflection in a mirror ,the baby is at a comedy show,0,0,6,4,7,0
a barefoot woman reads a book along the water ,a woman just finished lacing up her shoes ,2,0,7,3,7,0
a barefoot woman reads a book along the water ,a woman isn t wearing any shoes ,2,0,7,3,7,1
two boys wearing sports uniforms stand in a grassy field ,the boys are inside the house ,1,0,6,1,4,0
two boys wearing sports uniforms stand in a grassy field ,the two boys are outside ,1,0,9,2,7,1
the shadows of what appears to be two men grabbing another man from atop a large building,there are shadows of people ,3,0,13,2,9,1
the shadows of what appears to be two men grabbing another man from atop a large building,a man gives a speech at a school ,0,0,5,2,4,0
a woman wearing a hat with making bread ,a woman is trying on hats ,8,0,8,3,7,0
a woman wearing a hat with making bread ,a woman is making bread ,8,0,14,5,16,1
cheerleaders build a pyramid near the goal line ,a group of cheerleaders are on a field together ,0,0,13,2,13,1
cheerleaders build a pyramid near the goal line ,cheerleaders sit on the sidelines as their team loses ,13,1,13,2,15,0
cheerleaders have made three people pyramids ,football players have made three people pyramids ,0,0,36,5,19,0
cheerleaders have made three people pyramids ,cheerleaders have made people pyramids ,23,1,23,5,26,1
a skateboarder without a shirt grabs his board in the air ,the skateboarder is wearing a shirt ,0,0,14,5,20,0
a skateboarder without a shirt grabs his board in the air ,a skateboarder is shirtless ,15,1,15,3,14,1
a group of cheerleaders if red outfits ,the cheerleaders are all wearing the mascot suit ,0,0,14,1,12,0
a group of cheerleaders if red outfits ,the cheeleaders are wearing their red school colors ,0,0,8,1,3,1
a child in front of his own reflection turning towards the camera and smiling ,an angry child rides a horse,1,0,7,2,6,0
a child in front of his own reflection turning towards the camera and smiling ,a child smiles for the camera,8,0,11,4,14,1
small blond child with a bright red shirt smiles while sitting inside a lexmark box ,small blond man with a bright red shirt smiles while sitting inside a lexmark box ,12,1,67,14,20,0
small blond child with a bright red shirt smiles while sitting inside a lexmark box ,small child with a bright red shirt smiles while sitting inside a lexmark box ,6,0,73,14,20,1
a young child playing in a lexmark box and using it as a fort ,a young child is building a blanket fortress ,14,1,14,5,11,0
a young child playing in a lexmark box and using it as a fort ,a child is playing with a box ,2,0,9,6,15,1
a bicyclist riding down the road wearing helmet and black jacket ,the bicyclist is fixing his bike ,0,0,11,2,12,0
a bicyclist riding down the road wearing helmet and black jacket ,a bicyclist is riding down the road ,12,1,22,6,19,1
woman in black jacket and blue pants rides bike on shoulder through construction area ,a boy rides a hobby horse ,0,0,7,1,5,0
woman in black jacket and blue pants rides bike on shoulder through construction area ,a woman on a bike ,0,0,6,3,11,1
a man in a red shirt holding a red piece of clothing ,the man is holding a black pair of pants ,0,0,11,6,12,0
a man in a red shirt holding a red piece of clothing ,a man is holding something ,7,0,9,5,11,1
a person on a bike riding by a bright orange sign ,the man hails a taxi in the country ,0,0,3,3,3,0
a person on a bike riding by a bright orange sign ,a person rides a bike ,9,0,9,5,11,1
a woman is riding a bike ,a woman is outside ,11,1,11,4,8,1
a woman is riding a bike ,the woman is enjoying some chocolate milk after a long work out ,0,0,10,4,8,0
a happy older couple share a dance while a younger dancing woman looks on ,an older couple sit and watch a young woman dance ,1,0,15,7,16,0
a happy older couple share a dance while a younger dancing woman looks on ,people attend a dance ,0,0,9,4,7,1
white and black dog jumping over red haired dog in grass ,dog jumps over a princess ,0,0,8,3,10,0
white and black dog jumping over red haired dog in grass ,dog jumps over dog ,0,0,8,3,10,1
two people sit on a wooden bench and face each other to talk ,two people playing catch ,11,1,11,2,9,0
two people sit on a wooden bench and face each other to talk ,two people talking while sitting ,11,1,11,2,9,1
a group of people sit watching an event behind a tim hortons sign ,there is a group of people sitting,0,0,21,5,13,1
a group of people sit watching an event behind a tim hortons sign ,there is a group of people standing outdoors,0,0,19,5,13,0
a small white dogs leaps over the back of a larger dog to chase his toy ,the large dog is beneath the small dog ,0,0,7,3,11,1
a small white dogs leaps over the back of a larger dog to chase his toy ,the dogs are baking cookies ,0,0,7,2,7,0
a man hovers over a woman seated at an art gallery s front desk ,a man and a woman at a desk,6,0,9,6,12,1
a man hovers over a woman seated at an art gallery s front desk ,a man and a woman sitting on a bench reading books,6,0,10,4,9,0
racedog has the number   ,a racing dog has a number   ,0,0,10,2,9,1
racedog has the number   ,a race dog is number   ,0,0,10,1,6,0
a dog  wearing a number    running in a race ,the dog is sleeping ,0,0,5,1,3,0
a dog  wearing a number    running in a race ,the dog is has a digit on itself ,0,0,5,4,5,1
a greyhound runs in a race  bee striped jacket  number eight ,the greyhound is wearing the number seven ,0,0,11,2,15,0
a greyhound runs in a race  bee striped jacket  number eight ,the greyhound is running around a track ,0,0,11,3,11,1
a greyhound dog wearing a yellow and black shirt runs along a dirt racetrack ,a beagle is wearing a yellow and black shirt ,2,0,34,8,18,0
a greyhound dog wearing a yellow and black shirt runs along a dirt racetrack ,a horse races around the track,2,0,5,3,3,0
a greyhound dog wearing a yellow and black shirt runs along a dirt racetrack ,there is a puppy laying on a couch,0,0,4,3,3,0
a greyhound dog wearing a yellow and black shirt runs along a dirt racetrack ,there is an animal running outdoors,0,0,4,0,0,1
a greyhound dog wearing a yellow and black shirt runs along a dirt racetrack ,the dog is sitting  waiting to be petted ,0,0,5,1,3,0
a greyhound dog wearing a yellow and black shirt runs along a dirt racetrack ,there is a cat on the racetrack,0,0,10,4,11,0
a greyhound dog wearing a yellow and black shirt runs along a dirt racetrack ,the dog is running ,0,0,5,1,3,1
a greyhound dog wearing a yellow and black shirt runs along a dirt racetrack ,the dog is an animal,0,0,5,1,3,1
a greyhound dog wearing a yellow and black shirt runs along a dirt racetrack ,a dog is at a racetrack ,2,0,11,5,13,1
a greyhound dog wearing a yellow and black shirt runs along a dirt racetrack ,an animal is outside,1,0,3,0,0,1
gray dog with muzzle and with the    yellow striped identification is running ,a gray dog is sleeping on the floor ,0,0,9,4,10,0
gray dog with muzzle and with the    yellow striped identification is running ,a dog is running a race ,0,0,12,3,12,1
a man wearing white clothes with a blue backpack waits for the blond woman to sign a book ,a man is watching a movie ,6,0,6,4,5,0
a man dressed in red is at the marketplace ,man standing at a market,0,0,7,3,6,1
a man dressed in red is at the marketplace ,man sitting in office,0,0,4,2,5,0
a person performing a wheelie trick on a motorcycle in a parking lot ,a person does a stunt on his motorbike ,9,0,9,6,9,1
a person performing a wheelie trick on a motorcycle in a parking lot ,a woman rides a unicycle in the parking lot ,2,0,13,7,12,0
a man standing on a motorcycle doing a stunt,a stuntman on a motorcycle,2,0,16,5,13,1
a man standing on a motorcycle doing a stunt,a man crashes a car into a pole,6,0,6,4,5,0
motorcycle daredevil on reared motorcycle ,motorcyle crashes into a pile of cars ,7,0,7,0,0,0
motorcycle daredevil on reared motorcycle ,motorcylist rides his bike ,7,0,7,0,0,1
someone riding sideways on a motorcycle ,the rider is straddling the motorcycle ,0,0,12,1,10,0
someone riding sideways on a motorcycle ,the person is laying in his bedroom ,0,0,4,0,0,0
someone riding sideways on a motorcycle ,someone is riding side saddled on a motor bike ,8,0,12,4,15,1
someone riding sideways on a motorcycle ,someone is parked in a car on the street,8,0,8,3,10,0
someone riding sideways on a motorcycle ,the individual sat on a bench in the subway terminal ,0,0,6,2,3,0
someone riding sideways on a motorcycle ,a person is on a motorcycle ,0,0,18,3,13,1
someone riding sideways on a motorcycle ,there is a person on a machine ,0,0,7,2,3,1
someone riding sideways on a motorcycle ,a person is on a motorcycle ,0,0,18,3,13,1
someone riding sideways on a motorcycle ,the birds in the tree are singing and eating worms ,0,0,4,0,0,0
someone riding sideways on a motorcycle ,a person on a motorcycle is ridding sideways,0,0,17,4,20,1
young man standing on one hand in front of an audience ,the young man played his guitar ,0,0,10,2,8,0
young man standing on one hand in front of an audience ,the young adult stood on one hand during his performance ,0,0,13,4,12,1
man in a hood performing in front of a group of onlookers ,the man is at home sleeping,0,0,5,1,3,0
man in a hood performing in front of a group of onlookers ,a man is performing,0,0,11,4,14,1
a guy is on one hand throwing his feet up surrounded by a crowd ,a man performs tricks for a crowd ,2,0,9,3,7,1
a guy is on one hand throwing his feet up surrounded by a crowd ,a guy is practicing his stunts in his living room ,9,0,9,5,8,0
a man in a gray hat and tank top with black shorts doing a handstand ,the man is reading a newspaper while seated at his desk ,0,0,6,4,5,0
a man in a gray hat and tank top with black shorts doing a handstand ,the man has his hands on the ground ,0,0,6,1,3,1
a woman with blond hair  glasses  necklace  and a green and blue floral dress is holding a yellow container ,a woman with brown hair is holding a frying pan ,14,1,14,8,16,0
a woman with blond hair  glasses  necklace  and a green and blue floral dress is holding a yellow container ,a blond woman in a floral dress is holding a container ,2,0,27,10,22,1
a lady sitting on the edge of a dock reading a book and listening to music ,a woman is inside watching tv ,2,0,5,3,3,0
a lady sitting on the edge of a dock reading a book and listening to music ,a lady is outside reading and listening to music ,7,0,24,9,21,1
a man is getting a book autographed ,the gentleman proffered his book for an autograph,0,0,10,1,4,1
a man is getting a book autographed ,the man was buying diapers at the local costco,0,0,5,1,3,0
a man with a beard and a woman in sunglasses are standing in front of a liquor store ,the children are in school ,0,0,5,3,7,0
a man with a beard and a woman in sunglasses are standing in front of a liquor store ,the man and women are standing ,0,0,14,4,14,1
a man and woman stand on a one way road in front of a red stuccoed building ,two people stand on a road by a building ,0,0,12,7,17,1
a man and woman stand on a one way road in front of a red stuccoed building ,a man and woman standing on the sidewalk outside of the subway station ,21,1,21,8,11,0
two people look toward the camera as they cross the street in front of a red building with a sign saying   royal  ,two sister relax by a pool ,4,0,4,3,5,0
two people look toward the camera as they cross the street in front of a red building with a sign saying   royal  ,a red building has a sign ,0,0,15,5,15,1
a man in a blue striped shirt and jeans along with a woman in a brown shirt walking across the street ,a man wearing a striped shirt and a woman wearing a polka dotted shirt cross the street ,6,0,19,12,18,0
a man in a blue striped shirt and jeans along with a woman in a brown shirt walking across the street ,two people are walking on the street ,0,0,12,3,16,1
two guys and two girls are playing a casino game ,people are playing a game ,0,0,15,4,14,1
two guys and two girls are playing a casino game ,one guy and twenty girls are shooting guns ,0,0,11,3,11,0
a man and a woman look to their left near a liquor store ,a man and a woman sleeping in their bed,18,1,18,7,13,0
a man and a woman look to their left near a liquor store ,a man and a woman near a liquor store,18,1,20,9,16,1
a man dressed as a pirate stands next to a man playing a saxophone as well as a man playing an accordion as viewers watch ,there are three men in this picture,0,0,3,0,0,1
a man dressed as a pirate stands next to a man playing a saxophone as well as a man playing an accordion as viewers watch ,the men are best friends trying to settle a bet of who is better at swimming ,0,0,5,6,4,0
a saxophone player dressed in a blue sweatshirt and an accordion player entertain people on the street  including a pirate ,a sax player entertains people,5,0,17,6,18,1
a saxophone player dressed in a blue sweatshirt and an accordion player entertain people on the street  including a pirate ,a drummer plays on the street,2,0,14,6,11,0
man dressed as a pirate listens with a crowd to a band playing ,man dressed as pirate,15,1,15,4,16,1
man dressed as a pirate listens with a crowd to a band playing ,girl cries loud,0,0,3,0,0,0
an eclectic group of musicians and actors perform for a group of tourists ,a monkey is eating a banana,1,0,3,1,1,0
an eclectic group of musicians and actors perform for a group of tourists ,tourist are watching a performance,0,0,8,1,1,1
musicians playing to a crowd of people on the street ,there are people ,0,0,8,1,6,1
musicians playing to a crowd of people on the street ,the street has no people ,0,0,11,3,15,0
a woman with an umbrella following a car on a billboard ,a man is on a billboard ,2,0,16,5,12,0
a woman with an umbrella following a car on a billboard ,a woman is on a billboard ,8,0,16,6,16,1
a young man does a trick on his skateboard in a somewhat crowded park area ,a young man skateboarding ,12,1,12,5,9,1
a young man does a trick on his skateboard in a somewhat crowded park area ,a young man diving into a pool ,13,1,13,5,9,0
muzzled greyhounds are racing on the track ,dogs race on the track ,0,0,14,3,10,1
muzzled greyhounds are racing on the track ,muzzled greyhouds are eating kibbles  n bits out of a cereal bowl ,15,1,15,2,10,0
dogs race each other on a muddy track ,the track is muddy,0,0,7,2,10,1
dogs race each other on a muddy track ,the track is dry,0,0,7,1,5,0
race dogs midair while they run ,fish are swimming in circles,0,0,2,0,0,0
race dogs midair while they run ,dogs are racing,0,0,5,1,4,1
a boy in a green sweatshirt and blue jeans performs a trick on a skateboard while spectators in the background are looking on ,a young man rides a skateboard ,2,0,14,5,12,1
a boy in a green sweatshirt and blue jeans performs a trick on a skateboard while spectators in the background are looking on ,the piano player finishes his piece of music ,0,0,4,1,3,0
a male in a green sweatshirt and blue jeans is doing a skateboard trick on a tiled outdoor surface along a river walk ,a man is riding a bike in a park ,4,0,7,7,5,0
a male in a green sweatshirt and blue jeans is doing a skateboard trick on a tiled outdoor surface along a river walk ,a skateboarder does a trick ,2,0,12,6,7,1
a man in a hoodie does an ollie on his skateboard with people in the park in the background ,the people are standing near a man doing an ollie ,0,0,10,8,14,1
a man in a hoodie does an ollie on his skateboard with people in the park in the background ,a man is skating ,7,0,7,3,5,1
a man in a hoodie does an ollie on his skateboard with people in the park in the background ,the man is in the park ,0,0,13,7,10,1
a man in a hoodie does an ollie on his skateboard with people in the park in the background ,a man rides a skateboard,6,0,11,4,14,1
a man in a hoodie does an ollie on his skateboard with people in the park in the background ,the man is riding his bike down the fast lane ,0,0,6,4,9,0
a man in a hoodie does an ollie on his skateboard with people in the park in the background ,a man is asleep in front of a cozy fire,7,0,7,6,7,0
a man in a hoodie does an ollie on his skateboard with people in the park in the background ,a man in a tux rides a cab ,11,1,11,6,7,0
a man in a hoodie does an ollie on his skateboard with people in the park in the background ,a man is skateboarding near the park ,7,0,13,6,10,1
a man in a hoodie does an ollie on his skateboard with people in the park in the background ,the skateboard is on the ground ,0,0,12,4,16,0
a man in a hoodie does an ollie on his skateboard with people in the park in the background ,the man is sitting down on his skateboard ,0,0,19,6,16,0
a man in a green hoodie is trying to do a trick on his skateboard in a park ,a man in green,9,0,9,8,10,1
a man in a green hoodie is trying to do a trick on his skateboard in a park ,the man is nude,0,0,6,2,5,0
little redheaded boy looking at a toy train ,a little boy is watching a toy train,0,0,12,5,14,1
little redheaded boy looking at a toy train ,a little boy is playing catch,0,0,7,3,10,0
a woman sits on a stone wall and talks on her phone ,a woman reading the newspaper ,8,0,8,3,7,0
a woman sits on a stone wall and talks on her phone ,a woman talking on the phone ,8,0,8,6,12,1
group of people pointing ,a group of people are sitting down with their hands folded ,0,0,16,3,13,0
group of people pointing ,a couple of people have their arm extended ,0,0,11,2,8,1
two women are sitting on a rock next to an open field ,two women dancing ,10,1,10,2,8,0
two women are sitting on a rock next to an open field ,two women sitting on a rock ,10,1,19,6,16,1
a boy wearing blue short standing on the traffic signal pole ,the boy is wearing red shorts inside his classroom ,0,0,9,3,13,0
a boy wearing blue short standing on the traffic signal pole ,the boy is wearing an article of clothing ,0,0,9,3,13,1
a young kid is skateboarding at a skate park ,the boy is afraid of skating ,0,0,5,1,2,0
a young kid is skateboarding at a skate park ,the boy is playing at the skate park ,0,0,12,4,11,1
three people sitting on the curb in an asian city ,a group of people are outside sitting ,0,0,10,2,13,1
three people sitting on the curb in an asian city ,a group of dogs are riding in a car ,0,0,5,1,2,0
lots of people are sitting on blankets and lawn chairs in the grass ,there are lots of people sitting on blankets ,0,0,22,7,21,1
lots of people are sitting on blankets and lawn chairs in the grass ,there is one person sitting on a blanket ,0,0,12,2,9,0
young girl playing with streamers ,a girl playing ,0,0,14,2,11,1
young girl playing with streamers ,there is a boy playing basketball ,0,0,9,1,7,0
the girl is twirling long  colorful streamers ,the girl is twirling streamers ,21,1,21,5,21,1
the girl is twirling long  colorful streamers ,the boy is twilring streamers ,4,0,11,3,14,0
the girl in the pink shirt is twirling a ribbon ,a boy playing with a ribbon,0,0,9,2,7,0
the girl in the pink shirt is twirling a ribbon ,a girl playing with a ribbon,0,0,9,3,11,1
a girl wearing a bright pink top is spinning a colorful ribbon around her body ,a girl in a pink top spins a ribbon ,7,0,10,7,14,1
a girl wearing a bright pink top is spinning a colorful ribbon around her body ,a boy in a blue shirt spins ,2,0,5,3,3,0
a little girl in a pink shirt and a jean skirt is playing with a ribbon wand outside ,the girl has a red shirt ,0,0,7,6,10,0
a little girl in a pink shirt and a jean skirt is playing with a ribbon wand outside ,a girl has a pink shirt ,2,0,14,7,13,1
a skier flies through the air ,a snowboarder is watching the sights,3,0,5,2,4,0
a skier flies through the air ,a skier has left the ground and is airborne,8,0,8,3,9,1
a man in skiing gear is airborne ,a naked man is airborne ,2,0,13,4,13,0
a man in skiing gear is airborne ,a man in skiing gear ,21,1,21,5,13,1
a skier is airborne in front of some trees ,someone is skiing ,0,0,4,1,2,1
a skier is airborne in front of some trees ,two men play basketball ,0,0,2,0,0,0
a skier in colorful clothes midair in a wintry scene ,the skier is sitting on the bench ,0,0,8,1,5,0
a skier in colorful clothes midair in a wintry scene ,the skier is dressed warm for the winter conditions ,0,0,8,1,5,1
a woman sitting on concrete reading a book barefoot ,a person reading ,2,0,9,3,9,1
a woman sitting on concrete reading a book barefoot ,a little boy playing on a jungle gym ,2,0,7,3,4,0
a man is skiing in midair ,a man is outdoors ,9,0,9,3,6,1
a man is skiing in midair ,a man is parachuting in midair ,9,0,14,5,11,0
a black dog and a brown dog close together ,two dogs ,0,0,4,0,0,1
a black dog and a brown dog close together ,two cats sleeping ,0,0,2,0,0,0
one brown and one mostly black dog are either playing or fighting ,two dogs were together,0,0,4,0,0,1
one brown and one mostly black dog are either playing or fighting ,one dog sat alone,4,0,5,3,9,0
two dogs  face to face  on a dirt road ,two dogs are facing each other ,9,0,9,2,7,1
two dogs  face to face  on a dirt road ,two dogs are chasing a cat ,9,0,9,3,8,0
a brown dog and a black dog on a dirt path ,two dogs are outdoors ,0,0,4,0,0,1
a brown dog and a black dog on a dirt path ,the two dogs are walking down a city street ,0,0,4,3,3,0
a woman playing on an oversize checkers board ,a woman plays on a giant black and red checkerboard ,12,1,12,3,8,1
a woman playing on an oversize checkers board ,a kid plays speed checkers with his buddy on a tiny magnetic checkerboard ,2,0,10,3,11,0
a woman plays an extra large game of checkers ,a woman plays an extra large game of chess ,40,1,40,8,15,0
a woman plays an extra large game of checkers ,a woman is playing a board game ,8,0,8,3,10,1
a person is playing a large version of checkers on a deck overlooking water ,someone is playing a game outdoors ,0,0,14,5,10,1
a person is playing a large version of checkers on a deck overlooking water ,a person is standing watching boats with binoculars ,12,1,12,5,9,0
someone placing pieces on a large checkerboard ,a man is dealing cards ,0,0,4,1,1,0
someone placing pieces on a large checkerboard ,there is a checkers game ,0,0,8,1,1,1
the little boy is looking at a train set ,the boy is playing with it,4,0,9,3,8,0
the little boy is looking at a train set ,the boy is thinking pf train set,4,0,10,5,11,1
a blond woman practices belly dancing in outfit ,a woman is laying in the sun ,2,0,7,3,8,0
a blond woman practices belly dancing in outfit ,a woman is wearing clothes and moving around ,2,0,7,2,6,1
a lady bowling  with her right leg pointing towards her back ,a lady bowling with leg pointing back ,15,1,15,7,19,1
a lady bowling  with her right leg pointing towards her back ,a lady bowling drinks a soda ,15,1,15,3,12,0
a lady bowling  with her right leg pointing towards her back ,a lady bowling with one of her legs pointing back ,15,1,15,8,19,1
a belly dancer wearing a red and gold costume stands with her arms above her head ,a dancer poses ,2,0,8,3,8,1
a belly dancer wearing a red and gold costume stands with her arms above her head ,a gorilla dressed as a belly dancer overturns a table ,2,0,15,4,12,0
a blond woman in a decorated matching red skirt and top is standing in a field ,there is a women outdoors,0,0,4,4,4,1
a blond woman in a decorated matching red skirt and top is standing in a field ,there is a women outdoors running outdoors ,0,0,4,4,4,0
a dancer in a red costume has her hands raised up to form a shape ,a basketball player makes a shot ,2,0,5,3,3,0
a dancer in a red costume has her hands raised up to form a shape ,a dancer is in a posed position ,10,1,10,5,9,1
a woman dressed in a red costume belly dances among spectators ,a woman belly dances ,8,0,14,5,16,1
a woman dressed in a red costume belly dances among spectators ,a man belly dances ,2,0,14,4,12,0
a youngster plays with a toy ,youths plays with toys,0,0,12,2,9,1
a youngster plays with a toy ,person walking on beach,0,0,2,0,0,0
a person with a green hat laying down on the ground ,a person is wearing a blue hat ,9,0,9,4,10,0
a person with a green hat laying down on the ground ,a person is wearing a green hat ,9,0,13,5,14,1
a boy smiles while he loads up his toy with fake bullets ,a boy plays with his toy car ,6,0,9,5,10,0
a boy smiles while he loads up his toy with fake bullets ,a boy plays with a toy gun ,6,0,6,4,10,1
a smiling young boy loads a foam gun with darts ,a smiling young boy playing with a toy gun ,20,1,20,7,16,1
a smiling young boy loads a foam gun with darts ,a smiling young boy loads a pellet gun ,28,1,28,7,17,0
a young man with a black shirt and gray pants smiling looking down as he plays with a yellow and blue toy in the dark ,a young man plays with a toy in the dark ,12,1,17,12,14,1
a young man with a black shirt and gray pants smiling looking down as he plays with a yellow and blue toy in the dark ,a young man plays his violin at the school play ,12,1,12,7,13,0
a little boy in a black t shirt plays with a toy nerf gun ,a little boy in black plays with a toy gun ,16,1,18,11,16,1
a little boy in a black t shirt plays with a toy nerf gun ,a little boy in red plays with a dog ,16,1,16,8,15,0
a group of people both adult and children stand around a bunch of sheep ,a crowd of people stand around some farm animals,2,0,14,7,17,1
a group of people both adult and children stand around a bunch of sheep ,a lone teenager tends to a few sheep,2,0,6,3,7,0
a group of old and young people standing in a dirt field with a herd of sheep against a deep blue sky ,a group of people running in the snow ,11,1,11,9,13,0
a group of old and young people standing in a dirt field with a herd of sheep against a deep blue sky ,a group of old and young people standing in a dirt field with a herd of sheep  ,78,1,78,18,19,1
three kids and there parents tending to their pack of sheep ,the kids and the parents care for their herd of sheep ,2,0,14,6,17,1
three kids and there parents tending to their pack of sheep ,the kids are walking the dogs ,2,0,8,1,4,0
four children and a woman are tending sheep in an arid location ,a man pets a horse ,0,0,4,1,1,0
four children and a woman are tending sheep in an arid location ,five people tend sheep ,1,0,7,1,5,1
there are a group of people around a heard of sheep ,a group of people around sheep,0,0,25,8,17,1
there are a group of people around a heard of sheep ,one person around sheep,0,0,8,2,11,0
a man in a beret looks out the window of a vehicle ,the man isn t wearing a hat,0,0,6,5,7,0
a man in a beret looks out the window of a vehicle ,a man is wearing a beret,7,0,8,5,9,1
a boy at a gun range aims and shoots ,a lad fires a weapon ,2,0,3,2,2,1
a boy at a gun range aims and shoots ,two men shoot a tyrant in the head with precision and accuracy ,0,0,6,3,5,0
a conductor of a train leans out of a window and looks to the right  while another man inside of the carriage looks towards some gauges ,the conductor of a train is seated comfortable while a man in a carriage steps off the train ,0,0,22,13,22,0
a conductor of a train leans out of a window and looks to the right  while another man inside of the carriage looks towards some gauges ,people watch a train go by ,0,0,9,4,7,0
a conductor of a train leans out of a window and looks to the right  while another man inside of the carriage looks towards some gauges ,there are two people on a train looking at different things ,0,0,10,4,7,1
a conductor of a train leans out of a window and looks to the right  while another man inside of the carriage looks towards some gauges ,people are on a train ,0,0,9,4,7,1
a conductor of a train leans out of a window and looks to the right  while another man inside of the carriage looks towards some gauges ,people run a train ,0,0,9,4,7,1
a man with a conductors hat sticks his head out the window and leans on the windowsill of the train ,a dog sticks his head out the window of a car ,2,0,32,11,16,0
a man with a conductors hat sticks his head out the window and leans on the windowsill of the train ,a man with a hat is on a train ,13,1,13,7,12,1
a train conductor looking out the window of a black train while the worker looks at the gauges ,the conductor is looking outside ,0,0,12,5,19,1
a train conductor looking out the window of a black train while the worker looks at the gauges ,the conductor is looking at a manual ,0,0,11,8,19,0
man hanging out of the window of a train wearing a black jacket and hat ,the man is the copilot of the airplane ,0,0,9,4,8,0
man hanging out of the window of a train wearing a black jacket and hat ,the man is on a train ,0,0,9,5,11,1
a little boy hits a baseball while his family watches,the little boy makes his family proud ,0,0,12,4,15,1
a little boy hits a baseball while his family watches,a boy scores a goal playing soccer with his sister ,2,0,5,4,7,0
boy with black shirt and red batting helmet swinging bat at ball on ball field ,the woman grades a paper,0,0,2,0,0,0
boy with black shirt and red batting helmet swinging bat at ball on ball field ,the boy is swinging a bat,0,0,10,3,14,1
a little boy batting with a red helmet on ,boy is reading story book in library,0,0,4,1,3,0
a little boy batting with a red helmet on ,a little boy batting wearing red helmet,22,1,22,7,19,1
a boy in a red helmet hits a ball with a bat ,the boy is playing volleyball ,0,0,6,1,3,0
a boy in a red helmet hits a ball with a bat ,the boy is playing a game ,0,0,6,5,5,1
a woman in an suv looks to be crying as a fatherly figure places his hand on her cheek for reassurance ,the man is reassuring the crying woman ,0,0,9,2,11,1
a woman in an suv looks to be crying as a fatherly figure places his hand on her cheek for reassurance ,the woman is playing in the park with her children ,0,0,8,3,10,0
a young lady being comforted by a man after she has seen something sad and it has made her cry ,a lady is crying,2,0,6,3,6,1
a young lady being comforted by a man after she has seen something sad and it has made her cry ,the woman is laughing ,0,0,5,0,0,0
a young lady being comforted by a man after she has seen something sad and it has made her cry ,a lady is comforted,2,0,10,4,14,1
a young lady being comforted by a man after she has seen something sad and it has made her cry ,the lady is happy ,0,0,6,1,4,0
a young lady being comforted by a man after she has seen something sad and it has made her cry ,the lady is asleep at work,0,0,6,1,4,0
a young lady being comforted by a man after she has seen something sad and it has made her cry ,a woman is crying ,2,0,4,2,2,1
a young lady being comforted by a man after she has seen something sad and it has made her cry ,the woman has tears in her eyes ,0,0,5,3,9,1
a young lady being comforted by a man after she has seen something sad and it has made her cry ,a young lady is crying ,13,1,13,4,10,1
a young lady being comforted by a man after she has seen something sad and it has made her cry ,a young lady didn t see anything at all ,13,1,13,4,10,0
a young lady being comforted by a man after she has seen something sad and it has made her cry ,a lady is alone and happy while watching a movie,2,0,6,4,8,0
a man in a blue plaid shirt is comforting a crying woman in a black truck ,a man comforts a crying woman ,6,0,16,7,14,1
a man in a blue plaid shirt is comforting a crying woman in a black truck ,a woman comforts a crying man ,2,0,10,7,14,0
a man in a blue and white shirt shows concern for a girl in a suv ,humans are interacting,0,0,3,0,0,1
a man in a blue and white shirt shows concern for a girl in a suv ,a man running on the ground,6,0,6,5,5,0
an older man sitting outside in the sun watching something under his umbrella ,the man is indoors ,0,0,5,2,6,0
an older man sitting outside in the sun watching something under his umbrella ,an older man is outside ,13,1,13,4,15,1
four men are on stage performing music ,the men are making noise ,0,0,9,2,6,1
four men are on stage performing music ,the men are silently praying in the church ,0,0,9,2,6,0
older couple is covered in shadows by a bridge ,lion eats bird,0,0,3,0,0,0
older couple is covered in shadows by a bridge ,couple near big building,0,0,7,1,6,0
older couple is covered in shadows by a bridge ,couple covered in shadows,0,0,19,4,20,1
a man and woman standing under a covered patio with the sun beaming through the trellis slats ,two people are standing ,0,0,10,1,8,1
a man and woman standing under a covered patio with the sun beaming through the trellis slats ,two people are dancing in the snow ,0,0,6,2,6,0
two elderly people in a dimly lit area ,two elderly people are hit with spotlights ,19,1,19,3,16,0
two elderly people in a dimly lit area ,elderly people are in a dark area ,0,0,15,5,17,1
an older man wearing a vest looking into a dumpster ,an old man is looking into a dumpster ,6,0,25,7,19,1
an older man wearing a vest looking into a dumpster ,the old man is sitting at a table reading a book ,0,0,6,3,5,0
young boy holding a baby in a run down area ,the boy has the baby ,0,0,6,2,7,1
young boy holding a baby in a run down area ,the boy is holding a dog ,0,0,11,4,11,0
two young adults at a rodeo  one is helping the other to fix an injury to his arm after a brief ride ,two young adults are playing basketball ,18,1,18,3,14,0
two young adults at a rodeo  one is helping the other to fix an injury to his arm after a brief ride ,two young adults are at a rodeo ,18,1,18,7,16,1
two young adults at a rodeo  one is helping the other to fix an injury to his arm after a brief ride ,a rodeo is a safe place for all occupants,0,0,8,4,8,0
two young adults at a rodeo  one is helping the other to fix an injury to his arm after a brief ride ,two young adults are at a horse event ,18,1,18,6,14,1
two young adults at a rodeo  one is helping the other to fix an injury to his arm after a brief ride ,there are people at the rodeo,1,0,6,3,10,1
two young adults at a rodeo  one is helping the other to fix an injury to his arm after a brief ride ,two young adults are at a waterpark,18,1,18,6,14,0
two young adults at a rodeo  one is helping the other to fix an injury to his arm after a brief ride ,a bull escapes from the rodeo ,0,0,7,4,9,0
two young adults at a rodeo  one is helping the other to fix an injury to his arm after a brief ride ,a young adult helps another after an injury at a rodeo ,0,0,12,8,16,1
two young adults at a rodeo  one is helping the other to fix an injury to his arm after a brief ride ,two aduts are at a rodeo ,4,0,12,5,10,1
two young adults at a rodeo  one is helping the other to fix an injury to his arm after a brief ride ,the bull is jumping into the crowd at a rodeo ,1,0,12,6,10,0
a cowboy in a rodeo puts a bandage on his forearm  getting ready for his ride ,a cowboy is going to milk the cows,10,1,10,4,8,0
a cowboy in a rodeo puts a bandage on his forearm  getting ready for his ride ,a cowboy has a bandage on his arm,9,0,19,8,16,1
a young woman is drilling holes in a rock with an impact drill,daffy duck is a pasta chef ,0,0,4,3,4,0
a young woman is drilling holes in a rock with an impact drill,a woman drills rock ,2,0,7,4,10,1
a young boy holds a small  dirty girl on his lap while wrapping her in his jacket ,the little boy is taking care of the young girl ,0,0,7,3,12,1
a young boy holds a small  dirty girl on his lap while wrapping her in his jacket ,the little boy is giving the little girl a bubble bath ,0,0,6,4,8,0
two small children in poor conditions trying to survive the elements ,the childreen are poor ,1,0,8,2,7,1
two small children in poor conditions trying to survive the elements ,the children are wealthy ,1,0,10,2,11,0
a young boy holds an infant which appears to be in distraught ,a young boy holds a crying baby ,19,1,19,4,13,1
a young boy holds an infant which appears to be in distraught ,a young boy sits next to a crying baby ,12,1,12,4,10,0
a brother holding his younger brother outside in cold air ,there is a brother and sister pair ,0,0,10,3,15,0
a brother holding his younger brother outside in cold air ,there are two brothers ,0,0,8,0,0,1
an old man wit a straw hat and umbrella is smiling while sitting and watching something in the distance ,the hat is made out of clay ,0,0,5,3,8,0
an old man wit a straw hat and umbrella is smiling while sitting and watching something in the distance ,there is a straw hat ,0,0,13,4,10,1
three cheerleaders are rooting for their team ,the cheerleaders show their team support ,2,0,15,3,21,1
three cheerleaders are rooting for their team ,the cheerleaders are taking a break ,2,0,19,2,15,0
a young boy wearing a red shirt with yellow writing on it and a red sports cap is squatted in shallow water and touching a yellow pail filled with sand ,the little kid with a red shirt and yellow letters  stood on a foot stool to reach both his hands into the dirty water in the sink ,0,0,13,16,17,0
a young boy wearing a red shirt with yellow writing on it and a red sports cap is squatted in shallow water and touching a yellow pail filled with sand ,the young boy in the red shirt had his finger touching the sand filled yellow pail ,0,0,13,12,20,1
a bride and her groom embracing ,the two people are swimming ,0,0,4,0,0,0
a bride and her groom embracing ,the bride and groom holding eachother ,0,0,11,3,13,1
four snowsuit clad children climb up a snowy hillside ,four children are outside in the snow ,5,0,10,2,12,1
four snowsuit clad children climb up a snowy hillside ,it is summertime and warm outside ,0,0,5,0,0,0
four children climbing up a snow covered hill ,four children climb up an icy palace in the norwegian countryside,19,1,19,3,14,0
four children climbing up a snow covered hill ,four children are climbing on a snowy hill,14,1,14,5,20,1
four kids climb a snowy hill  one struggles ,kids are climbing a hill covered with snow,0,0,6,3,9,1
four kids climb a snowy hill  one struggles ,kids playing in the sand,0,0,5,1,4,0
a woman wearing a white gown and a man wearing a gray suit embracing ,a woman is wearing a white gown ,8,0,22,9,19,1
a woman wearing a white gown and a man wearing a gray suit embracing ,a dog is eating ,2,0,4,4,3,0
a bride and groom stand together in front of a wooden fence ,a man and woman are outside ,2,0,5,3,5,1
a bride and groom stand together in front of a wooden fence ,the bride is walking down the aisle to greet her groom ,0,0,7,2,10,0
a bride and groom are standing in front of a fence ,the bride and groom are dancing in the hotel ,0,0,21,5,13,0
a bride and groom are standing in front of a fence ,a bride and groom stand near a fence ,18,1,18,6,15,1
a man crosses a busy city street ,a man runs across a road without paying attention to traffic ,6,0,6,3,5,0
a man crosses a busy city street ,a man makes his way through traffic  no foot ,6,0,6,3,5,1
a man in a white shirt and tie walking across the street ,a man walks outside ,6,0,6,3,5,1
a man in a white shirt and tie walking across the street ,a woman walks across the street ,2,0,19,5,15,0
a man walks across a road with his tie flipped over his shoulder ,a woman walks across a road with her tie flipped over his shoulder ,2,0,31,12,21,0
a man walks across a road with his tie flipped over his shoulder ,a man walks across a street with his tie blowing in the wind,21,1,21,9,15,1
an older man in a nice dress shirt with a tie over his shoulder  walking across a street in downtown ,a man is sitting in a cafe down town ,1,0,6,6,7,0
an older man in a nice dress shirt with a tie over his shoulder  walking across a street in downtown ,a man is walking across a street downtown ,1,0,25,8,21,1
two women with colorful hats sit in a field ,two women are sitting ,10,1,10,2,8,1
two women with colorful hats sit in a field ,the women are standing ,1,0,7,1,5,0
a man in a suit is holding a frying pan ,there is a man cooking ,0,0,6,5,6,1
a man in a suit is holding a frying pan ,the man is juggling ,0,0,6,2,5,0
a well dressed man holds a skillet in public ,a man dresses well ,2,0,7,4,8,1
a well dressed man holds a skillet in public ,the man is getting on a plane ,0,0,5,3,5,0
a man in a gray suit and purple tie is flipping a pancake in the middle of a sidewalk ,the person is flipping food ,0,0,13,3,13,1
a man in a gray suit and purple tie is flipping a pancake in the middle of a sidewalk ,the person is wearing a yellow suit ,0,0,6,7,9,0
a white man with black hair dressed nicely in gray dress pants  blazer and purple tie stands on the street in front of a garage flipping a pancake which is captured in midair ,the man is in his kitchen  frying eggs on the stove ,0,0,11,7,8,0
a white man with black hair dressed nicely in gray dress pants  blazer and purple tie stands on the street in front of a garage flipping a pancake which is captured in midair ,a guy is painting a house,2,0,6,4,4,0
a white man with black hair dressed nicely in gray dress pants  blazer and purple tie stands on the street in front of a garage flipping a pancake which is captured in midair ,a man is flipping a pancake ,2,0,20,7,18,1
a white man with black hair dressed nicely in gray dress pants  blazer and purple tie stands on the street in front of a garage flipping a pancake which is captured in midair ,a black haired male stands on the street flipping a pankcake ,2,0,23,9,20,1
a white man with black hair dressed nicely in gray dress pants  blazer and purple tie stands on the street in front of a garage flipping a pancake which is captured in midair ,the man is dressed nicely ,0,0,16,5,16,1
a white man with black hair dressed nicely in gray dress pants  blazer and purple tie stands on the street in front of a garage flipping a pancake which is captured in midair ,the man is pouring pancake batter all over his naked body ,0,0,9,4,13,0
a white man with black hair dressed nicely in gray dress pants  blazer and purple tie stands on the street in front of a garage flipping a pancake which is captured in midair ,a man is cooking pancakes in his driveway ,2,0,8,8,7,1
a white man with black hair dressed nicely in gray dress pants  blazer and purple tie stands on the street in front of a garage flipping a pancake which is captured in midair ,a man is cooking in his kitchen while his kids watch ,2,0,5,8,7,0
a white man with black hair dressed nicely in gray dress pants  blazer and purple tie stands on the street in front of a garage flipping a pancake which is captured in midair ,a guy is cooking pancakes by his garage,2,0,8,5,9,1
a white man with black hair dressed nicely in gray dress pants  blazer and purple tie stands on the street in front of a garage flipping a pancake which is captured in midair ,the dark haired man is chasing lions off his lawn ,0,0,6,3,8,0
this is a well dressed dark haired gentleman wearing a gray suit jacket  gray trousers  black sweater and lavender tie with a mustache and goatee holding a frying pan  standing on the sidewalk in front of a roll open garage type door ,a well dressed man is standing in front of a garage door ,0,0,15,14,21,1
this is a well dressed dark haired gentleman wearing a gray suit jacket  gray trousers  black sweater and lavender tie with a mustache and goatee holding a frying pan  standing on the sidewalk in front of a roll open garage type door ,a man is running a marathon ,0,0,6,6,4,0
this is a well dressed dark haired gentleman wearing a gray suit jacket  gray trousers  black sweater and lavender tie with a mustache and goatee holding a frying pan  standing on the sidewalk in front of a roll open garage type door ,a woman is cooking in the kitchen ,0,0,6,8,7,0
this is a well dressed dark haired gentleman wearing a gray suit jacket  gray trousers  black sweater and lavender tie with a mustache and goatee holding a frying pan  standing on the sidewalk in front of a roll open garage type door ,a man is holding a frying pan ,0,0,22,9,16,1
this is a well dressed dark haired gentleman wearing a gray suit jacket  gray trousers  black sweater and lavender tie with a mustache and goatee holding a frying pan  standing on the sidewalk in front of a roll open garage type door ,the man is at church ,2,0,5,2,5,0
this is a well dressed dark haired gentleman wearing a gray suit jacket  gray trousers  black sweater and lavender tie with a mustache and goatee holding a frying pan  standing on the sidewalk in front of a roll open garage type door ,this is a woman wearing a red jacket standing in front of a garage door ,11,1,15,15,21,0
this is a well dressed dark haired gentleman wearing a gray suit jacket  gray trousers  black sweater and lavender tie with a mustache and goatee holding a frying pan  standing on the sidewalk in front of a roll open garage type door ,a man is holding a boombox,0,0,11,7,10,0
this is a well dressed dark haired gentleman wearing a gray suit jacket  gray trousers  black sweater and lavender tie with a mustache and goatee holding a frying pan  standing on the sidewalk in front of a roll open garage type door ,a man is standing outside ,0,0,11,7,11,1
this is a well dressed dark haired gentleman wearing a gray suit jacket  gray trousers  black sweater and lavender tie with a mustache and goatee holding a frying pan  standing on the sidewalk in front of a roll open garage type door ,the gentleman is standing in front of a garage door ,2,0,15,14,23,1
this is a well dressed dark haired gentleman wearing a gray suit jacket  gray trousers  black sweater and lavender tie with a mustache and goatee holding a frying pan  standing on the sidewalk in front of a roll open garage type door ,a man stands in front of a garage ,0,0,15,9,13,1
a young man and woman interact with an elderly woman in a wheelchair ,a man and women are talking to an elderly women,2,0,15,6,13,1
a young man and woman interact with an elderly woman in a wheelchair ,a man and women are not talking to an elderly women,2,0,15,6,13,0
two teenagers interacting with the elder population ,some kids and old people ,0,0,2,0,0,1
two teenagers interacting with the elder population ,some middle aged people sit alone ,0,0,3,0,0,0
a man wearing a dark shirt and a girl wearing a dark tank top are standing next to an elderly lady seated in a wheelchair ,a man is wearing a light shirt,6,0,11,9,19,0
a man wearing a dark shirt and a girl wearing a dark tank top are standing next to an elderly lady seated in a wheelchair ,a man is wearing a dark shirt,6,0,21,11,19,1
  people stand up wearing black at an old persons home  while some onlookers sit in wheelchairs nearby ,some people are sitting while others are standing,0,0,8,3,15,1
  people stand up wearing black at an old persons home  while some onlookers sit in wheelchairs nearby ,at the elementary school the people were waiting for lunch,0,0,8,2,8,0
a heavyset man is standing next to a building ,the man is overweight ,0,0,8,2,5,1
a heavyset man is standing next to a building ,the man is skinny ,0,0,9,2,5,0
a man is standing and talking to another man who is kneeling over some cables ,the man is near the other man ,0,0,10,4,8,1
a man is standing and talking to another man who is kneeling over some cables ,the man is praying in the church ,0,0,8,4,8,0
a little brown dog stands on his hind legs with a red toy in its mouth ,a dog stands with a toy in its mouth ,2,0,18,9,15,1
a little brown dog stands on his hind legs with a red toy in its mouth ,a dog is taking a nap ,2,0,5,3,5,0
a man in a black shirt about to blow out candles on a cake  one of the candles looking like a flare ,a person has a cake ,2,0,8,5,6,1
a man in a black shirt about to blow out candles on a cake  one of the candles looking like a flare ,a man is baking a cake for his customer at the bakery ,7,0,8,7,10,0
man in black prepares to celebrate his birthday by blowing out the candles on his cake ,there is a person next to a cake,0,0,5,2,6,1
man in black prepares to celebrate his birthday by blowing out the candles on his cake ,a man is sleeping ,0,0,5,1,3,0
man in black prepares to celebrate his birthday by blowing out the candles on his cake ,a man watches the sunset on the beach,0,0,5,3,8,0
man in black prepares to celebrate his birthday by blowing out the candles on his cake ,a man is celebrating the day of his birth ,0,0,10,4,9,1
man in black prepares to celebrate his birthday by blowing out the candles on his cake ,man blows out cake candles,4,0,9,4,14,1
man in black prepares to celebrate his birthday by blowing out the candles on his cake ,it s a woman s birthday ,0,0,11,1,8,0
man in black prepares to celebrate his birthday by blowing out the candles on his cake ,it s a man s birthday ,0,0,11,2,11,1
man in black prepares to celebrate his birthday by blowing out the candles on his cake ,woman blows out cake candles,0,0,9,3,14,0
man in black prepares to celebrate his birthday by blowing out the candles on his cake ,a person preparing,0,0,7,0,0,1
man in black prepares to celebrate his birthday by blowing out the candles on his cake ,a bird is drinking old milk from a pond ,0,0,5,0,0,0
two men are sitting at a table in front of decorated birthday cake with rosebuds  candles  and a large light ,there is a birthday cake on the table ,1,0,15,5,17,1
two men are sitting at a table in front of decorated birthday cake with rosebuds  candles  and a large light ,the men are standing in the kitchen ,1,0,10,3,8,0
a cake with five regular candles and one tall  spark shooting candle is on a table in front of two men ,a set of conjoined twins celebrate their birthday in complete darkness ,2,0,5,4,5,0
a cake with five regular candles and one tall  spark shooting candle is on a table in front of two men ,a decorated cake emits light ,2,0,6,3,6,1
an elderly man enjoys the view under an umbrella to prevent the sun rays ,the man is angry,0,0,5,3,9,0
an elderly man enjoys the view under an umbrella to prevent the sun rays ,a man has an umbrella,1,0,12,4,13,1
the man has a cake decorated with indoor fireworks ,the man has put fireworks in a decorated cake ,12,1,12,7,22,1
the man has a cake decorated with indoor fireworks ,the cake was very delicious ,4,0,6,2,7,0
a long line waits eagerly to get into a closed tent ,there is a long line at a tent,0,0,12,5,12,1
a long line waits eagerly to get into a closed tent ,there is nobody in line,0,0,5,1,4,0
a crowd is gathered behind the fence near a blue tent ,group of people sitting beside a campfire,0,0,3,2,2,0
a crowd is gathered behind the fence near a blue tent ,people gathered beside a blue tent,0,0,12,5,16,1
a crowd of people are in front of a tent that is closed ,mice are running away from the cat ,0,0,6,1,3,0
a line of people is forming in front of a tent that appears to be closed to the public ,people are standing in line ,0,0,7,3,12,1
a line of people is forming in front of a tent that appears to be closed to the public ,people are sitting in a circle ,0,0,7,4,9,0
a group of people  restrained by fencing  wait at the entrance to a tent  there are signs at the entrance that read  tent closed  ,some people are getting ready to go swimming ,0,0,8,3,11,0
a group of people  restrained by fencing  wait at the entrance to a tent  there are signs at the entrance that read  tent closed  ,some people are behind a fence ,0,0,8,4,10,1
the woman in the green skirt is walking a path through the park ,the woman walks through the park ,10,1,18,6,16,1
the woman in the green skirt is walking a path through the park ,the woman walks through the zoo ,10,1,13,5,15,0
a woman with a large bag walks down the sidewalk ,woman with empty hands lays down on the sidewalk ,0,0,15,5,17,0
a woman with a large bag walks down the sidewalk ,person walks down a sidewalk ,0,0,12,5,17,1
a woman in a green skirt walking on a sidewalk ,a woman outside,8,0,8,4,7,1
a woman in a green skirt walking on a sidewalk ,a man walking a dog,2,0,9,4,9,0
a young girl walks alone while toting her bag ,a grown woman carries a scooter ,2,0,3,1,1,0
a young girl walks alone while toting her bag ,a young female carries a bag with her as she walks ,8,0,8,5,13,1
woman walking down a sidewalk ,a person is on the sidewalk ,0,0,10,2,9,1
woman walking down a sidewalk ,a woman is doing yoga in the park ,0,0,6,2,6,0
a father or family friend playing with baby in a very clean looking house ,the house is dirty looking ,0,0,9,2,12,0
a father or family friend playing with baby in a very clean looking house ,the male is inside the house ,0,0,7,1,5,1
a young man  wearing a black shirt with the word  love  across it  juggle three green balls ,man juggles,0,0,7,1,3,1
a young man  wearing a black shirt with the word  love  across it  juggle three green balls ,woman throws dart,0,0,4,0,0,0
a man is juggling   balls with a black t shirt on with the word  love  on the collar ,a lady juggles five bowling pins ,2,0,6,2,2,0
a man is juggling   balls with a black t shirt on with the word  love  on the collar ,a man juggles three balls ,6,0,7,4,9,1
an african american boy is standing in a caged area with his hand up to his face ,the boy is catching a ball with both hands ,0,0,8,4,9,0
an african american boy is standing in a caged area with his hand up to his face ,the african american boy is holding up a body part ,0,0,25,6,18,1
a young man wearing a beanie and a black shirt juggles neon green balls ,a woman is home watching television ,2,0,4,3,3,0
a young man wearing a beanie and a black shirt juggles neon green balls ,a man wearing has a juggling act ,2,0,13,5,11,1
one handsome looking man is juggling three green balls ,an attractive man has three balls ,0,0,7,3,13,1
one handsome looking man is juggling three green balls ,a woman is in possession of three balls ,0,0,7,3,12,0
a black man is on a bridge ,a man is elevated over water ,2,0,8,4,6,1
a black man is on a bridge ,the man is playing bridge with his neighbors ,0,0,8,3,11,0
the six children are laughing ,seven children laugh ,0,0,10,1,8,0
the six children are laughing ,six children laugh ,0,0,13,2,11,1
woman plays with baby in contemporary styled living area ,a woman and a baby play at a park ,0,0,6,2,9,0
woman plays with baby in contemporary styled living area ,the woman and baby are inside ,0,0,6,2,9,1
a group of young children standing in a row leaning against a wall ,a group of adults are standing outside a bar,11,1,11,6,15,0
a group of young children standing in a row leaning against a wall ,a group of children are leaning on a wall,11,1,11,8,20,1
a group of six children stands smiling and laughing in front of a wall ,one kid is crying ,0,0,4,0,0,0
a group of six children stands smiling and laughing in front of a wall ,six kids are smiling ,0,0,9,2,10,1
a person skiing down a very large snow covered mountain ,a person is water skiing ,9,0,9,4,13,0
a person skiing down a very large snow covered mountain ,a person is on a mountain ,9,0,10,4,15,1
a group of children dressed in costume pose for a picture ,children are taking a picture ,0,0,11,4,16,1
a group of children dressed in costume pose for a picture ,there are no people taking a photo ,0,0,4,2,2,0
a group of young adults gather on a low wall with pillars ,a group of humans near a pillar ,11,1,11,4,8,1
a group of young adults gather on a low wall with pillars ,a man sitting next to a pillar ,2,0,7,2,2,0
a group of young students are hanging out together in a university ,a lone student poses in front of the university library ,2,0,12,5,14,0
a group of young students are hanging out together in a university ,there is a group of young people together on the campus ,0,0,17,6,18,1
a group of hiply dressed young adults relax together ,a group of adults play softball ,11,1,11,4,13,0
a group of hiply dressed young adults relax together ,a group of adults relax together ,11,1,23,6,19,1
two men wearing white boxing gloves are in a ring ,the men are in a skating rink ,1,0,10,4,8,0
two men wearing white boxing gloves are in a ring ,two males in a boxing ring ,5,0,8,5,13,1
a group of teen kids loitering ,a group of senior citizens are standing gossiping ,11,1,11,3,8,0
a group of teen kids loitering ,there is more then one person ,0,0,3,0,0,1
two boxers with white gloves are fighting ,two men are inside ,4,0,5,2,6,1
two boxers with white gloves are fighting ,two men are weightlifting ,4,0,5,2,6,0
the taller man is trying to block the shorter man ,the two men are swimming in the ocean ,5,0,5,2,6,0
the taller man is trying to block the shorter man ,two men are close together ,1,0,3,0,0,1
a boy in a striped shirt blows bubbles through a bubble wand ,a boy is sleeping ,7,0,7,4,5,0
a boy in a striped shirt blows bubbles through a bubble wand ,a boy is blowing bubbles ,7,0,9,5,11,1
five people wearing white shirts and white hats are in a kitchen cooking something ,there are people swimming ,0,0,9,2,9,0
five people wearing white shirts and white hats are in a kitchen cooking something ,there are people indoors ,0,0,9,2,9,1
several asian cooks in a kitchen wearing white dress shirts ,severl cooks are in a kitchen ,5,0,14,4,14,1
several asian cooks in a kitchen wearing white dress shirts ,several asian cooks in a park wearing blue ,25,1,25,6,19,0
several people cooking at a grill in a kitchen ,people are cooking ,0,0,10,2,13,1
several people cooking at a grill in a kitchen ,people are walking along the beach ,0,0,7,1,6,0
a group of chefs cooking food ,the chefs are taking a break,0,0,7,2,6,0
a group of chefs cooking food ,chefs are cooking,0,0,8,2,12,1
a boy blowing bubbles outside ,a boy is blowing bubbles,6,0,16,4,17,1
a boy blowing bubbles outside ,a woman is cooking dinner,2,0,4,1,1,0
a woman singing and playing a guitar on stage  solo ,a woman is singing,8,0,8,4,13,1
a woman singing and playing a guitar on stage  solo ,a woman is playing the guitar,8,0,9,5,18,1
a woman singing and playing a guitar on stage  solo ,a woman is sleeping ,8,0,8,3,7,0
a person sculpting something from a large rock ,the person can t decide on what to sculpt and has not begun to work yet ,0,0,8,1,6,0
a person sculpting something from a large rock ,the person is a sculptor ,0,0,8,3,8,1
a sculptor in a teal sweater works on stone with a chisel and mallet ,an artist is working on a piece of art ,1,0,5,4,4,1
a sculptor in a teal sweater works on stone with a chisel and mallet ,a painter works on an oil painting ,2,0,13,5,8,0
a sculptor in a blue sweater chiseling a piece of stone ,a sculptor in a sweater chiseling a piece of stone ,16,1,36,10,24,1
a sculptor in a blue sweater chiseling a piece of stone ,a sculptor in a red sweater chiseling a piece of stone ,16,1,36,10,24,0
a sculptor applies his chisel to a slab of rock  etching a pattern on its surface ,the man is starting to chisel into the rock ,0,0,8,3,12,1
a sculptor applies his chisel to a slab of rock  etching a pattern on its surface ,the artist is working on a big rock ,0,0,6,5,7,1
a sculptor applies his chisel to a slab of rock  etching a pattern on its surface ,the sculptor is working with clay ,0,0,10,1,8,0
a person in a blue sweater working on a large rock being held up by wood planks ,the person in a blue sweater sits on a rock ,0,0,26,9,17,0
a person in a blue sweater working on a large rock being held up by wood planks ,there is a rock on wood planks ,0,0,13,7,14,1
a group of young boys race on a snowy day ,a group of boys are making smores,11,1,11,5,11,0
a group of young boys race on a snowy day ,a group of boys are racing,11,1,11,5,11,1
the young runners are racing through the snow ,runners in the snow ,0,0,10,4,14,1
the young runners are racing through the snow ,people sitting in the snow ,0,0,10,3,10,0
a group of children run a footrace in the snow ,children are running in the snow ,0,0,13,4,15,1
a group of children run a footrace in the snow ,there is no snow outside ,0,0,6,1,4,0
an older man carrying bananas on his head in a basket ,a man is eating bananas ,1,0,12,3,11,0
an older man carrying bananas on his head in a basket ,there is a man delivering bananas ,0,0,12,3,11,1
a band playing music together ,the band is currently taking a break and there is no music ,0,0,7,3,10,0
a band playing music together ,the group works together to play music ,0,0,10,2,13,1
a man surfing on a big green wave ,a man is on a surfboard ,6,0,6,4,6,1
a man surfing on a big green wave ,a man on the beach is holding a surfboard ,6,0,6,4,6,0
a group of bicyclists racing ,the bicyclists are racing each other ,0,0,12,2,16,1
a group of bicyclists racing ,the bicyclists are not competing ,0,0,12,1,10,0
an african american man with a rosary around his neck is standing in a room ,a black man wearing a rosary necklace is inside ,1,0,10,5,11,1
an african american man with a rosary around his neck is standing in a room ,a black man plays pinball at an arcade ,1,0,5,4,6,0
a man in a blue shirt stands with his hands on his hips ,the man is standing upright ,0,0,6,1,3,1
a man in a blue shirt stands with his hands on his hips ,the man is reaching for the sky ,0,0,6,1,3,0
a man in a blue shirt standing in front of a doorway ,a male is losing is mind about the game ,4,0,5,3,3,0
a man in a blue shirt standing in front of a doorway ,a man standing near a room ,6,0,10,5,12,1
a surfer is riding on a breaking wave ,the surfer is sleeping inside ,0,0,11,2,8,0
a surfer is riding on a breaking wave ,the surfer is on water ,0,0,11,3,10,1
a surfer is riding on a breaking wave ,the surfer is in the ocean ,0,0,11,2,8,1
men in a cluster during a bike race,men riding bicycles in a group ,4,0,6,4,6,1
men in a cluster during a bike race,a group of men intensely watching a greyhound race ,0,0,6,4,8,0
a group of bikers pedal along ,a boy pushes his toy around the yard ,2,0,3,1,1,0
a group of bikers pedal along ,a group of cyclists ,11,1,11,3,8,1
a surfer rides out the green and white waves ,the surfer never gets wet ,0,0,8,2,9,0
a surfer rides out the green and white waves ,a surfer is in the water ,9,0,9,3,10,1
people in warm coats peruse produce at a tented outdoor market ,people in coats are outside at a market ,10,1,10,6,17,1
people in warm coats peruse produce at a tented outdoor market ,people in shorts and t shirts are at the outdoor market ,10,1,16,5,19,0
a little orange cabin with a white dog running near it in the woods ,a dog running in the woods ,2,0,14,7,15,1
a little orange cabin with a white dog running near it in the woods ,a white cat next to a red cabin in the valley ,2,0,8,6,13,0
two people are standing in a room one of whom is smoking the shots are of the back of the foreground person ,a person is standing in a room smoking and another person is also standing nearby ,0,0,20,7,21,1
two people are standing in a room one of whom is smoking the shots are of the back of the foreground person ,the two people were fighting ,1,0,11,5,12,0
two people are standing in a room one of whom is smoking the shots are of the back of the foreground person ,there is smoke in the room ,1,0,8,6,10,1
two people are standing in a room one of whom is smoking the shots are of the back of the foreground person ,two people are in a room sitting ,15,1,15,7,13,0
two people are standing in a room one of whom is smoking the shots are of the back of the foreground person ,two people are seated next to one another in an empty garage ,16,1,16,6,12,0
two people are standing in a room one of whom is smoking the shots are of the back of the foreground person ,the room is underwater ,1,0,6,5,10,0
two people are standing in a room one of whom is smoking the shots are of the back of the foreground person ,the two people were hanging out together,1,0,11,5,12,1
two people are standing in a room one of whom is smoking the shots are of the back of the foreground person ,two people are in a room and standing ,15,1,15,8,18,1
two people are standing in a room one of whom is smoking the shots are of the back of the foreground person ,the two people are sitting by a table ,1,0,16,8,12,0
two people are standing in a room one of whom is smoking the shots are of the back of the foreground person ,two people are in a room ,15,1,15,7,13,1
four old adults stand around a bathtub while a toddler is taking a bath ,a couple was there,0,0,3,3,3,1
a bunch of people watching a child in the bathtub ,a bunch of people watching a child in the bathtub,49,1,49,10,21,1
a bunch of people watching a child in the bathtub ,the child was watching a bunch of people take a bath,0,0,18,8,19,0
the two dogs are outside ,there are two dogs outside ,3,0,11,4,14,1
the two dogs are outside ,there is two cats outside ,3,0,9,2,10,0
a puppy with blue eyes runs  an older dog with blue eyes stands behind ,a puppy is running while being watched by an older dog ,8,0,14,5,13,1
a puppy with blue eyes runs  an older dog with blue eyes stands behind ,a puppy rolls in the grass ,8,0,8,2,6,0
a baby takes a bath while grownups watch ,a baby is being cared for by adults ,7,0,7,3,6,1
a baby takes a bath while grownups watch ,a teenager is in the shower ,2,0,2,2,2,0
an adult australian shepherd follows behind a running australian shepherd puppy ,two dogs are running outside ,0,0,9,1,7,1
an adult australian shepherd follows behind a running australian shepherd puppy ,a puppy is running towards its owner ,1,0,9,3,13,0
an adult australian shepherd follows behind a running australian shepherd puppy ,an adult dog is running after a kitten ,9,0,10,4,14,0
a big tri colored and a smaller puppy with light blue eyes are playing together ,the animals are not in the same area,0,0,6,1,3,0
a big tri colored and a smaller puppy with light blue eyes are playing together ,there are animals playing together ,0,0,18,3,18,1
woman with blond hair singing into a microphone ,a man with dark hair is singing into a microphone,0,0,26,6,21,0
woman with blond hair singing into a microphone ,a person is performing a song ,0,0,4,1,1,1
blond singer performs as spectators dance around her ,the blond singer is not allowed to sing for   weeks because she has lost her voice and could injure it ,0,0,13,3,14,0
blond singer performs as spectators dance around her ,the person is singing for the crowd of people ,0,0,5,0,0,1
a blond singer is performing as people dance behind her ,mick jagger sweats on a microphone while children play with blocks ,0,0,4,1,1,0
a blond singer is performing as people dance behind her ,a person with blond hair sings while people dance ,2,0,14,4,16,1
blond win sunglasses singing ,there is music,0,0,2,0,0,1
blond win sunglasses singing ,the room is quiet and dark and no one is making a sound,0,0,4,0,0,0
a family sitting on some wooden stairs ,a house build with wooden stairs and the family is enjoying sitting on them,2,0,15,6,19,1
a family sitting on some wooden stairs ,cats and dogs love to poop on the ground,0,0,4,1,2,0
a young girl is shoveling snow in front of a house ,a girl shovels snow ,2,0,7,4,9,1
a young girl is shoveling snow in front of a house ,a girl shovels dirt for a garden ,2,0,7,3,6,0
the child is shoveling deep white snow near the house ,the child is shoveling snow ,23,1,23,6,18,1
the child is shoveling deep white snow near the house ,the child is drinking hot apple cider inside his father s house ,13,1,13,5,13,0
  girls laying down on the grass ,the girls are running through the meadow ,0,0,7,2,8,0
  girls laying down on the grass ,the girls are lying on the grass ,0,0,14,4,13,1
a warmly dressed person is shoveling snow outside a house ,a person is lounging in a pool,2,0,11,4,9,0
a warmly dressed person is shoveling snow outside a house ,the snow is being moved around,0,0,6,2,6,1
two young boys  dressed in full white martial arts uniforms with black  red  and white belts  are demonstrating a high kick move ,two young girls are performing karate and demonstrating a chop ,10,1,17,6,21,0
two young boys  dressed in full white martial arts uniforms with black  red  and white belts  are demonstrating a high kick move ,the boys know martial arts ,1,0,14,3,15,1
a person in a red shirt stands against a brick wall ,the person is standing against a wall ,0,0,11,6,17,1
a person in a red shirt stands against a brick wall ,the person is standing against a fence ,0,0,11,5,14,0
a man being pulled behind a sled led by numerous dogs in the snow ,a man is outside ,6,0,6,3,5,1
a man being pulled behind a sled led by numerous dogs in the snow ,a man is sleeping ,6,0,6,3,5,0
two girls playing a soccer game with a red and white ball ,people are sitting around playing cards ,0,0,9,1,7,0
two girls playing a soccer game with a red and white ball ,young females are outside ,0,0,3,0,0,1
four girls playing soccer on a field as their coach looks on ,the girls hate soccer ,0,0,8,2,11,0
four girls playing soccer on a field as their coach looks on ,the girls are on a team ,0,0,7,4,9,1
two young women partake in a game of soccer ,two women are inside having tea,4,0,7,2,8,0
two young women partake in a game of soccer ,two young women are enjoying themselves on a soccer field,16,1,16,5,16,1
a young teenager is getting ready to kick a soccer ball ,a boy is sleeping ,2,0,4,3,4,0
a young teenager is getting ready to kick a soccer ball ,a teenager is playing soccer ,2,0,13,5,16,1
a man in a blue shirt preparing to take a picture of figurines on a small red table ,a man is getting ready to take a picture ,7,0,19,8,14,1
a man in a blue shirt preparing to take a picture of figurines on a small red table ,a man is preparing,7,0,10,6,13,1
a man in a blue shirt preparing to take a picture of figurines on a small red table ,a man in a yellow shirt is takeing a picture of models in a room ,11,1,14,9,15,0
a man in a blue shirt preparing to take a picture of figurines on a small red table ,the figurines are dancing in the field ,0,0,11,2,11,0
a man in a blue shirt preparing to take a picture of figurines on a small red table ,a photographer ,2,0,3,4,3,1
a man in a blue shirt preparing to take a picture of figurines on a small red table ,the man is sleeping,0,0,6,1,3,0
a man in a blue shirt preparing to take a picture of figurines on a small red table ,a plastic toy dancing on its own ,2,0,4,5,4,0
a man in a blue shirt preparing to take a picture of figurines on a small red table ,the man in the blue shirt is carrying a box that he just packed all the figurines in ,0,0,12,9,18,0
a man in a blue shirt preparing to take a picture of figurines on a small red table ,a man is preparing to taking a picture of figurines ,7,0,24,10,25,1
a man in a blue shirt preparing to take a picture of figurines on a small red table ,a man is getting ready to take a picture ,7,0,19,8,14,1
two young girls lay  face down  on grass and face the camera as they listen to an ipod near a folding chair and several purses ,the girls are near the camera ,1,0,12,4,15,1
two young girls lay  face down  on grass and face the camera as they listen to an ipod near a folding chair and several purses ,the girls are at a movie theater ,1,0,7,3,9,0
two young girls lay  face down  on grass and face the camera as they listen to an ipod near a folding chair and several purses ,two girls lay on the grass ,4,0,11,6,13,1
two young girls lay  face down  on grass and face the camera as they listen to an ipod near a folding chair and several purses ,two young girls listening to alien speeches ,17,1,17,4,13,0
two young girls lay  face down  on grass and face the camera as they listen to an ipod near a folding chair and several purses ,some girls are laying on the grass listening to music ,0,0,7,5,13,1
two young girls lay  face down  on grass and face the camera as they listen to an ipod near a folding chair and several purses ,the two girls are outdoors ,1,0,7,3,11,1
two young girls lay  face down  on grass and face the camera as they listen to an ipod near a folding chair and several purses ,the girls are at cello concert inside the school auditorium ,1,0,7,2,8,0
two young girls lay  face down  on grass and face the camera as they listen to an ipod near a folding chair and several purses ,some girls are at home cooking ,0,0,7,1,5,0
two young girls lay  face down  on grass and face the camera as they listen to an ipod near a folding chair and several purses ,two young girls listening to music ,17,1,17,4,13,1
two young girls lay  face down  on grass and face the camera as they listen to an ipod near a folding chair and several purses ,a couple of babies exchange rattles ,0,0,3,1,1,0
a businessman in gray slacks is standing at a food booth waiting to be served ,a business man is waiting to order food ,10,1,12,6,13,1
a businessman in gray slacks is standing at a food booth waiting to be served ,a business man wants to be served an elephant ,10,1,14,5,10,0
two girls lay stomach down in the grass while sharing headphones to an mp  player ,two girls listen to an mp  player together ,11,1,18,6,14,1
two girls lay stomach down in the grass while sharing headphones to an mp  player ,two girls sit together in silence ,10,1,10,3,10,0
a family photo on top of a mountain with a beautiful view behind them ,a mountain goat is grazing on a mountain ,2,0,12,5,11,0
a family photo on top of a mountain with a beautiful view behind them ,a family poses on top of a mountain ,10,1,22,8,17,1
two adults and a child are standing on a rock with mountains in the background ,three people stop to feed the ducks in a pond,1,0,5,4,6,0
two adults and a child are standing on a rock with mountains in the background ,people stand on a stone in front of a precipice ,0,0,7,4,5,0
three people  an adult asian in white  a white male in green  and an asian child stand for a portrait overlooking many mountains covered in trees ,three people have their picture taken in front of a mountain ,13,1,13,7,13,1
three people  an adult asian in white  a white male in green  and an asian child stand for a portrait overlooking many mountains covered in trees ,three little kids chase each other around taking pictures of each other ,6,0,6,1,5,0
two guys with long hair standing in front of a window ,the men stand by the window,1,0,7,1,6,1
two guys with long hair standing in front of a window ,the men eat grapes,1,0,2,0,0,0
two men in black hoodies  one of which is smoking a cigarette standing next to a fire ,two guys are near a fire ,4,0,8,4,8,1
two men in black hoodies  one of which is smoking a cigarette standing next to a fire ,two men are eating at a restaurant ,8,0,8,4,7,0
two men standing by a fire at night ,the men are asleep in the motel,1,0,5,1,3,0
two men standing by a fire at night ,two men are standing,8,0,9,3,14,1
two men standing next to a fire at night ,two men are taking a shower,8,0,8,3,7,0
two men standing next to a fire at night ,there are two people awake at night,1,0,10,3,10,1
a group of women talk outside of a store ,some people sleep ,0,0,3,0,0,0
a group of women talk outside of a store ,some people talk ,0,0,6,1,4,1
people are standing on the sidewalk of a street ,people are on the sidewalk ,11,1,17,5,17,1
people are standing on the sidewalk of a street ,people are swimming in the ocean ,12,1,12,3,12,0
a town street is filled with people along with shops ,people are dancing ,0,0,8,1,6,0
a town street is filled with people along with shops ,people are in the street ,0,0,8,2,12,1
a young man and a woman are sleeping in a van ,two people are asleep,0,0,5,1,3,1
a young man and a woman are sleeping in a van ,the people are swimming in the red sea,0,0,7,2,5,0
a snowboarder flies off a huge jump ,a snowboarder signing autographs,14,1,14,3,13,0
a snowboarder flies off a huge jump ,a snowboarder takes a huge jump,14,1,14,5,19,1
a group of woman on a sidewalk ,women are on a sidewalk,0,0,14,4,11,1
a group of woman on a sidewalk ,the women are inside a building,0,0,4,2,2,0
a cyclist is focusing on the race intently  as he looks ahead at all the other riders ahead of him ,a cyclist is focusing on the doughnut intently ,29,1,29,8,23,0
a cyclist is focusing on the race intently  as he looks ahead at all the other riders ahead of him ,a cyclist is focusing on the race intently  with plenty of riders ahead of him ,44,1,44,14,23,1
a man in a bike race wearing red and black shorts and shirt pedaling around a corner ,the man is competing outdoors ,0,0,6,1,3,1
a man in a bike race wearing red and black shorts and shirt pedaling around a corner ,the man is wearing a suit while riding ,0,0,9,5,11,0
an artsy photograph taken with a wide lens shows spandex clad bicyclists pedaling ,a person is riding a bike ,1,0,4,1,1,1
an artsy photograph taken with a wide lens shows spandex clad bicyclists pedaling ,a person is riding a stationary bike ,1,0,4,1,1,0
an artsy photograph taken with a wide lens shows spandex clad bicyclists pedaling ,a woman in her pajamas makes coffee ,1,0,3,1,1,0
a cyclist is rounding a corner on a wet road ,a man is driving a car around a corner on a dry road ,2,0,15,7,12,0
a cyclist is rounding a corner on a wet road ,a cyclist is on a road ,13,1,13,7,13,1
two bicyclists in a race with helmets ,boy plays nintendo,0,0,2,0,0,0
two bicyclists in a race with helmets ,two guys on bikes,4,0,4,1,3,1
a child is happily playing on the slide ,the child is sleep outside ,0,0,10,3,10,0
a child is happily playing on the slide ,a child is playing on the slide,11,1,21,7,17,1
two men are letting their dogs play together in the street ,two men are skydiving,12,1,12,3,9,0
two men are letting their dogs play together in the street ,two men with dogs,8,0,8,3,10,1
a person wearing a helmet rides a dirty bike on a dirt path in the woods ,a person wearing a helmet rides a  bike on a dirt path ,34,1,34,12,19,1
a person wearing a helmet rides a dirty bike on a dirt path in the woods ,he navigated his atv into the woods ,0,0,11,2,8,0
two children laying on the floor with a group of wooden blocks above their heads ,two children are sitting on chairs playing with blocks ,13,1,13,5,18,0
two children laying on the floor with a group of wooden blocks above their heads ,children are laying on the floor,0,0,20,5,19,1
a man and a woman dressed in jeans and white shirts sit and look off into the distance of a rocky terrain ,the two men are staring out across the flat desert terrain,0,0,8,2,10,0
a man and a woman dressed in jeans and white shirts sit and look off into the distance of a rocky terrain ,the man and women look off into the distance,0,0,27,9,16,1
a man with a funny hat is dancing at a park ,girl sleeps alone,0,0,2,0,0,0
a man with a funny hat is dancing at a park ,man dances at park,0,0,5,3,9,1
several people fishing on a cloudy day ,people are fishing,0,0,9,2,13,1
several people fishing on a cloudy day ,the people are sleeping outside ,0,0,8,1,6,0
a woman and some children standing on the pavement looking at a fountain that is frozen ,a woman and her children eating dinner at their home ,12,1,12,6,16,0
a woman and some children standing on the pavement looking at a fountain that is frozen ,a woman and some children are outdoors ,26,1,26,6,17,1
a woman with a colorful headscarf is walking down the street ,a woman standing indoors ,8,0,8,3,7,0
a woman with a colorful headscarf is walking down the street ,a woman walking outside ,9,0,9,4,13,1
two young girls lay on the carpet next to wooden blocks ,the girls are in a sand box ,1,0,7,2,8,0
two young girls lay on the carpet next to wooden blocks ,the girls are on the carpet ,1,0,15,4,14,1
young people are playing in the snow while an older person seems to be taking pictures ,young people play in the snow ,13,1,13,5,15,1
young people are playing in the snow while an older person seems to be taking pictures ,people living in los angeles ,0,0,7,2,8,0
a black and a black dog are running side by side ,two black dogs run next to each other,0,0,10,2,10,1
a black and a black dog are running side by side ,two white dogs run next to each other,0,0,4,0,0,0
a male tennis player  wearing a white headband  misses an in bounds ball ,a man has something light colored around his head ,4,0,5,2,2,1
a male tennis player  wearing a white headband  misses an in bounds ball ,the person fails to return a ball that lands among the spectators in the bleachers ,0,0,6,4,7,0
a man in white playing tennis is still in midair after jumping to hit the ball ,the man is in the air ,0,0,6,5,8,1
a man in white playing tennis is still in midair after jumping to hit the ball ,the man is sitting on the bench during a timeout ,0,0,6,4,8,0
a man in a white shirt is playing tennis ,a man watches serena williams on tv ,6,0,6,3,5,0
a man in a white shirt is playing tennis ,a man playing tennis ,6,0,16,5,16,1
tennis player uses backhand in a match  possibly a doubles match ,tennis players are playing a match,13,1,13,5,16,1
tennis player uses backhand in a match  possibly a doubles match ,tennis players are smoking in a bar,13,1,13,4,9,0
a man and a woman sit on rocks ,man and woman sit on rocks,0,0,19,6,13,1
a man and a woman sit on rocks ,two people fighting,0,0,2,0,0,0
women in white shirt with scarf and sunglasses,a woman sits indoors ,0,0,3,0,0,0
women in white shirt with scarf and sunglasses,a woman is protecting her eyes from the sun ,0,0,4,0,0,1
the woman in the dress is playing guitar and performing on stage ,the woman is playing guitar ,11,1,19,6,18,1
the woman in the dress is playing guitar and performing on stage ,the woman is playing the piano at home ,11,1,12,5,15,0
a woman is playing a guitar on stage with a green background ,the woman is playing music ,0,0,18,3,14,1
a woman is playing a guitar on stage with a green background ,somebody in the picture has played an instrument at least once in their life ,0,0,6,0,0,1
a woman is playing a guitar on stage with a green background ,the woman is plucking her eyebrows in front of a mirror at home ,0,0,12,5,8,0
a woman is playing a guitar on stage with a green background ,a woman is performing music ,12,1,12,5,8,1
a woman is playing a guitar on stage with a green background ,a woman plays drums in a garage with blue walls ,8,0,9,5,10,0
a woman is playing a guitar on stage with a green background ,a woman plays guitar ,8,0,8,5,12,1
a woman is playing a guitar on stage with a green background ,a woman playing the drums ,8,0,9,5,13,0
a woman is playing a guitar on stage with a green background ,a woman is mopping ,11,1,11,5,8,0
a woman is playing a guitar on stage with a green background ,the color green is not in the frame at all ,0,0,7,2,7,0
a woman is playing a guitar on stage with a green background ,a woman playing guitar on stage ,8,0,17,8,18,1
a woman in a dress playing her acoustic guitar ,a woman is playing her guitar ,9,0,14,6,18,1
a woman in a dress playing her acoustic guitar ,a woman is playing a ukelele ,9,0,10,4,13,0
a woman in a dress playing a brown guitar ,guitar player,0,0,7,1,6,1
a woman in a dress playing a brown guitar ,woman walking,0,0,6,1,5,0
a woman is playing guitar on stage ,a girl is playing the drums on the floor,2,0,12,4,11,0
a woman is playing guitar on stage ,a woman is making sounds,11,1,11,3,8,1
a few asian men and one asian woman sitting at a couple of tables ,some asians are sitting down ,0,0,9,1,7,1
a few asian men and one asian woman sitting at a couple of tables ,some africans are watching a movie ,0,0,5,2,2,0
a group of people living on the street ,a group of homeless people scavenge for food ,11,1,11,4,13,0
a group of people living on the street ,a group of homeless people ,11,1,11,4,13,1
one man sitting at a bus stop ,nobody is sitting ,0,0,9,1,7,0
one man sitting at a bus stop ,a person sitting,0,0,9,2,8,1
a man in a blue shirt sitting at a red table with three dolls on top ,a guy has some dolls at a table ,2,0,8,6,12,1
a man in a blue shirt sitting at a red table with three dolls on top ,a man in a red shirt is standing by himself ,11,1,11,7,11,0
photo of a man sitting on a bench with a sign written in spanish in background and the reflection of a lady walking from a mirrored wall ,a man is looking at a mirror,0,0,9,6,5,1
photo of a man sitting on a bench with a sign written in spanish in background and the reflection of a lady walking from a mirrored wall ,there is a boy running by,0,0,4,5,3,0
a middle aged man in a business suit is seated at a bus stop shelter  with hispanic writing showing on the shelter s sign ,the man is waiting for his car ,0,0,6,3,8,0
a middle aged man in a business suit is seated at a bus stop shelter  with hispanic writing showing on the shelter s sign ,there is a man sitting on a bus stop ,0,0,12,8,10,1
a man in a business suit sitting at a bus stop waiting for a bus ,a business man is outdoors waiting for the buss ,2,0,13,8,18,1
a man in a business suit sitting at a bus stop waiting for a bus ,the man is riding in a boat ,0,0,7,6,6,0
this group of young people is sitting on the floor ,the group of young people is standing in a circle ,2,0,27,6,16,0
this group of young people is sitting on the floor ,a group of young people is sitting on the ground ,0,0,41,8,18,1
a woman is attending to an orange juice machine ,a woman is practicing her singing ,11,1,11,3,8,0
a woman is attending to an orange juice machine ,a woman is working on an orange juice machine ,11,1,25,7,18,1
a group of women in red shirts singing together ,the men are wearing blue shirts and reading a book together,0,0,9,3,15,0
a group of women in red shirts singing together ,the women are wearing red ,0,0,7,2,8,1
a woman in a pink coat stands in the snow beside a  telephone booth   smiling as she holds a small shovel ,a woman is making a sandcastle on the beach ,9,0,9,6,9,0
a woman in a pink coat stands in the snow beside a  telephone booth   smiling as she holds a small shovel ,a woman is going to go sledding on her shovel down the street ,9,0,9,7,14,0
a woman in a pink coat stands in the snow beside a  telephone booth   smiling as she holds a small shovel ,a woman wearing a coat is standing in the snow with a shovel ,8,0,13,11,15,1
a woman in a pink coat stands in the snow beside a  telephone booth   smiling as she holds a small shovel ,a woman is shoveling snow ,9,0,9,6,10,1
a woman in a pink coat stands in the snow beside a  telephone booth   smiling as she holds a small shovel ,a woman is standing next to a phone booth,9,0,11,6,11,1
a woman in a pink coat stands in the snow beside a  telephone booth   smiling as she holds a small shovel ,beth clears the walkway after the blizzard,0,0,5,1,3,1
a woman in a pink coat stands in the snow beside a  telephone booth   smiling as she holds a small shovel ,the woman is inside making dinner ,0,0,8,2,8,0
a woman in a pink coat stands in the snow beside a  telephone booth   smiling as she holds a small shovel ,penguin runs amuck at black tie social,0,0,3,0,0,0
a woman in a pink coat stands in the snow beside a  telephone booth   smiling as she holds a small shovel ,a woman is standing next to her fireplace,9,0,9,5,7,0
a woman in a pink coat stands in the snow beside a  telephone booth   smiling as she holds a small shovel ,a woman is standing outside in the snow ,9,0,13,9,12,1
a baseball pitch in south carolina where the batter is wearing white and blue  and is being watched closely by four other men ,people play baseball,0,0,9,1,8,1
a baseball pitch in south carolina where the batter is wearing white and blue  and is being watched closely by four other men ,the batter is wearing white and blue ,0,0,37,9,18,1
a baseball pitch in south carolina where the batter is wearing white and blue  and is being watched closely by four other men ,a cat eats a treat,2,0,3,1,1,0
a baseball pitch in south carolina where the batter is wearing white and blue  and is being watched closely by four other men ,the game is taking place in north korea ,0,0,4,4,7,0
a panel of men and women attending a conference ,people attend conference,0,0,11,1,10,1
a panel of men and women attending a conference ,a dog sleeps,2,0,2,2,2,0
a cook prepares a meal in the kitchen ,the man orders take out for dinner ,0,0,4,1,3,0
a cook prepares a meal in the kitchen ,someone is cooking in the kitchen ,0,0,16,3,12,1
a child playing with a yellow bucket on a beach ,a kid plays on the beach ,2,0,7,5,8,1
a child playing with a yellow bucket on a beach ,a kid takes a nap ,2,0,3,3,3,0
there is a large hole in the road ,the large hole in the yard is from a sinkhole ,3,0,19,6,12,0
there is a large hole in the road ,the road developed a big hole ,3,0,9,4,11,1
white man with a green shirt and denim pants with a hammer and chisel  creating some sort of artwork ,black man with a chisel,0,0,12,6,14,0
white man with a green shirt and denim pants with a hammer and chisel  creating some sort of artwork ,white man with artwork,16,1,16,5,16,1
a man with chin length light hair works on a sculpture ,the man working on the sculpture has chin length hair ,0,0,13,6,19,1
a man with chin length light hair works on a sculpture ,a man with long hair is sculpting ,11,1,11,5,11,1
a man with chin length light hair works on a sculpture ,a man with shoulder length hair works on a sculpture ,11,1,27,9,20,0
a man with chin length light hair works on a sculpture ,the man is painting a picture ,0,0,5,3,5,0
a man with chin length light hair works on a sculpture ,a woman is welding iron ,2,0,4,2,2,0
a man with chin length light hair works on a sculpture ,the man is working on a sculpture ,0,0,16,5,14,1
a man with chin length light hair works on a sculpture ,a man is playing checkers ,6,0,6,3,5,0
a man with chin length light hair works on a sculpture ,a man is an artist ,6,0,6,3,5,1
a man with chin length light hair works on a sculpture ,a man is sculpting ,6,0,7,3,5,1
a man with chin length light hair works on a sculpture ,a man is painting a picture ,6,0,6,3,5,0
hispanic people shop in an outdoor market ,people are buying clothes outdoors ,0,0,8,1,6,1
hispanic people shop in an outdoor market ,a man spray paints the sign ,0,0,3,0,0,0
a man is swinging a tool at his sculpture ,the man is working on his art ,0,0,8,3,8,1
a man is swinging a tool at his sculpture ,the man is eating pizza ,0,0,8,2,5,0
two people talking on the side of the street standing with a gas can ,people holding a conversation ,0,0,7,2,7,1
two people talking on the side of the street standing with a gas can ,two people swimming in a pool ,11,1,11,3,10,0
people are walking down a street in a city ,the people are riding on an elevator ,0,0,11,2,9,0
people are walking down a street in a city ,the people are outside walking ,0,0,11,3,16,1
two men workers doing their job with their supervisor ,two men are taking their lunch break ,8,0,10,4,13,0
two men workers doing their job with their supervisor ,two men are working ,8,0,8,2,6,1
one asian cook watches another cook on a griddle in a commercial kitchen ,one asian cook is watching another cook on  a griddle in a commercial kitchen,15,1,34,12,24,1
one asian cook watches another cook on a griddle in a commercial kitchen ,two italian teachers are yelliing at other in school ,0,0,6,1,2,0
a man in a collared shirt talking to another man in sunglasses ,two men are talking ,0,0,9,1,7,1
a man in a collared shirt talking to another man in sunglasses ,a naked man is talking to another man ,2,0,24,7,17,0
man on the street  in blue striped shirt  talking to a man with glasses ,two men are having a conversation ,0,0,4,1,1,1
man on the street  in blue striped shirt  talking to a man with glasses ,a man in a blue shirt is flirting with a woman with glasses ,0,0,17,8,16,0
two men talking  both in blue shirts ,two men are wearing blue ,8,0,8,3,10,1
two men talking  both in blue shirts ,three men wearing white say nothing ,1,0,5,1,3,0
two men standing around talking by a city street ,two men speak to each other ,9,0,9,2,6,1
two men standing around talking by a city street ,two men speak by the road in a rural environment ,9,0,9,4,8,0
a person is riding a dune buggy up a sandy hill ,a person is inside eating dinner in their windowless dining room ,12,1,12,5,9,0
a person is riding a dune buggy up a sandy hill ,a person is outside on a dune buggy ,12,1,14,7,15,1
a man in bright clothing plays an instrument on the street ,a musician in colorful clothes performs indoors ,3,0,6,2,3,0
a man in bright clothing plays an instrument on the street ,a musician in colorful clothes performs outside ,3,0,6,2,3,1
two girls in red jerseys playing soccer,two girls are playing soccer,10,1,15,4,18,1
two girls in red jerseys playing soccer,an old woman is sleeping ,0,0,4,0,0,0
two chefs in an asian restaurant one cooking on a hibachi type girl the other standing by the refrigerators smiling for the camera ,the group of adults are waiting in line at the retail store ,1,0,7,4,9,0
two chefs in an asian restaurant one cooking on a hibachi type girl the other standing by the refrigerators smiling for the camera ,two adults inside a building ,4,0,5,2,4,1
two girls are playing soccer with orange and white uniforms ,girls are sleeping ,0,0,10,2,8,0
two girls are playing soccer with orange and white uniforms ,girls are playing soccer ,0,0,25,4,18,1
two girls in jerseys running toward a soccer ball,the girls are playing soccer ,1,0,8,2,11,1
two girls in jerseys running toward a soccer ball,two girls in jerseys are running away from a skunk ,21,1,21,6,19,0
two little girls in red and white strips are chasing after a soccer ball ,two girls are in red and white stripes,4,0,23,7,13,1
two little girls in red and white strips are chasing after a soccer ball ,the girls are in a black shirt,1,0,8,4,10,0
two girls in red soccer uniforms running after a soccer ball ,two girls are playing a game of soccer ,10,1,10,5,17,1
two girls in red soccer uniforms running after a soccer ball ,two girls are playing cricket ,10,1,10,2,8,0
a man bicycles through a parking lot ,the man has a car ,0,0,5,3,5,0
a man bicycles through a parking lot ,a man has a bicycle ,6,0,8,3,5,1
two people huddle together on a brownstone door stoop ,two people are outside ,11,1,11,2,9,1
two people huddle together on a brownstone door stoop ,a single person is knocking on a door ,0,0,6,3,7,0
a person wearing a gray sweatshirt bikes through an alley full of parked cars on a cool fall day ,the person is running away from the cops ,0,0,8,1,6,0
a person wearing a gray sweatshirt bikes through an alley full of parked cars on a cool fall day ,a person is outside ,9,0,9,4,8,1
a person is a riding a bike through a parking lot with dead trees in the background ,a person is riding a bike ,12,1,15,8,16,1
a person is a riding a bike through a parking lot with dead trees in the background ,the person is walking ,0,0,11,3,11,0
a parking lot with a bicyclist riding through it ,a woman falling off a bike in a parking lot,2,0,13,4,11,0
a parking lot with a bicyclist riding through it ,a human riding a bike in a parking lot,2,0,13,5,16,1
a person riding a bike in a parking lot ,a person is riding a skateboard ,9,0,10,5,13,0
a person riding a bike in a parking lot ,a person is riding a bike ,9,0,15,6,16,1
two painters standing on a ladder are painting the outside of a business  with a man in a red burgundy shirt talking on a cell ,men play ring around the rosies ,0,0,5,1,3,0
two painters standing on a ladder are painting the outside of a business  with a man in a red burgundy shirt talking on a cell ,men paint a business ,0,0,12,6,10,1
women and a younger child riding on a carousal  both are wearing blue coats ,they are at home ,0,0,5,1,3,0
women and a younger child riding on a carousal  both are wearing blue coats ,the mother and child have blue coats are on the carousal ,0,0,12,7,18,1
a female child with a towel next to a sink ,girl dances to vagner ,0,0,4,1,2,0
a female child with a towel next to a sink ,girls sits by sink with towel ,0,0,7,3,13,1
a shirtless man is having a conversation with a seated man while a blond woman sleeps ,a shirtless woman is having a conversation with a seated man while a blond woman sleeps ,12,1,74,16,27,0
a shirtless man is having a conversation with a seated man while a blond woman sleeps ,a man is having a conversation with another man while a blond woman sleeps ,2,0,36,14,24,1
a couple cuddling in a corner on a set of stares,a couple is holding hands while walking down the street  ,9,0,9,4,8,0
a couple cuddling in a corner on a set of stares,a couple is having some alone time together ,9,0,9,4,8,1
a man is bent over by an old stone wall  looking into his backpack ,a man is indoors ,9,0,9,3,6,0
a man is bent over by an old stone wall  looking into his backpack ,a man is near a structure ,9,0,9,3,6,1
a man in a maroon shirt is outside bending down next to a concrete wall ,a man wearing a maroon shirt is beside a wall ,6,0,19,8,15,1
a man in a maroon shirt is outside bending down next to a concrete wall ,the man is standing upright next to a concrete wall ,0,0,25,9,16,0
a man standing bent over in front of an overpass ,a man is out side ,6,0,6,2,4,1
a man standing bent over in front of an overpass ,a man is driving a car ,6,0,6,2,4,0
a person in black pants bends over near a concrete wall ,a naked person stands straight next to the wooden wall ,2,0,8,4,11,0
a person in black pants bends over near a concrete wall ,a person in dark colored pants is twisting himself ,12,1,12,5,13,1
a person in a red jacket bending over ,the person is not wearing a shirt ,0,0,9,3,8,0
a person in a red jacket bending over ,the person is on their feet ,0,0,9,1,6,1
a man holds a sign reading  homeless anything helps  near a construction site ,a human with a sign ,2,0,8,4,6,1
a man holds a sign reading  homeless anything helps  near a construction site ,nobody has a sign,0,0,8,4,6,0
a dog on an obstacle platform and a man ,a dog on an obstacle platform ,30,1,30,7,19,1
a dog on an obstacle platform and a man ,a cat on an obstacle platform and a man ,2,0,35,8,19,0
men  wearing orange safety vests  are standing on scaffolding ,men wearing safety vests ride a life raft ,4,0,14,4,18,0
men  wearing orange safety vests  are standing on scaffolding ,man wearing safety vests standing on a scaffold ,1,0,14,5,21,1
only the hands and arms of a person painting another person s arm ,a person is painting another individual ,0,0,18,5,21,1
only the hands and arms of a person painting another person s arm ,a sculptor is making a statue ,0,0,5,1,1,0
a woman in a black jacket reaches into her black purse at a vegetable market as a crowd walks behind her ,the crowd walks in fron of the woman ,0,0,13,4,15,0
a woman in a black jacket reaches into her black purse at a vegetable market as a crowd walks behind her ,the purse is black ,0,0,7,3,15,1
a woman is sitting in front of a computer ,a woman moved away from her computer ,8,0,10,4,14,0
a woman is sitting in front of a computer ,a woman is looking at her computer ,11,1,11,5,15,1
two people wearing jeans huddle near a wooden door  sheilding their faces from the camera ,the people aren t wearing jeans,1,0,14,4,18,0
two people wearing jeans huddle near a wooden door  sheilding their faces from the camera ,there are two people,1,0,10,2,9,1
adult male in red hoodie lecturing a group of children outside ,the man is in a classroom,0,0,4,2,3,0
adult male in red hoodie lecturing a group of children outside ,a man is talking to children,1,0,9,2,9,1
several older people stand in front of a food booth ,people stand in front of a performing dog ,0,0,27,6,16,0
several older people stand in front of a food booth ,people stand in front of a food booth ,0,0,38,8,16,1
a woman is covering her eyes with her hands ,a woman is holding her hands over her eyes ,11,1,11,7,14,1
a woman is covering her eyes with her hands ,a woman is looking through a pair of bincoculars ,11,1,11,3,8,0
some people are standing near a booth and looking at things ,some people looking at things near a booth ,12,1,19,8,19,1
some people are standing near a booth and looking at things ,some people riding dirtbikes on the moon ,12,1,12,2,10,0
a group of elderly people stand around a booth at a food co op ,young people are picking tomatoes,0,0,8,1,6,0
a group of elderly people stand around a booth at a food co op ,old people are out in a food store,0,0,8,5,11,1
a man walking down a street by a garage ,the lady is driving by ,0,0,4,1,2,0
a man walking down a street by a garage ,the man is walking ,0,0,9,2,10,1
a person walking past a brick shed ,a person is running in the olympics ,9,0,9,3,8,0
a person walking past a brick shed ,a person is walking ,9,0,9,4,14,1
a man in a blue and purple striped shirt and hat is walking past a brick building ,a man is sleeping ,7,0,7,5,6,0
a man in a blue and purple striped shirt and hat is walking past a brick building ,a man is walking past a building,7,0,20,8,19,1
some women are looking at items on a table ,some women are jogging in the park ,15,1,15,3,12,0
some women are looking at items on a table ,women are looking at objects grouped together ,0,0,21,4,15,1
a young woman in striped turtleneck blouse is sitting in an office and working on an apple computer ,the woman is naked,0,0,8,2,7,0
a young woman in striped turtleneck blouse is sitting in an office and working on an apple computer ,the woman is wearing clothes,0,0,8,2,7,1
four people stare over a fence at the view of a mountain ,the people look at the mountain ,0,0,10,4,17,1
four people stare over a fence at the view of a mountain ,the group is sitting inside watching tv ,0,0,4,1,3,0
a motorcycle rider doing a wheelie ,there is a person on a vehicle ,0,0,4,2,2,1
a motorcycle rider doing a wheelie ,the man just fell off his motorcycle ,0,0,12,1,10,0
two small girls dressed as fairies ,two small girls are dressed,16,1,16,4,17,1
two small girls dressed as fairies ,two small girls are not dressed,16,1,16,4,17,0
young man surfing in the ocean ,the man is using a surf board ,0,0,5,2,6,1
young man surfing in the ocean ,a young man is walking his dog ,0,0,10,2,8,0
children cluster together  toting their luggage ,children are carrying luggage ,9,0,9,2,15,1
children cluster together  toting their luggage ,children are fighting a dragon ,9,0,9,1,8,0
a surfer hangs in the air over the water ,a man hangs in the air ,2,0,18,6,11,1
a surfer hangs in the air over the water ,a woman flails in the water ,2,0,11,5,11,0
a boy on a surfboard in midair ,a boy is in the water ,6,0,6,4,6,1
a boy on a surfboard in midair ,the boy is on the beach ,0,0,5,2,5,0
youth in white t shirt on a white surfboard in the water ,youth in white t shirt on a white surfboard in the water ,57,1,57,12,19,1
youth in white t shirt on a white surfboard in the water ,a youth in a white t shirt was walking in the mall ,0,0,15,9,15,0
a young man jumps with a surfboard over the waves ,a man swimming in the pool,2,0,5,4,7,0
a young man jumps with a surfboard over the waves ,a man in water on a surfboard ,2,0,13,4,13,1
a man is smoking at sunset ,the time in the picture is probably somewhere between  pm and  pm ,0,0,4,1,2,1
a man is smoking at sunset ,nobody who is in the frame has ever smoked anything in their life ,0,0,5,1,2,0
a man is smoking at sunset ,a person is repairing a mailbox ,2,0,5,2,3,0
a man is smoking at sunset ,a man is smoking ,17,1,17,4,12,1
a man is smoking at sunset ,the men are asleep in the motel,0,0,2,0,0,0
a man is smoking at sunset ,a man smoking ,6,0,9,3,11,1
a man is smoking at sunset ,a man is smoking at sunrise ,23,1,23,5,12,0
a man is smoking at sunset ,a man eating ,6,0,6,2,4,0
a man is smoking at sunset ,a guy is smoking in the evening ,2,0,12,3,10,1
a man is smoking at sunset ,a man smokes,6,0,6,2,4,1
a bearded man leans back and smokes a cigarette while the sun sets over a body of water in the background ,man smokes,0,0,7,2,9,1
a bearded man leans back and smokes a cigarette while the sun sets over a body of water in the background ,girl drinks coke,0,0,3,0,0,0
a man is lying down next to a river and smoking a cigarette ,a woman is lying down,2,0,17,6,11,0
a man is lying down next to a river and smoking a cigarette ,a man is lying down,19,1,19,7,12,1
a young man leans his head back as he smokes during sunset ,a young man exercising in the room ,12,1,12,3,9,0
a young man leans his head back as he smokes during sunset ,a young man smoking ,12,1,12,3,9,1
a man plays guitar along the side of a street ,a man uses an instrument to make music ,6,0,6,3,5,1
a man plays guitar along the side of a street ,a man reads from a book and lectures an audience inside a conference room ,6,0,6,3,5,0
man taking off his shoes on a set of stairs ,the man is already barefoot ,0,0,4,1,3,0
man taking off his shoes on a set of stairs ,someone is in the stairwell ,0,0,6,0,0,1
a man in orange shorts sits on some steps in front of a big blue door ,a young man sits on a horse as it gallops ,2,0,9,5,9,0
a man in orange shorts sits on some steps in front of a big blue door ,a man in shorts sits on some steps ,9,0,27,10,15,1
a man is sitting on steps with his legs crossed with a green scarf ,a man standing on steps with a red scarf ,6,0,18,8,14,0
a man is sitting on steps with his legs crossed with a green scarf ,a person sitting on steps ,2,0,18,5,14,1
a black man is pulling a blue shirt while distracted ,the man is touching a shirt ,0,0,8,5,10,1
a black man is pulling a blue shirt while distracted ,the man is completely focused on what he is doing and not distracted in any way ,0,0,12,3,15,0
a man sitting on steps with headphones and sandals,a man is sitting down on stairs ,6,0,9,4,12,1
a man sitting on steps with headphones and sandals,the man is standing on the steps ,0,0,7,3,10,0
man in business suite leaning on lion statue ,the man is dressed for business ,0,0,10,2,11,1
man in business suite leaning on lion statue ,this tycoon just paid all his taxes  reduced his salary  and gave the custodian a raise ,0,0,3,0,0,0
a man leans against a statue in front of a building ,a man is sleeping on a bench,6,0,6,4,5,0
a man leans against a statue in front of a building ,a man on leaning on a statue,6,0,9,5,10,1
a man is leaning on an object beside a building ,a man is outside by a building ,9,0,12,5,13,1
a man is leaning on an object beside a building ,a man is seated on a park bench in the open park ,9,0,9,5,7,0
a man dressed in blue leans against a lion statue ,the man is jogging ,0,0,5,1,3,0
a man dressed in blue leans against a lion statue ,the lion statue is sturdy ,0,0,13,2,10,1
a man is shoveling snow next to a nissan altima with new jersey plates ,a nissan altima in nj has a man shoveling snow next to it ,2,0,24,9,21,1
a man is shoveling snow next to a nissan altima with new jersey plates ,a man goes to the beach in nj ,6,0,6,4,6,0
a man is working out in the outdoors ,a man is outside ,9,0,9,3,6,1
a man is working out in the outdoors ,a dong is swimming ,2,0,4,2,3,0
a man wearing a hat  sunglasses  gloves and a jacket holds a shovel on a snowy street in front of a gray nissan altima ,someone is outside in the snow ,0,0,5,1,2,1
a man wearing a hat  sunglasses  gloves and a jacket holds a shovel on a snowy street in front of a gray nissan altima ,the man uses a blower to move the snow ,0,0,5,7,5,0
woman goes rock climbing ,woman rock climbing ,6,0,15,3,17,1
woman goes rock climbing ,woman goes shopping ,11,1,11,2,9,0
person in orange clothing lying on a wall,a person dressed in orange is laying on a wall ,0,0,14,6,16,1
person in orange clothing lying on a wall,the person is wearing a pink rain coat while running through the forest ,0,0,8,2,7,0
a dog runs along a beach near the waves ,the dog is swimming in the water ,0,0,7,2,6,0
a dog runs along a beach near the waves ,a dog is running ,6,0,6,3,5,1
a large group of people in red uniforms are playing in a band ,people are laying down ,0,0,7,2,9,0
a large group of people in red uniforms are playing in a band ,a band is playing ,2,0,9,4,12,1
a man with red earphones is working on a red and white painted hot rod from team ace racing ,a man in blue earphones is jogging in central park ,6,0,14,5,14,0
a man with red earphones is working on a red and white painted hot rod from team ace racing ,a man in earphones is fixing a broken hotrod ,6,0,14,5,14,0
a man with red earphones is working on a red and white painted hot rod from team ace racing ,a man is messing with a team ace hotrod ,6,0,10,7,11,1
a man in a dark shirt and wearing earmuffs is checking the engine of a red and white race car while another man wearing sunglasses looks on ,nobody is checking,0,0,12,2,10,0
a man in a dark shirt and wearing earmuffs is checking the engine of a red and white race car while another man wearing sunglasses looks on ,a human checking,2,0,9,4,10,1
a man in a black t shirt works on a race car ,the man is working on something ,0,0,6,2,5,1
a man in a black t shirt works on a race car ,the man is working on a truck ,0,0,6,5,6,0
a man services a red and white hot rod dragster car ,a man is working on a motorcycle ,6,0,6,3,5,0
a man services a red and white hot rod dragster car ,there is a man near a red and white dragster ,0,0,17,7,16,1
a man is spraying something on this drag car ,there is a drag car getting sprayed,0,0,10,4,9,1
a man is spraying something on this drag car ,a man is walking away from this drag car,9,0,14,6,11,0
an elderly person is getting their haircut by another person wearing a cap  in front of a sign with chinese characters ,someone is getting their haircut ,0,0,26,4,19,1
an elderly person is getting their haircut by another person wearing a cap  in front of a sign with chinese characters ,a person is getting hair extensions ,1,0,19,6,19,0
a woman in black walks down a street with luggage ,a woman is walking,9,0,9,3,7,1
a woman in black walks down a street with luggage ,a man is walking down the street,2,0,7,4,11,0
a tribesman makes his way up a tree with his feet and his hands ,a man is inside talking on the phone ,2,0,4,2,2,0
a tribesman makes his way up a tree with his feet and his hands ,a man is outside climbing a tree ,2,0,8,3,6,1
people are gathered at a bar ,the people are attending church ,0,0,11,2,9,0
people are gathered at a bar ,there are people in the bar ,0,0,7,3,12,1
a man in sunglasses  a red striped sweater  and a leather jacket smiles and points his finger ,a man in sunglasses and a leather jacket points while smiling,20,1,22,11,23,1
a man in sunglasses  a red striped sweater  and a leather jacket smiles and points his finger ,a man in sunglasses and a leather jacket is riding a motorcycle,20,1,22,10,23,0
a man climbs through trees like a monkey ,the man could fall out of the tree if he isn t careful ,0,0,6,1,3,1
a man climbs through trees like a monkey ,the man is out in his rowboat fishing on the rainy day ,0,0,5,1,3,0
male construction workers observing something from a construction site ,a construction worker observing the site ,0,0,20,5,33,1
male construction workers observing something from a construction site ,an office worker typing on a computer ,0,0,7,1,1,0
a crowd runs on a wide track for a race ,a crowd of people sits around,8,0,8,4,7,0
a crowd runs on a wide track for a race ,some people compete,0,0,2,0,0,1
a young man looking at the sky through a personal telescope in the evening ,the young man is building a bird house ,0,0,11,6,11,0
a young man looking at the sky through a personal telescope in the evening ,there is a young man using a telescope ,0,0,12,5,17,1
young girls wearing green jerseys and black shorts stretch their legs ,the girls are skipping rope ,0,0,7,1,5,0
young girls wearing green jerseys and black shorts stretch their legs ,the girls are wearing uniforms ,0,0,9,2,12,1
one black man and one caucasian man are at the front of the pack of otherwise predominantly asian track runners  all wearing shorts  running shoes and numbered paper race bibs ,there are asian track runners by the black and caucasian man ,0,0,21,12,21,1
one black man and one caucasian man are at the front of the pack of otherwise predominantly asian track runners  all wearing shorts  running shoes and numbered paper race bibs ,the black man and caucasian man are in front of a group of horses ,0,0,19,12,19,0
a young women s soccer team with green uniforms is performing a stretching exercise ,a young women s soccer team with blue uniforms is performing a stretching exercise ,33,1,46,13,28,0
a young women s soccer team with green uniforms is performing a stretching exercise ,the girls  soccer team are warming up ,0,0,13,2,10,1
a group a man with numbers pinned to their shirts run in a race ,a group of men are moving supplies around in a garage ,8,0,8,5,8,0
a group a man with numbers pinned to their shirts run in a race ,a group of men are in a race ,8,0,11,6,11,1
a marathon of runners running on a red track ,runners are on a track ,0,0,8,5,14,1
a marathon of runners running on a red track ,workers are taking a break ,0,0,4,2,2,0
a man in a blue sweater and brown pants  pushed a young girl wearing a white shirt and blue jeans on a scooter down the sidewalk ,the people are clothed,0,0,4,1,3,1
a man in a blue sweater and brown pants  pushed a young girl wearing a white shirt and blue jeans on a scooter down the sidewalk ,the man is sitting on the lawn ,0,0,6,3,8,0
child in blue dress holding sandal in one hand and eating blue cotton candy with other hand ,the child has nothing to eat ,0,0,6,1,5,0
child in blue dress holding sandal in one hand and eating blue cotton candy with other hand ,a child s hands are full ,0,0,6,1,5,1
man with a cigarette in his mouth bent over talking to an old women in a pink cap ,a woman is chewing gum while lecturing her young daughter ,0,0,4,2,2,0
man with a cigarette in his mouth bent over talking to an old women in a pink cap ,a man is smoking a cigarette ,0,0,13,4,13,1
a young man sets up his telescope for night viewing ,a girl set up her telescope,2,0,10,3,12,0
a young man sets up his telescope for night viewing ,a man is setting up his telescope,2,0,17,5,15,1
too older people with baskets ,two humans with containers to hold things ,1,0,6,1,4,1
too older people with baskets ,a dog with a bone runs in a driveway ,0,0,6,1,4,0
a girl in a blue dress sitting on the ground eating cotton candy ,the girl is wearing red ,0,0,7,2,7,0
a girl in a blue dress sitting on the ground eating cotton candy ,the girl is wearing blue ,0,0,7,3,11,1
a man in a blue jacket has fallen asleep while sitting on a fold able chair  with a fishing pole and a green umbrella ,a man falls asleep fishing ,6,0,9,8,16,1
a man in a blue jacket has fallen asleep while sitting on a fold able chair  with a fishing pole and a green umbrella ,a man has a blue jacket ,6,0,15,9,13,1
a man in a blue jacket has fallen asleep while sitting on a fold able chair  with a fishing pole and a green umbrella ,the man is swimming in the ocean on top of the moon ,0,0,6,3,7,0
a man in a blue jacket has fallen asleep while sitting on a fold able chair  with a fishing pole and a green umbrella ,a person in a jacket,2,0,7,7,9,1
a man in a blue jacket has fallen asleep while sitting on a fold able chair  with a fishing pole and a green umbrella ,a man has fallen asleep in his chair ,6,0,19,11,17,1
a man in a blue jacket has fallen asleep while sitting on a fold able chair  with a fishing pole and a green umbrella ,a man falls asleep on his couhc ,6,0,8,8,11,0
a man in a blue jacket has fallen asleep while sitting on a fold able chair  with a fishing pole and a green umbrella ,a man is currently jet skiing,7,0,7,6,5,0
a man in a blue jacket has fallen asleep while sitting on a fold able chair  with a fishing pole and a green umbrella ,the man has his eyes closed ,0,0,5,2,6,1
a man in a blue jacket has fallen asleep while sitting on a fold able chair  with a fishing pole and a green umbrella ,the person is wide awake ,0,0,3,0,0,0
a man in a blue jacket has fallen asleep while sitting on a fold able chair  with a fishing pole and a green umbrella ,a man has a green jacket ,6,0,9,9,14,0
one man  in a blue jacket  is sitting in the rain under a green umbrella ,rain is falling from the sky ,0,0,5,3,9,1
one man  in a blue jacket  is sitting in the rain under a green umbrella ,the jacket and umbrella are the same color ,0,0,10,3,17,0
a man is fishing on the dock despite the dreary weather ,the man is wearing protective clothing,0,0,8,4,9,1
a man is fishing on the dock despite the dreary weather ,the man is inside washing dishes,0,0,8,4,9,0
a man relaxes in a chair as he fishes on a rainy day ,a man is fishing ,6,0,6,4,5,1
a man relaxes in a chair as he fishes on a rainy day ,a man is playing xbox ,6,0,6,4,5,0
an audience is watching and waiting for something to happen ,a lone stalker is window peeping ,1,0,5,1,2,0
an audience is watching and waiting for something to happen ,the crowd of watchers is waiting for an occurrence ,0,0,13,4,12,1
a group of people and a dog sitting on concrete bleachers ,a group of people and a dog are sitting outside ,28,1,28,8,18,1
a group of people and a dog sitting on concrete bleachers ,a group of people and a dog are sitting on the ground ,28,1,28,9,18,0
a group of people and a dog sit in the bleachers of a basketball court  watching another group of people s performance on the court ,some dogs watch a basketball game ,0,0,14,4,12,0
a group of people and a dog sit in the bleachers of a basketball court  watching another group of people s performance on the court ,people are watching a performance ,0,0,13,7,25,1
a group of people and a dog sit in the bleachers of a basketball court  watching another group of people s performance on the court ,a dog sits with people watching a performance on a basketball court ,2,0,20,12,29,1
a group of people and a dog sit in the bleachers of a basketball court  watching another group of people s performance on the court ,group of people at a football game ,0,0,17,10,17,0
a group of people and a dog sit in the bleachers of a basketball court  watching another group of people s performance on the court ,a dog is playing basketball ,2,0,12,5,14,0
a group of people and a dog sit in the bleachers of a basketball court  watching another group of people s performance on the court ,the group of people came with the dog ,0,0,17,10,17,1
a group of people and a dog sit in the bleachers of a basketball court  watching another group of people s performance on the court ,the people are watching volleyball ,0,0,10,5,20,0
a group of people and a dog sit in the bleachers of a basketball court  watching another group of people s performance on the court ,the people with an animal are watching a game ,0,0,11,8,20,1
a group of people and a dog sit in the bleachers of a basketball court  watching another group of people s performance on the court ,the group is interrupting the game ,0,0,7,4,13,0
a group of people and a dog sit in the bleachers of a basketball court  watching another group of people s performance on the court ,group of people and a dog watching others on a basketball court ,0,0,26,17,24,1
a group of people sitting on concrete steps at a neighborhood basketball court ,a group of people sitting outside ,27,1,27,6,18,1
a group of people sitting on concrete steps at a neighborhood basketball court ,a group of people sitting in a grassy field ,26,1,26,6,18,0
the person is dress from head to toe in white and is walking on the street ,person walking ,0,0,9,2,13,1
the person is dress from head to toe in white and is walking on the street ,naked person laying on the street ,0,0,18,5,15,0
a woman wearing an all white outfit is walking across a crosswalk ,man wearing black jeans,0,0,12,1,7,0
a woman wearing an all white outfit is walking across a crosswalk ,woman wearing white clothes crossing road,0,0,14,3,17,1
three young girls posing for a picture in an outdoor amphitheater  surrounded by adults watching a conference ,some girls are posing ,0,0,8,2,11,1
three young girls posing for a picture in an outdoor amphitheater  surrounded by adults watching a conference ,the girls are all taking a test ,2,0,7,3,7,0
a woman in a white dress walking down a street ,a woman walking on the water,8,0,9,5,13,0
a woman dressed in all white in a crosswalk ,a woman in a all white in a crosswalk ,8,0,26,8,19,1
a woman dressed in all white in a crosswalk ,a woman in all black at a funeral ,8,0,8,6,10,0
an elderly woman going through her purse on a busy street ,an elderly woman looks through a purse she just stole from someone,17,1,17,6,19,0
an elderly woman going through her purse on a busy street ,an elderly woman on a busy street ,17,1,18,7,18,1
four kids turn around to be photographed ,two kids turn around to see the attraction ,0,0,21,4,14,0
four kids turn around to be photographed ,four kids are by a camera ,10,1,10,2,8,1
at night  a man looks through a telescope,a man was in deep sleep during the night time,1,0,7,4,9,0
at night  a man looks through a telescope,a man was looking through his telescope,1,0,10,5,19,1
two grinning girls in white jump on a green sofa ,the girls are standing ,1,0,7,1,5,1
two grinning girls in white jump on a green sofa ,the girls are staying still ,1,0,7,1,5,0
a dog jumps over a log in the woods ,a dog jumps over something in the woods ,17,1,17,8,14,1
a dog jumps over a log in the woods ,a cat jumps over a log in the woods ,2,0,31,8,14,0
two girls wearing short dresses are walking next to a car as one carries a large hand bag ,two kids ride bicycles down the street in their swimsuits ,4,0,4,1,3,0
two girls wearing short dresses are walking next to a car as one carries a large hand bag ,two kids are walking in a parking lot together ,4,0,14,5,13,1
black dog with a red collar is climbing over fence posts ,the fence has dog snot on it ,0,0,7,2,8,0
black dog with a red collar is climbing over fence posts ,the dog is climbing the fence ,0,0,13,4,16,1
a large  black dog is climbing over a wooden fence surrounded by bushes ,there is a large brick wall keeping the dog in the yard ,0,0,8,5,10,0
a large  black dog is climbing over a wooden fence surrounded by bushes ,a dog is outside ,2,0,8,4,6,1
black dog climbs over fence in grassy area,the dog is agile,0,0,5,1,3,1
black dog climbs over fence in grassy area,the dog is at the vet,0,0,5,1,3,0
black dog climbs over fallen logs or boards ,the black dog is climbing over something in its path ,0,0,10,3,12,1
black dog climbs over fallen logs or boards ,two goldfish are riding bikes in a giant pile of mashed potatoes ,0,0,2,0,0,0
a person in an orange coat with a hood lays on top of the entrance corridor to the metro ,person in a orange hoodie lays on top of an entrance corridor,0,0,18,12,22,1
a person in an orange coat with a hood lays on top of the entrance corridor to the metro ,a person standing in a  corridor entrance,9,0,10,6,22,0
a golden brown dog running through a green field ,the dog is outside ,0,0,5,1,3,1
a golden brown dog running through a green field ,the dog is inside a car ,0,0,5,3,5,0
a tan dog is running fast through tall green grass ,a dog fetching a tennis ball on the concrete playground ,2,0,5,2,4,0
a tan dog is running fast through tall green grass ,a dog running quickly through grass ,2,0,9,5,19,1
three men in collared t shirts looking at photos in a truck ,the men are in collared shirts,2,0,13,5,17,1
three men in collared t shirts looking at photos in a truck ,the men are sleeping ,2,0,6,1,3,0
a brown dog is running through a grassy field ,a brown cat is running through a grassy field ,8,0,35,8,20,0
a brown dog is running through a grassy field ,a dog is running through a grassy field ,2,0,39,8,20,1
a dog runs in a grassy field ,a dog is outside ,6,0,6,3,5,1
a dog runs in a grassy field ,there is an animal outdoors ,0,0,3,0,0,1
a dog runs in a grassy field ,a dog is sitting inside ,6,0,6,3,5,0
a dog runs in a grassy field ,a dog is running around outside ,6,0,6,3,5,1
a dog runs in a grassy field ,a dog sitting on a porch ,6,0,6,3,5,0
a dog runs in a grassy field ,a pet is sitting on the couch ,2,0,2,2,2,0
a dog runs in a grassy field ,a dog running through a field ,9,0,9,4,9,1
a dog runs in a grassy field ,a dog is laying in the dirt chewing on a bone ,6,0,6,4,6,0
a dog runs in a grassy field ,a dog is running across a field of grass ,6,0,7,4,9,1
a dog runs in a grassy field ,a dog is inside taking a nap ,6,0,6,3,5,0
a man a long gray beard and his partner share a meal at an outdoor restaurant ,the two people paddle their kayaks in the surf ,0,0,3,0,0,0
a man a long gray beard and his partner share a meal at an outdoor restaurant ,the people are dining al fresco ,0,0,4,0,0,1
a man and a woman are sharing a meal at an outside restaurant ,two men are having a meal at an inside dining room,0,0,17,7,9,0
a man and a woman are sharing a meal at an outside restaurant ,a man and a woman are eating,22,1,22,7,11,1
man singing on a stage with band ,a man is playing the drums in his bedroom ,0,0,4,2,4,0
man singing on a stage with band ,a man is performing on stage ,0,0,7,4,10,1
a man and a woman eating a meal together ,a man eats alone ,6,0,7,4,5,0
a man and a woman eating a meal together ,a man and woman eat together ,10,1,10,7,16,1
two older people are sharing a dish,an young couple sits on a crowded bus ,0,0,4,1,1,0
two older people are sharing a dish,sharing a dish are two elderly people ,0,0,14,6,17,1
a young girl with red hair is playing on a sidewalk with a swan ,the red haired woman is walking down the street ,0,0,9,2,5,0
a young girl with red hair is playing on a sidewalk with a swan ,the girl is playing outside ,0,0,13,3,13,1
number    slam dunks in his cool green sneakers ,number    slam dunks,20,1,20,3,15,1
number    slam dunks in his cool green sneakers ,number    is  ft tall with a  inch vertical leap ,10,1,10,1,6,0
a basketball player slam dunks the ball and holds onto the rim ,the basketball player can dunk ,0,0,19,4,19,1
a basketball player slam dunks the ball and holds onto the rim ,there is no rim ,0,0,5,1,3,0
a portly man in an orange jumpsuit standing next to a woman in gray on the highway with a motorcycle laying on its side in the middle of the highway ,the man and woman are outdoors ,0,0,7,5,11,1
a portly man in an orange jumpsuit standing next to a woman in gray on the highway with a motorcycle laying on its side in the middle of the highway ,a man and a woman standing on the highway together ,2,0,16,13,22,1
a portly man in an orange jumpsuit standing next to a woman in gray on the highway with a motorcycle laying on its side in the middle of the highway ,a man and woman riding a motorcycle ,2,0,14,6,18,0
a portly man in an orange jumpsuit standing next to a woman in gray on the highway with a motorcycle laying on its side in the middle of the highway ,a man and woman dance on a ballroom floor ,2,0,7,7,10,0
a portly man in an orange jumpsuit standing next to a woman in gray on the highway with a motorcycle laying on its side in the middle of the highway ,a man and woman stand next to a motorcycle in the highway ,2,0,14,16,24,1
a portly man in an orange jumpsuit standing next to a woman in gray on the highway with a motorcycle laying on its side in the middle of the highway ,the man is escaping from prison ,0,0,6,4,9,0
a portly man in an orange jumpsuit standing next to a woman in gray on the highway with a motorcycle laying on its side in the middle of the highway ,a think man in a red jumpsuit stands next to a woman on the highway ,2,0,17,18,22,0
a portly man in an orange jumpsuit standing next to a woman in gray on the highway with a motorcycle laying on its side in the middle of the highway ,a man in an orange stands next to a woman on the highway ,2,0,18,19,20,1
a portly man in an orange jumpsuit standing next to a woman in gray on the highway with a motorcycle laying on its side in the middle of the highway ,a man and woman stand on the highway ,2,0,16,12,19,1
a portly man in an orange jumpsuit standing next to a woman in gray on the highway with a motorcycle laying on its side in the middle of the highway ,two women were riding a motorcycle down a dirt road ,0,0,14,4,12,0
aid big guy wearing an orange jumpsuit is talking to a skinny lady who s dressed up with a long skirt is standing on the freeway looking at the red motorcycle that crash,orange jumpsuits are conspicuously visible ,0,0,15,1,6,1
aid big guy wearing an orange jumpsuit is talking to a skinny lady who s dressed up with a long skirt is standing on the freeway looking at the red motorcycle that crash,a man and woman are dressed in dark suits ,1,0,9,3,9,0
aid big guy wearing an orange jumpsuit is talking to a skinny lady who s dressed up with a long skirt is standing on the freeway looking at the red motorcycle that crash,everyone is happy and laughing ,0,0,4,2,4,0
aid big guy wearing an orange jumpsuit is talking to a skinny lady who s dressed up with a long skirt is standing on the freeway looking at the red motorcycle that crash,a man is talking to a woman ,1,0,17,6,11,1
aid big guy wearing an orange jumpsuit is talking to a skinny lady who s dressed up with a long skirt is standing on the freeway looking at the red motorcycle that crash,a man and a woman are drinking a beer in a bar ,1,0,6,2,2,0
aid big guy wearing an orange jumpsuit is talking to a skinny lady who s dressed up with a long skirt is standing on the freeway looking at the red motorcycle that crash,a man and woman stand on the freeway near a motorcycle crash ,1,0,16,8,22,1
aid big guy wearing an orange jumpsuit is talking to a skinny lady who s dressed up with a long skirt is standing on the freeway looking at the red motorcycle that crash,a man and a woman are on a road looking at a red vehicle ,1,0,12,6,12,1
aid big guy wearing an orange jumpsuit is talking to a skinny lady who s dressed up with a long skirt is standing on the freeway looking at the red motorcycle that crash,a convict has escaped from county jail ,1,0,3,2,2,0
aid big guy wearing an orange jumpsuit is talking to a skinny lady who s dressed up with a long skirt is standing on the freeway looking at the red motorcycle that crash,there is a motor vehicle accident,0,0,6,4,5,1
aid big guy wearing an orange jumpsuit is talking to a skinny lady who s dressed up with a long skirt is standing on the freeway looking at the red motorcycle that crash,an inmate takes a woman hostage after causing her to crash ,1,0,6,5,9,0
people are standing on a freeway where a motorcycle accident has just occurred ,people are on the road ,11,1,11,3,11,1
people are standing on a freeway where a motorcycle accident has just occurred ,people are made from road dust ,11,1,11,2,9,0
a man and a woman are standing in the middle of the highway looking at motorcycles on the road as traffic is passing ,the woman is performing at the opera ,0,0,7,6,11,0
a man and a woman are standing in the middle of the highway looking at motorcycles on the road as traffic is passing ,the man and women are in the ocean ,0,0,9,7,9,0
a man and a woman are standing in the middle of the highway looking at motorcycles on the road as traffic is passing ,the man and woman are outside ,0,0,11,7,11,1
a man and a woman are standing in the middle of the highway looking at motorcycles on the road as traffic is passing ,a man is zooming around in his car ,6,0,6,5,7,0
a man and a woman are standing in the middle of the highway looking at motorcycles on the road as traffic is passing ,two men look down at their crashed bicycles by the side of the road,0,0,9,6,10,0
a man and a woman are standing in the middle of the highway looking at motorcycles on the road as traffic is passing ,a couple is watching motorcyles pass by on a highway ,2,0,9,5,11,1
a man and a woman are standing in the middle of the highway looking at motorcycles on the road as traffic is passing ,the man and woman have legs ,0,0,9,6,11,1
a man and a woman are standing in the middle of the highway looking at motorcycles on the road as traffic is passing ,the man and woman are outside ,0,0,11,7,11,1
a man and a woman are standing in the middle of the highway looking at motorcycles on the road as traffic is passing ,two people stand in the highway looking at motorcyles,0,0,31,7,17,1
a man and a woman are standing in the middle of the highway looking at motorcycles on the road as traffic is passing ,the man is shooting laser beams from his eyes ,0,0,5,5,9,0
an old man wearing a red suit stands in a large social gathering ,the man has lived for many years,0,0,5,1,3,1
an old man wearing a red suit stands in a large social gathering ,the man is    years old,0,0,5,2,6,0
construction workers look on from top of building while two more are suspended from a crane in a basket ,construction workers look on as a crane carries workers ,29,1,29,7,24,1
construction workers look on from top of building while two more are suspended from a crane in a basket ,a man blows his nose by a train track ,0,0,3,2,2,0
two ladies  one dressed in purple and one in blue  are playing london bridges outside with a group of children ,the ladies are both wearing black,1,0,8,2,9,0
two ladies  one dressed in purple and one in blue  are playing london bridges outside with a group of children ,two ladies are bowling,11,1,11,3,12,0
two ladies  one dressed in purple and one in blue  are playing london bridges outside with a group of children ,ladies in dresses ,0,0,7,3,10,1
two ladies  one dressed in purple and one in blue  are playing london bridges outside with a group of children ,two ladies play games with a group of children,11,1,25,7,19,1
two ladies  one dressed in purple and one in blue  are playing london bridges outside with a group of children ,the ladies are playing with the kids ,1,0,13,4,17,1
two ladies  one dressed in purple and one in blue  are playing london bridges outside with a group of children ,the children are ghosts ,1,0,10,2,11,0
two ladies  one dressed in purple and one in blue  are playing london bridges outside with a group of children ,woman play,0,0,5,0,0,1
two ladies  one dressed in purple and one in blue  are playing london bridges outside with a group of children ,two women scold children for playing roughly,4,0,10,3,18,0
two ladies  one dressed in purple and one in blue  are playing london bridges outside with a group of children ,the children have eaten all the woman in the area,1,0,10,3,12,0
two ladies  one dressed in purple and one in blue  are playing london bridges outside with a group of children ,two ladies are outside,11,1,11,4,16,1
two men looking down on a building from a cherry picker ,the men are watching tv ,1,0,5,1,3,0
two men looking down on a building from a cherry picker ,the two men are higher than the building ,1,0,10,3,14,1
constructions workers are working on a building ,people working on a building,0,0,23,4,17,1
constructions workers are working on a building ,people walking outside,0,0,6,0,0,0
an old man wearing a suit  tie  and a captain s hat is standing amid a crowd  with an angry look on his face ,captain ahab will get the whale,0,0,8,1,7,0
an old man wearing a suit  tie  and a captain s hat is standing amid a crowd  with an angry look on his face ,the old man is unhappy,0,0,9,3,8,1
a young girl and two friends are playing ,the young girl is studying ,0,0,12,2,9,0
a young girl and two friends are playing ,the young girl is human ,0,0,12,2,9,1
a wakeboarder is jumping a huge wave ,someone is jumping a wave,0,0,14,5,13,1
a wakeboarder is jumping a huge wave ,the wakeboarder is not jumping,0,0,16,3,20,0
a woman with a brown messenger bag is riding a bike down a street ,there is a person outside ,0,0,4,5,4,1
a woman with a brown messenger bag is riding a bike down a street ,this person is jogging down a hill ,0,0,8,6,7,0
a woman with a messenger bag is riding a bike ,a woman is riding a bike ,8,0,18,7,15,1
a woman with a messenger bag is riding a bike ,a woman is riding a horse ,8,0,13,6,13,0
a woman with a satchel is riding on a bike smiling ,the woman is running,0,0,7,2,7,0
a woman with a satchel is riding on a bike smiling ,the woman is outdoors,0,0,7,2,7,1
a young girl dressed in a minnie mouse outfit and an older woman walking down the sidewalk ,a young girl and a woman are walking on the sidewalk ,13,1,15,9,20,1
a young girl dressed in a minnie mouse outfit and an older woman walking down the sidewalk ,the young girl and woman are sitting at a table eating dinner ,0,0,12,7,14,0
a dog is playing in water ,a dog is wet ,9,0,9,3,6,1
a dog is playing in water ,a dog is asleep in its bed ,9,0,9,4,7,0
man in van painted like the mystery machine parked in front of house,the van is parked in front of a house ,0,0,20,8,16,1
man in van painted like the mystery machine parked in front of house,there is a women in a car ,0,0,5,2,4,0
a van painted in bright blue  pink  and green is driving down the road ,there is a vehicle in this picture ,0,0,4,3,5,1
a van painted in bright blue  pink  and green is driving down the road ,the van was destroyed in the accident ,0,0,6,3,8,0
a blond headed child holding a red broom ,a brown headed child is holding a blue broom ,3,0,14,6,18,0
a blond headed child holding a red broom ,a child is holding a cleaning tool in his hand ,2,0,11,4,13,1
colorful van with blue above and green with pink  clouds  on the bottom sitting in front of a fenced in home and sign saying  jaguar  in front ,a sign reads no trespassers allowed in front of an industrial building ,0,0,14,8,14,0
colorful van with blue above and green with pink  clouds  on the bottom sitting in front of a fenced in home and sign saying  jaguar  in front ,a sign reads  jaguar  ,0,0,10,3,11,1
a caucasian male toddler sweeps the tiled floor ,a black child washes a window ,2,0,2,1,1,0
a caucasian male toddler sweeps the tiled floor ,a white toddler sweeps the floor ,2,0,21,5,18,1
the small blond haired child is holding a broom ,nobody has a broom ,0,0,9,2,6,0
the small blond haired child is holding a broom ,a human holding a broom,0,0,16,3,13,1
a little child with a sweater  blue shirt and black pants  holding a broom in a kitchen ,the child was in the kitchen,0,0,9,3,14,1
a little child with a sweater  blue shirt and black pants  holding a broom in a kitchen ,the child worke a black dress,0,0,9,6,11,0
a young child in blue sweeps the floors like his parents ,a child doing chores ,2,0,7,2,6,1
a young child in blue sweeps the floors like his parents ,a young child sweeping the floor with a large cat ,14,1,14,4,13,0
a young man does exercises in his fencing class ,the man only uses guns ,0,0,5,1,3,0
a young man does exercises in his fencing class ,the man has held a sword ,0,0,5,2,4,1
man wearing black is holding a sword with his arms out ,the man has white robes ,0,0,4,1,3,0
man wearing black is holding a sword with his arms out ,the man has a weapon ,0,0,4,2,4,1
a man in a gym performs moves with outstretched arms ,a guy exercising ,2,0,3,2,2,1
a man in a gym performs moves with outstretched arms ,a woman exercising next to a trainer ,2,0,4,2,2,0
a man holding his arms out horizontally  and gripping a fencing sword in his right hand  as people in the background do the same thing ,the man is sitting reading a newspaper ,0,0,6,5,9,0
a man holding his arms out horizontally  and gripping a fencing sword in his right hand  as people in the background do the same thing ,a man is holding a sword ,6,0,9,5,15,1
teen boy practicing with a sword in a gym with his team ,a girl is practicing karate ,0,0,12,3,12,0
teen boy practicing with a sword in a gym with his team ,a boy is holding a sword ,0,0,9,4,9,1
workers at a construction site ,workers abandoned the site to go on strike ,9,0,9,2,11,0
workers at a construction site ,the are workers at the construction site ,0,0,19,4,23,1
an african american man in a brown shirt is singing on a stage ,a black man performing onstage ,1,0,6,3,5,1
an african american man in a brown shirt is singing on a stage ,a woman looking through her purse ,1,0,4,2,2,0
football team is getting drenched by a hose ,the team is about to win the title ,0,0,9,2,6,0
football team is getting drenched by a hose ,the team is getting wet ,0,0,17,3,13,1
a group of young football players are being sprayed with water ,hockey players are getting sprayed ,0,0,13,3,17,0
a group of young football players are being sprayed with water ,football players are getting wet ,0,0,21,3,18,1
young boys in football jerseys getting showered with water outside ,a football team is cleaning off after a game ,0,0,10,1,8,1
young boys in football jerseys getting showered with water outside ,the soccer players are inside the gym ,0,0,5,0,0,0
a group of teenage boys in yellow and blue football uniforms are being sprayed with water ,the boys are sleeping ,0,0,7,2,7,0
a group of teenage boys in yellow and blue football uniforms are being sprayed with water ,the teenage boys are wearing yellow and blue uniforms,0,0,17,7,21,1
a man is a kitchen cooking ,a woman is cooking in the living room ,2,0,9,4,10,0
a man is a kitchen cooking ,a person is cooking in a kitchen ,2,0,11,5,16,1
a young girl poses by the water ,the young girl posed by the water ,0,0,16,5,14,1
a young girl poses by the water ,the elderly lady stood by the water ,0,0,14,3,10,0
a girl in jeans sitting on rock getting her picture taken ,the girl is dancing in the ocean ,0,0,7,2,6,0
a girl in jeans sitting on rock getting her picture taken ,the girl is sitting on the rock having a photo taken ,0,0,13,6,16,1
a woman sits in the sun on some large rocks in the middle of a pond ,the woman is sinking in the water ,0,0,8,5,11,0
a woman sits in the sun on some large rocks in the middle of a pond ,a woman is in the middle of the pond on some rocks ,8,0,19,13,16,1
a girl wearing boots  is sitting on a rock near a pond ,someone sits near water ,0,0,6,1,4,1
a girl wearing boots  is sitting on a rock near a pond ,a barefoot girl dangles her toes in the pond ,2,0,6,5,9,0
a young woman sitting on stepping stones in a small pond ,a young woman is sitting down ,14,1,14,5,17,1
a young woman sitting on stepping stones in a small pond ,a young woman is sleeping at home ,14,1,14,4,11,0
some children playing in a pit full of colorful balls,kids re playing with balls ,0,0,9,2,12,1
some children playing in a pit full of colorful balls,kids are playing miniature golf ,0,0,9,1,7,0
two children slide down a slide into a ball pit while another child looks on ,the kids are walking home from school ,1,0,3,0,0,0
two children slide down a slide into a ball pit while another child looks on ,some kids are sliding into a ball pit ,0,0,17,5,11,1
two children fall headfirst into a colorful ball pit while a third child watches ,kids are playing in a ball pit ,0,0,10,4,8,1
two children fall headfirst into a colorful ball pit while a third child watches ,the kids are in the swimming pool ,1,0,3,0,0,0
a man wearing jeans  along sleeve t shirt  and glasses is standing on a low metal railing ,a man wearing dress pants  a t shirt  and sunglasses is standing on a low metal railing ,14,1,43,13,22,0
a man wearing jeans  along sleeve t shirt  and glasses is standing on a low metal railing ,a person is standing on a railing ,2,0,18,6,17,1
a young man is posing on his skateboard on top of a rail at a skate park ,a man posing on his skateboard at home ,2,0,26,10,19,0
a young man is posing on his skateboard on top of a rail at a skate park ,a person posing on a skateboard ,2,0,12,7,18,1
a skateboarder at a skate park attempting a rail slide trick ,a skateboarder does a rail slide ,15,1,15,6,21,1
a skateboarder at a skate park attempting a rail slide trick ,a girl rides her bike ,2,0,3,3,3,0
the young girl makes a wonderful snow angel on the ground ,a girl is rolling around the carpet in her playroom ,0,0,6,4,10,0
the young girl makes a wonderful snow angel on the ground ,a young girl is playing outside ,0,0,12,3,10,1
a girl plays in the snow by making a snow angel ,the girl is drinking cocoa by a fire ,0,0,6,5,9,0
a girl plays in the snow by making a snow angel ,a female is outside ,2,0,2,2,2,1
a young child in a red jacket and jeans lays in the snow to make a snow angel ,a child is outdoors ,2,0,8,4,7,1
a young child in a red jacket and jeans lays in the snow to make a snow angel ,a child is sitting on a couch ,2,0,8,4,7,0
several people are gathered and watching an event ,the people are watching the event ,0,0,12,4,19,1
several people are gathered and watching an event ,the people are looking at their pockets ,0,0,12,2,9,0
a group of men and women are facing in the direction of something that is happening off camera ,a group of men and women are facing in the direction of something that is happeningo off camera,83,1,83,17,24,1
a group of men and women are facing in the direction of something that is happening off camera ,the group of people are watching tv,0,0,10,5,11,0
a girl who is surrounded by other people is taking a picture at a concert ,a girl is sitting down reading a book next to a lake,7,0,7,6,8,0
a girl who is surrounded by other people is taking a picture at a concert ,a girl is enjoying a concert,7,0,10,7,13,1
the man in a blue sweatshirt is in a kitchen ,a woman is standing in the kitchen ,0,0,9,7,12,0
the man in a blue sweatshirt is in a kitchen ,a man is standing in the kitchen ,0,0,9,8,13,1
the man in a blue sweatshirt is in a kitchen ,the man is in the bathroom wearing a yellow shirt ,9,0,9,7,8,0
the man in a blue sweatshirt is in a kitchen ,the guy in the kitchen wears a blue sweatshirt ,4,0,19,8,21,1
the man in a blue sweatshirt is in a kitchen ,there is a man in a kitchen ,3,0,14,7,12,1
the man in a blue sweatshirt is in a kitchen ,the man is sitting on a couch ,9,0,9,5,8,0
the man in a blue sweatshirt is in a kitchen ,the man is standing in a kitchen,9,0,13,8,13,1
the man in a blue sweatshirt is in a kitchen ,a man in a red shirt is in a bathroom ,0,0,14,6,7,0
the man in a blue sweatshirt is in a kitchen ,a man in a sweatshirt is in a home ,0,0,20,7,15,1
the man in a blue sweatshirt is in a kitchen ,a man is sitting in his bathtub ,0,0,6,6,7,0
an elderly woman sitting on a bench ,a young mother sits down ,1,0,4,1,1,0
an elderly woman sitting on a bench ,a woman is sitting on a bench ,1,0,20,5,17,1
seven people are wading in a natural pool ,four people are wading in a natural pool,0,0,36,7,19,0
seven people are wading in a natural pool ,the pool has seven people in it,0,0,13,4,15,1
seven people are wading in a natural pool ,seven people are sitting in a pool ,17,1,17,6,15,0
seven people are wading in a natural pool ,there are eight people in the pool,0,0,8,4,13,0
seven people are wading in a natural pool ,people in a pool,0,0,7,4,12,1
seven people are wading in a natural pool ,a group of people are outdoors,0,0,12,3,10,1
seven people are wading in a natural pool ,there are people swimming in a normal swimming pool ,0,0,10,5,13,0
seven people are wading in a natural pool ,there were five people,0,0,7,1,6,0
seven people are wading in a natural pool ,there are people in a pool ,0,0,8,5,13,1
seven people are wading in a natural pool ,seven people have wet feet ,13,1,13,2,11,1
three girlfriends are sitting in a darkened theater ,three girls taking the bus ,10,1,10,1,5,0
three girlfriends are sitting in a darkened theater ,three girls sitting in a theater ,10,1,14,5,19,1
a tall man stirring a pot of food on a stove ,a tall man cooking at a stove ,11,1,11,6,12,1
a tall man stirring a pot of food on a stove ,a short woman sweeping a kitchen ,2,0,6,3,3,0
a businessman is talking on his cellphone while smoking a cigarette at an intersection under construction ,a man in a suit is talking to a construction worker while holding his phone in his hand ,2,0,14,7,24,0
a businessman is talking on his cellphone while smoking a cigarette at an intersection under construction ,a man is smoking while talking into his phone ,2,0,9,7,19,1
an elderly woman sits on a park bench under the shade of a tree ,a man sits on a cardboard box under the shade ,1,0,17,7,14,0
an elderly woman sits on a park bench under the shade of a tree ,a woman sits on a park bench under the shade ,1,0,44,10,15,1
people lounge in a man made pool  next to a river,people are lounging,7,0,7,1,6,1
people lounge in a man made pool  next to a river,people are in a natural pool,7,0,7,5,12,0
there are people in swimming pool next to a river ,people are swimming in the river ,0,0,10,5,19,0
there are people in swimming pool next to a river ,people are swimming ,0,0,10,3,17,1
a group of cats sit in the grass ,cats sit in the grass ,0,0,22,5,12,1
a group of cats sit in the grass ,a dog sleeps in the grass ,2,0,14,4,10,0
two football players run into each other ,two football players collide ,21,1,21,3,18,1
two football players run into each other ,two football players are eating breakfast in a hotel ,21,1,21,3,18,0
a football player in a full stadium jumping and recieving a football ,the football player is off the ground ,0,0,18,3,22,1
a football player in a full stadium jumping and recieving a football ,the football player is sitting on the bench ,0,0,18,3,22,0
a person walks among large  white geometric shaped architecture ,a person is sleeping ,9,0,9,2,7,0
a person walks among large  white geometric shaped architecture ,a person is walking ,9,0,9,2,7,1
two men vie for a football ,the men are sleeping ,1,0,5,1,3,0
two men vie for a football ,the men view for football,1,0,9,3,14,1
two people hiking on a mountain ,the hikers are lost ,1,0,5,0,0,0
two people hiking on a mountain ,two hikers are on a mountain ,4,0,15,4,13,1
a man in face mask working on a machine ,the man is dancing ,0,0,6,1,3,0
a man in face mask working on a machine ,the man is working ,0,0,9,2,10,1
two boys at play at a fun center  there are two women in the background laughing ,women in the background are laughing,0,0,24,6,23,1
two boys at play at a fun center  there are two women in the background laughing ,women in the background are not laughing,0,0,24,6,23,0
a toddler drinking from a cup in a toy car ,the toddler is driving a full sized vehicle while drinking,0,0,9,5,16,0
a toddler drinking from a cup in a toy car ,a toddler is drinking from a cup in a toy car,10,1,33,10,19,1
a man wears an interesting blue wig in public,a person is wearing a fake hairpiece ,2,0,5,1,1,1
a man wears an interesting blue wig in public,a man is getting his hair cut at the local barber ,6,0,6,2,4,0
a girl is wearing a blue wig under a brown hooded jacket ,a girl s blue wig is visible under her brown hooded jacket ,7,0,21,11,17,1
a girl is wearing a blue wig under a brown hooded jacket ,an alien  attempting to conceal it s inhuman hair color  scurries to cover under a jacket ,1,0,9,5,12,0
one person in a crowd of people  wearing a blue wig,it is hard to tell what color the person s real hair is under that blue wig ,0,0,9,3,13,1
one person in a crowd of people  wearing a blue wig,every single person in the all female crowd has bleached blond hair ,0,0,12,3,13,0
man with brown coat and sunglasses wears a blue wig and ball cap ,a human with a wig,0,0,9,3,8,1
man with brown coat and sunglasses wears a blue wig and ball cap ,nobody has a wig,0,0,4,2,4,0
the pilot looking out of a british airways airplane while two men are standing outside ,the pilot is in a plane,10,1,10,3,9,1
the pilot looking out of a british airways airplane while two men are standing outside ,the plane is over the ocean,5,0,6,1,3,0
a man with a motorcycle helmet lounges in the sun next to a body of water ,the pigs eat cheese,0,0,4,1,3,0
a man with a motorcycle helmet lounges in the sun next to a body of water ,a guy with a helmet is in the sun,2,0,12,8,13,1
a man rests on the terraced steps leading down to the water ,a man bicycles to the water ,6,0,14,6,11,0
a man rests on the terraced steps leading down to the water ,a man rests on steps near the water ,15,1,15,8,15,1
a man with a motorcycle helmet rests by the waterfront ,the man is sitting in a boat wearing a baseball cap ,0,0,5,4,7,0
a man with a motorcycle helmet rests by the waterfront ,a man is wearing a helmet ,6,0,8,4,10,1
a man sleeps on the beach after removing his helmet ,a man sleeps outside ,14,1,14,3,10,1
a man sleeps on the beach after removing his helmet ,a man sleeps after riding his skateboard ,13,1,13,5,14,0
a man is laying in the sand ,a man is laying on the ground,16,1,16,5,12,1
a man is laying in the sand ,a man is jumping in the snow,9,0,12,5,8,0
a musical event in the park ,the park is outside,0,0,9,2,7,1
a musical event in the park ,there is music in the park,0,0,12,3,9,1
a musical event in the park ,the music event is at the firehouse ,0,0,8,2,8,0
a person dressed as batman poses for a picture ,a person is about to take a shower,9,0,9,3,8,0
a person dressed as batman poses for a picture ,a person is in costume,9,0,9,3,8,1
a dog jumping at the beach ,an animal on sand ,1,0,2,0,0,1
a dog jumping at the beach ,people chasing a tiger ,0,0,5,1,1,0
dog on a rock next to water ,a dog is next to the water ,0,0,9,5,12,1
dog on a rock next to water ,a dog is getting a treat ,0,0,4,2,4,0
a muddy dog runs next to water ,a young boy runs,2,0,5,2,5,1
a muddy dog runs next to water ,the child was    years old,0,0,3,0,0,0
a furry white dog playing in the sand ,a dog is in some sand ,2,0,7,4,9,1
a furry white dog playing in the sand ,a dog is standing on grass ,2,0,5,2,4,0
a small dog is jumping on the dirt in front of some water,a cat jumping into the water,2,0,9,4,15,0
a small dog is jumping on the dirt in front of some water,a dog jumping near some water,2,0,11,5,16,1
dog and women with baby strollers crossing a bridge in rural area ,a dog and women with baby stroller crossing a bridge ,0,0,32,8,19,1
dog and women with baby strollers crossing a bridge in rural area ,a dog and cat with a baby play sports ,0,0,8,5,11,0
the couple pushed the strollers across the wood bridge and the dogs followed ,people and animals cross a bridge ,0,0,8,2,9,1
the couple pushed the strollers across the wood bridge and the dogs followed ,people walk on the beach ,0,0,5,4,9,0
a man inspecting meat in a kitchen,a man is watching tv on his couch ,7,0,7,3,5,0
a man inspecting meat in a kitchen,a man is make sure his meat is perfect ,7,0,7,4,8,1
two mothers are pushing baby strollers as the dogs run down ,two mothers are on a walk,16,1,16,3,13,1
two mothers are pushing baby strollers as the dogs run down ,the babies are in a crib sleeping,1,0,6,2,6,0
the cats are lazily laying in the field of dry grass ,the cats are chasing dogs off of their property,13,1,13,5,10,0
the cats are lazily laying in the field of dry grass ,the cats lay in the grass ,9,0,9,5,12,1
a family crossing a bridge,several related people move from one location to another ,0,0,2,0,0,1
a family crossing a bridge,several people open presents around a christmas tree ,0,0,3,2,2,0
a man wearing black shirt with devil looking eyes  holding two big slices of meat ,the man wears black shirts and has strange eyes ,0,0,12,3,12,1
a man wearing black shirt with devil looking eyes  holding two big slices of meat ,the woman runs to work ,0,0,4,0,0,0
the man wearing a red shirt is mowing grass using a riding lawn mower ,a man cutting down a tree next to his home ,0,0,5,3,5,0
the man wearing a red shirt is mowing grass using a riding lawn mower ,a man cutting tall grass with a riding mower outside his home ,0,0,10,6,16,1
guy in an orange vest on a lawn tractor mowing his lawn on a sunny day,guy runs from police on lawn tractor ,4,0,14,6,15,0
guy in an orange vest on a lawn tractor mowing his lawn on a sunny day,guy mows his lawn ,4,0,10,4,11,1
a man is cutting grass on a large field on a green rising mower ,a girl is pushing a stroller across a barren field ,2,0,7,5,8,0
a man is cutting grass on a large field on a green rising mower ,a man rides a lawn mower ,6,0,7,5,9,1
a guy mowing a lawn on his tractor,a guy is surrounded by green grass ,6,0,6,3,5,1
a guy mowing a lawn on his tractor,a guy riding on a snowmobile ,6,0,6,4,6,0
a man with a blue shirt  spongebob shirts  clogs  and white tights stands on the street ,a man stands by the road ,6,0,8,5,12,1
a man with a blue shirt  spongebob shirts  clogs  and white tights stands on the street ,the man is watching tv,0,0,5,2,6,0
a small group of people are looking over vegetables at a farmer s market ,there are people at a farmer s market ,0,0,22,8,18,1
a small group of people are looking over vegetables at a farmer s market ,there is a group of people at a grocery store ,0,0,18,6,13,0
a shirtless man in blue holding up a large blue rod and looking at the camera ,the man has a camera,0,0,7,5,12,1
a shirtless man in blue holding up a large blue rod and looking at the camera ,the man wore a three piece suit,0,0,5,4,7,0
a young man diving into the water ,someone is diving ,0,0,8,1,6,1
a young man diving into the water ,the man is jumping into a pit of marshmallows ,0,0,9,4,10,0
a young guy jumping into the water ,an young man gets out of his car ,1,0,7,1,5,0
a young guy jumping into the water ,a young man jumped into the water ,8,0,16,5,14,1
a man jumping and flipping into water ,a boy does the doggy paddle,2,0,2,1,1,0
a man jumping and flipping into water ,a man is jumping into the water,6,0,10,5,16,1
a man in blue shorts diving into water ,a man in blue dress,14,1,14,4,9,0
a man in blue shorts diving into water ,a man in blue shorts,20,1,20,5,13,1
a boy in a blue bathing suit is diving into the water ,the boy is an intergalactic criminal ,0,0,6,3,8,0
a boy in a blue bathing suit is diving into the water ,there is a boy in water ,0,0,9,6,10,1
these two women are busy with writing and computer use ,the women are throwing out the garbage ,3,0,11,2,8,0
these two women are busy with writing and computer use ,the women are active ,3,0,11,2,8,1
a girl with a knit dress and leg warmers using a computer ,the electricity is out ,0,0,2,0,0,0
a girl with a knit dress and leg warmers using a computer ,the computer is on ,0,0,10,1,8,1
a woman in a pattern dress leans over a desk and uses a computer ,a woman is scrapbooking with her girlfriends ,9,0,9,5,7,0
a woman in a pattern dress leans over a desk and uses a computer ,a woman shows off technical skills while looking feminine ,8,0,8,5,7,1
a woman  with a tattoo on her arm  is standing at a desk using a computer mouse ,a tattooed person is standing office furniture using a mouse ,2,0,13,8,18,1
a woman  with a tattoo on her arm  is standing at a desk using a computer mouse ,a woman  with a tattoo on her arm  is sitting on a couch using a computer mouse ,39,1,39,14,19,0
a group of people are sitting and looking at the scenery ,a man jumps into the air ,2,0,5,2,4,0
a group of people are sitting and looking at the scenery ,a group of people observing the scenery ,18,1,18,6,18,1
a jean baseball cap with the tommy hilfiger logo ,a black fedora with no logo ,2,0,6,3,9,0
a jean baseball cap with the tommy hilfiger logo ,a baseball cap with a brand name logo ,2,0,19,5,16,1
a man wearing a tommy hilfiger cap viewing the sites ,the man is site seeing ,0,0,5,2,6,1
a man wearing a tommy hilfiger cap viewing the sites ,the man is wearing a ralph lauren hat ,0,0,11,5,13,0
two women wearing sunglasses are walking next to each other and talking ,the women are having a conversation ,1,0,7,2,8,1
two women wearing sunglasses are walking next to each other and talking ,the women are ignoring each other ,1,0,12,4,14,0
two women  dressed in light clothing and both wearing sunglasses  walk in a partially shaded area ,the women are dressed in all black ,1,0,12,4,14,0
two women  dressed in light clothing and both wearing sunglasses  walk in a partially shaded area ,the women have something on their face ,1,0,7,1,5,1
two young women are holding a conversation while walking through a grass covered area ,the women are outside ,1,0,11,2,8,1
two young women are holding a conversation while walking through a grass covered area ,the women are asleep ,1,0,11,2,8,0
two women wearing white are walking ,a women are eating in restaurant ,0,0,7,2,8,0
two women wearing white are walking ,two women wearing white colour dress and walk together,24,1,24,4,17,1
a man is climbing up a large rocky mountain ,a man is climbing ,18,1,18,5,13,1
a man is climbing up a large rocky mountain ,a man is biking up a mountain ,9,0,10,6,13,0
a young man climbing on a rock with no shirt on,a baseball player jumps over a wall to catch a ball ,2,0,3,2,2,0
a young man climbing on a rock with no shirt on,a man is shirtless ,2,0,6,3,5,1
there is an oriental man climbing up a mountain ,there is a person going upwards on a mountain ,10,1,12,4,15,1
there is an oriental man climbing up a mountain ,there is a british man climbing down a mountain ,10,1,14,6,21,0
a rock climber grasps a ledge with his chalk covered hand ,a climber scaling an incline ,2,0,9,3,9,1
a rock climber grasps a ledge with his chalk covered hand ,a man sitting inside ,2,0,2,2,2,0
the girl is swimming with only her head above the water ,a girl is snorkeling at the bottom of the ocean ,0,0,10,4,10,0
the girl is swimming with only her head above the water ,the girl is swimming in the water ,21,1,21,6,17,1
a closeup of a shirtless man rock climbing ,the man is standing at the top of the mountain ,0,0,5,2,5,0
a closeup of a shirtless man rock climbing ,the man without a shirt is rock climbing ,0,0,15,5,15,1
a red haired man dancing ,the man is singing ,0,0,5,1,3,0
a red haired man dancing ,the man is dancing ,0,0,9,2,10,1
this girl is having so much fun on the swing ,the girl is sleeping ,2,0,9,3,9,0
this girl is having so much fun on the swing ,the girl is having fun,2,0,16,5,13,1
an aging rocker performs on stage in a sleeveless shirt and striped pants ,man watching his idol on stage,0,0,9,2,7,0
an aging rocker performs on stage in a sleeveless shirt and striped pants ,rocker performing on stage,0,0,14,3,13,1
a man in a pirate costume playing an instrument in a band ,there is a man dressed in pirate costume playing an instrument ,0,0,38,11,24,1
a man in a pirate costume playing an instrument in a band ,no pirates here,0,0,7,0,0,0
a man with a scarf on performs with his band on stage ,there are no instruments,0,0,2,0,0,0
a man with a scarf on performs with his band on stage ,a man is wearing a scard,6,0,7,3,5,1
people in pirate outfits are playing in a band ,some people are playing musical instruments ,0,0,13,3,16,1
people in pirate outfits are playing in a band ,the band is dressed in tuxedos  having drinks at the bar ,0,0,6,3,8,0
a white dog is running across a grassy field ,a dog is running around a field ,2,0,17,6,15,1
a white dog is running across a grassy field ,a black dog is walking home ,2,0,8,4,6,0
the boy is sliding down a metal slide ,a boy is sliding ,0,0,16,4,12,1
the boy is sliding down a metal slide ,a girl is playing on the see saw ,0,0,4,3,6,0
a girl whose head is sticking out of the water at her mouth ,the girl walks on the water ,0,0,11,3,12,0
a girl whose head is sticking out of the water at her mouth ,there is a girl in the water ,0,0,11,5,12,1
a man in a wheelchair and a blond woman play badminton with three youths ,the couple and children are running in a marathon ,0,0,6,5,6,0
a man in a wheelchair and a blond woman play badminton with three youths ,a couple plays with the children ,2,0,8,4,6,1
a person in a wheelchair plays a netted sport with three players in green shirts while being coached by an older woman off to his left ,the people are eating dinner ,0,0,4,0,0,0
a person in a wheelchair plays a netted sport with three players in green shirts while being coached by an older woman off to his left ,the people are playing a game ,0,0,6,3,3,1
people playing in a gym with a net ,people playing in a gym ,24,1,24,6,16,1
people playing in a gym with a net ,a doctor examining a patient ,0,0,4,2,2,0
people playing badminton in a gymnasium ,people are outside playing ,7,0,10,2,13,0
people playing badminton in a gymnasium ,people playing badminton in the gym ,28,1,28,4,22,1
a crippled women playing a sport ,a disabled woman is participating in a sport ,2,0,9,3,7,1
a crippled women playing a sport ,a baby yawns at his mother ,2,0,2,2,2,0
a smiling boy with a blue sweatshirt and camouflage shorts on a metal slide in the grass ,a smiling boy is in the grass ,14,1,14,8,15,1
a smiling boy with a blue sweatshirt and camouflage shorts on a metal slide in the grass ,a sad boy is being dragged home on the sidewalk ,3,0,6,6,8,0
a bearded man  and a girl in a red dress are getting married ,the two people are getting married ,0,0,21,3,17,1
a bearded man  and a girl in a red dress are getting married ,the beared man and the girl are getting a divorce ,0,0,13,8,14,0
a man with a white hat on a scooter ,a man is on a   wheeler ,6,0,6,5,6,1
a man with a white hat on a scooter ,the statue of liberty does the polka ,0,0,2,0,0,0
a white british airways plane on the airstrip ,there is a plane,0,0,6,2,6,1
a white british airways plane on the airstrip ,the plane is orange,0,0,7,2,8,0
people walking around on a busy sidewalk at night ,people walking around on a sidewalk at night ,27,1,27,8,21,1
people walking around on a busy sidewalk at night ,dogs walking around on a busy sidewalk at night ,0,0,44,8,21,0
a dog carries a very big stick through the water ,the dog carries the stick through water,0,0,15,6,19,1
a dog carries a very big stick through the water ,the dog is running over the field with a ball,0,0,5,4,7,0
the man wearing a colorful outfit is holding something in both hands and smiling for the camera ,the man is going to be in a picture ,8,0,8,6,9,1
the man wearing a colorful outfit is holding something in both hands and smiling for the camera ,there is a person smiling ,3,0,9,3,10,1
the man wearing a colorful outfit is holding something in both hands and smiling for the camera ,there is a woman taking a picture ,3,0,6,2,3,0
the man wearing a colorful outfit is holding something in both hands and smiling for the camera ,nobody had a camera ,0,0,8,2,7,0
the man wearing a colorful outfit is holding something in both hands and smiling for the camera ,a man is starting a forest fire,0,0,6,3,6,0
the man wearing a colorful outfit is holding something in both hands and smiling for the camera ,a person in an outfit ,0,0,8,3,9,1
the man wearing a colorful outfit is holding something in both hands and smiling for the camera ,a girl takes pictures of a sad man,0,0,4,2,4,0
the man wearing a colorful outfit is holding something in both hands and smiling for the camera ,a man posing happily for the camera,0,0,15,6,12,1
the man wearing a colorful outfit is holding something in both hands and smiling for the camera ,the man is asleep ,8,0,8,4,9,0
the man wearing a colorful outfit is holding something in both hands and smiling for the camera ,a man holds something and smiles,0,0,11,4,15,1
children watching a man and another child in front of them ,children observe other people ,9,0,9,1,8,1
ten men inspect and gather huge fishing nets on a sandy beach ,ten men are out at sea deep sea fishing for swordfish and tuna ,8,0,9,4,13,0
ten men inspect and gather huge fishing nets on a sandy beach ,there are huge fishing nets gathered on a beach ,1,0,19,6,16,1
ten men inspect and gather huge fishing nets on a sandy beach ,two men inspect fishing nets on a beach ,1,0,19,7,19,1
ten men inspect and gather huge fishing nets on a sandy beach ,a group of men are working with fishing nets ,0,0,14,4,14,1
ten men inspect and gather huge fishing nets on a sandy beach ,people inspecting,0,0,8,0,0,1
ten men inspect and gather huge fishing nets on a sandy beach ,an empty field ,0,0,3,0,0,0
ten men inspect and gather huge fishing nets on a sandy beach ,two women inspect fishing nets on a beach to catch fish to eat ,1,0,19,6,19,0
ten men inspect and gather huge fishing nets on a sandy beach ,ten men playing football on the beach ,8,0,8,4,11,0
ten men inspect and gather huge fishing nets on a sandy beach ,ten men on a beach ,8,0,8,5,11,1
ten men inspect and gather huge fishing nets on a sandy beach ,the men are going to bed ,1,0,5,1,3,0
a man in a white jacket puts on a public magic show and uses a child as a volunteer as the crowd watches ,a man in only a red robe puts on a magic show ,9,0,12,11,13,0
a man in a white jacket puts on a public magic show and uses a child as a volunteer as the crowd watches ,a group of people are watching a show ,2,0,6,6,6,1
a girl does a cartwheel in the street while people watch from the sidewalk ,the girl is skating with a dog on her shoulders ,0,0,6,5,10,0
a girl does a cartwheel in the street while people watch from the sidewalk ,there are people outside ,0,0,9,1,6,1
someone in shorts is somersaulting in front of a crowd ,the person is wearing shorts,0,0,7,2,8,1
someone in shorts is somersaulting in front of a crowd ,the crowd is beating the person,0,0,7,2,7,0
several men making a net on a beach ,the men are cleaning their guns before battle ,0,0,5,1,3,0
several men making a net on a beach ,men are crafting rope in a more useful object ,0,0,4,3,5,1
the person in the black shirt performed a stunt in the street while the crowd watched ,there is a person thats wearing a black shirt ,3,0,13,4,16,1
the person in the black shirt performed a stunt in the street while the crowd watched ,there are a group of people watching a stunt performance indoors ,3,0,9,2,6,0
soldiers in uniform holding guns ,there are guns present ,0,0,6,1,4,1
soldiers in uniform holding guns ,boys are playing with cap guns ,0,0,6,1,4,0
several people dressed in like jerseys roll an old cannon during a competition ,several people are rolling a cannon ,15,1,15,4,19,1
several people dressed in like jerseys roll an old cannon during a competition ,the people and the like jerseys are playing volleyball ,0,0,14,3,17,0
a man and a woman playfully fight and hang from support railings in a subway car ,a man and woman sit quietly on a bus ,10,1,10,7,11,0
a man and a woman playfully fight and hang from support railings in a subway car ,a man and woman are being playful in a subway car ,10,1,17,10,14,1
the boy is coming down the amusement slide on his knees ,the boy is on the swing ,11,1,11,5,9,0
the boy is coming down the amusement slide on his knees ,the boy is coming down the slide ,27,1,27,7,15,1
a boy wearing all black is sliding down a blow up yellow slide ,a boy goes down a slide ,6,0,8,5,12,1
a boy wearing all black is sliding down a blow up yellow slide ,a boy jumps in the pool ,6,0,6,3,5,0
boy sliding down a slide on his knees ,a boy sliding down a slide ,0,0,25,5,16,1
boy sliding down a slide on his knees ,a boy running up a slide ,0,0,9,3,9,0
a kid in black going down an inflatbale slide ,the inflatable slide is sitting collapsed along the ground ,0,0,9,1,5,0
a kid in black going down an inflatbale slide ,a child plays on an inflatable slide ,2,0,11,3,8,1
a boy speeding down a steep slide ,a boy swinging in the air,7,0,7,3,5,0
a boy speeding down a steep slide ,a boy is on playground equipment,6,0,6,3,5,1
a man wearing a yellow shirt is looking down and standing in front of a window next to a box ,a woman wearing a yellow shirt is looking up ,2,0,38,9,20,0
a man wearing a yellow shirt is looking down and standing in front of a window next to a box ,a man wearing a yellow shirt is looking down ,45,1,45,11,20,1
two men on a dock preparing freshly caught fish ,two men are fishing off a pier ,8,0,8,3,7,0
two men on a dock preparing freshly caught fish ,a couple men are cleaning their fish on a dock ,0,0,11,5,11,1
two men standing on a pier over a captured fish ,a couple of men stand by a caught fish,0,0,10,4,8,1
two men standing on a pier over a captured fish ,two women stomp on a rubber toy fish,4,0,6,5,9,0
a gray haired man in a sleeveless shirt and another older gentleman in all white look to their left while standing on a pier with a fish ,the men on the pier caught a fish ,0,0,8,7,10,1
a gray haired man in a sleeveless shirt and another older gentleman in all white look to their left while standing on a pier with a fish ,the men are sitting on a pier catching fish ,0,0,14,7,10,0
two men standing on a dock looking and pointing at boats ,a pair of men are looking at boats ,0,0,13,5,15,1
two men standing on a dock looking and pointing at boats ,a pair of men are watching television ,0,0,5,2,4,0
a laughing baby is surrounded by balls of various colors ,a laughing baby is surrounded by balls ,39,1,39,7,23,1
a laughing baby is surrounded by balls of various colors ,an old man is surrounded by balls ,1,0,24,4,17,0
little girl lying in many colored plastic balls ,a little girl is buried in colored plastic balls ,0,0,23,6,20,1
little girl lying in many colored plastic balls ,a little girl is playing baseball ,0,0,12,2,10,0
three greyhounds are racing on a track at night ,three pitbulls are racing on a track ,6,0,24,6,16,0
three greyhounds are racing on a track at night ,the greyhounds are racing on a track ,2,0,35,6,21,1
a smiling child is surrounded by colored balls ,a child is frowning,2,0,10,3,8,0
a smiling child is surrounded by colored balls ,a child is happy,2,0,10,3,8,1
a young woman sitting on a large tool chest paints her face silver ,the woman paints her face ,0,0,17,4,15,1
a young woman sitting on a large tool chest paints her face silver ,the woman is removing her makeup ,0,0,7,2,8,0
a young blond haired woman wearing blue jeans and black sweater  applying facial makeup ,a woman naps on her couch ,2,0,7,2,6,0
a young blond haired woman wearing blue jeans and black sweater  applying facial makeup ,the woman has blond hair ,0,0,11,2,10,1
next to a green field  young blond woman sitting outside on a gray trunk applying makeup to her face ,the young blond woman is outdoors ,0,0,19,3,15,1
next to a green field  young blond woman sitting outside on a gray trunk applying makeup to her face ,the woman is running in the park ,0,0,7,1,5,0
a distressed couch sits in front of a graffiti covered wall  while a woman looks and smiles ,she is window shopping ,0,0,2,0,0,0
a distressed couch sits in front of a graffiti covered wall  while a woman looks and smiles ,she is looking at the furniture ,0,0,5,0,0,1
a woman focuses her canon dlp  surrounded by green trees and grass ,a woman throws her camera at a tree screaming ,8,0,8,3,9,0
a woman focuses her canon dlp  surrounded by green trees and grass ,a woman is using her camera outside ,8,0,8,3,9,1
dark hair woman taking a photo with a canon camera that has a large zoom ,she is having a pedicure at the salon,0,0,7,3,3,0
dark hair woman taking a photo with a canon camera that has a large zoom ,there is a woman in this picture,0,0,7,4,7,1
a woman wearing several bracelets holds a canon photograph up to take a photo ,a woman holds up a canon to take a photo ,8,0,17,10,15,1
a woman wearing several bracelets holds a canon photograph up to take a photo ,a woman tries to run from police for shoplifting ,8,0,8,5,8,0
a man wearing a yellow hard hat is pulling on a rope ,a man wearing a yellow hard hat is pulling hard on a rope pulley,43,1,43,12,20,1
a man wearing a yellow hard hat is pulling on a rope ,a man pulls a rope and rings a bell,6,0,8,5,8,0
a man in a yellow work helmet has a rope in his hand ,a lady is working in an office ,2,0,5,5,5,0
a man pulling on a rope  he s doing this wearing a yellow hard hat ,a woman is pulling on a rope  while wearing a red hat ,2,0,20,8,18,0
a man pulling on a rope  he s doing this wearing a yellow hard hat ,a man is pulling a rope ,6,0,9,6,14,1
a lady is taking a photo using a canon camera ,there is a woman that is taking photos ,0,0,11,5,9,1
a lady is taking a photo using a canon camera ,there is a woman on a bench in a park ,0,0,4,4,4,0
a middle aged man with a black and white shirt building an airplane in a field with cars all around ,a man is building something ,3,0,10,5,12,1
a middle aged man with a black and white shirt building an airplane in a field with cars all around ,a man is building a large sandcastle on the beach ,3,0,11,5,12,0
official looking people view a map ,people look at a map ,0,0,7,3,10,1
official looking people view a map ,kids make their own treasure map ,0,0,5,1,3,0
a group of men are looking at multiple maps ,men are reading books together ,0,0,8,2,6,0
a group of men are looking at multiple maps ,men are looking at maps together ,0,0,20,5,14,1
five men looking at a topographical map ,the map is looked at,0,0,5,2,5,1
five men looking at a topographical map ,the men are blind and are sleeping,0,0,6,1,3,0
a group of workers are staring at a map and two men are pointing at the map ,the men and workers are deciding where to go for lunch ,0,0,13,6,13,0
a group of workers are staring at a map and two men are pointing at the map ,the men and workers are discussing a location,0,0,13,8,13,1
a group of men is standing around a table and looking at a map , a group of men is standing ,0,0,27,8,16,1
a group of men is standing around a table and looking at a map ,a group of men sleeping in the hay ,15,1,15,6,10,0
two motorcyclist neck to neck about to take a turn,two motorcycle drivers making a turn simultaneously ,13,1,13,3,8,1
two motorcyclist neck to neck about to take a turn,a motorcycle collision ,0,0,10,1,1,0
two motorcyclist racing on an inclined track ,there is a motorcycle race ,1,0,10,0,0,1
two motorcyclist racing on an inclined track ,the track in the picture is not perfectly flat ,1,0,7,1,5,1
two motorcyclist racing on an inclined track ,two people on bikes are driving on a track ,4,0,8,3,10,1
two motorcyclist racing on an inclined track ,the cat runs away from the dog on a motorcycle ,1,0,10,1,2,0
two motorcyclist racing on an inclined track ,cars are racing around a track ,0,0,8,2,11,0
two motorcyclist racing on an inclined track ,motorcyclist wearing his gloves before race,0,0,13,1,12,0
two motorcyclist racing on an inclined track ,two motorcyclists are standing near their bikes ,16,1,16,1,3,0
two motorcyclist racing on an inclined track ,two motorcyclists are outside ,16,1,16,1,3,1
two motorcyclist racing on an inclined track ,the only vehicle that anyone who is visible has ever driven is a car or suv ,1,0,3,0,0,0
two motorcyclist racing on an inclined track ,two motorcyclist racing,23,1,23,3,21,1
two motorcycle drivers race around a bend at high speeds wearing highly florescent yellow  blue and green colors ,the drivers are racing,1,0,10,1,7,1
two motorcycle drivers race around a bend at high speeds wearing highly florescent yellow  blue and green colors ,the drivers are sleeping,1,0,10,1,7,0
two motorcyclists racing neck and neck around a corner ,motorcyclists are in a close race around a corner ,0,0,17,4,25,1
two motorcyclists racing neck and neck around a corner ,the motorcyclists are indoors ,1,0,15,1,13,0
two motorcyclists racing neck and neck around a corner ,motorcyclists are stopped at a stop sign ,0,0,14,2,14,0
two motorcyclists racing neck and neck around a corner ,two bicyclists are racing around a corner ,4,0,17,5,18,0
two motorcyclists racing neck and neck around a corner ,two motorcyclists race ,21,1,21,2,16,1
two motorcyclists racing neck and neck around a corner ,the motorcyclists are moving fast ,1,0,15,1,13,1
two motorcyclists racing neck and neck around a corner ,two motorcycles drive themselves around a corner ,13,1,17,4,15,0
two motorcyclists racing neck and neck around a corner ,the two motorcyclists are racing each other ,1,0,18,3,22,1
two motorcyclists racing neck and neck around a corner ,the motorcyclists didn t finish the race ,1,0,15,1,13,0
two motorcyclists racing neck and neck around a corner ,two motorcyclists are riding their bikes ,18,1,18,2,16,1
two motorcycle racers are in a close race ,two people are competing ,4,0,5,2,6,1
two motorcycle racers are in a close race ,some people are inspecting their motorcycles ,0,0,11,1,3,0
three men standing with drinks in their hands having a conversation under an outdoor shelter  one man appears to be wearing a jewish cap ,two men making fun of jewish cap,1,0,11,3,12,0
three men standing with drinks in their hands having a conversation under an outdoor shelter  one man appears to be wearing a jewish cap ,three men in a shelter,10,1,10,6,15,1
three older men  one with a yarmulke  one with glasses  and one with a striped shirt are talking ,people having a conversation ,0,0,4,2,2,1
three older men  one with a yarmulke  one with glasses  and one with a striped shirt are talking ,a girl getting a haircut ,0,0,4,2,2,0
three gentle men having a discussion about the seminar they just attended in florida ,the boys enjoyed the florida beach ,2,0,9,2,10,0
three gentle men having a discussion about the seminar they just attended in florida ,the men talked about their seminar in florida ,2,0,12,6,19,1
a man in a blue hard hat and orange safety vest stands in an intersection while holding a flag ,the man is dancing on stage ,0,0,6,1,3,0
a man in a blue hard hat and orange safety vest stands in an intersection while holding a flag ,a man in a hard hat is standing at an intersection with a flag ,11,1,18,11,20,1
a man in a blue hard hat and orange safety vest stands in an intersection while holding a flag ,a man in an orange hard hat is standing at the intersection ,10,1,14,11,22,0
a man in a blue hard hat and orange safety vest stands in an intersection while holding a flag ,a person is dressed to be easily seen ,2,0,3,3,3,1
a man in a blue hard hat and orange safety vest stands in an intersection while holding a flag ,a man is holding a flag ,7,0,16,6,14,1
a man in a blue hard hat and orange safety vest stands in an intersection while holding a flag ,the village people have reunited ,0,0,4,0,0,0
a man in a blue hard hat and orange safety vest stands in an intersection while holding a flag ,a road worker stands at a intersection working ,2,0,15,5,19,1
a man in a blue hard hat and orange safety vest stands in an intersection while holding a flag ,the man has on a blue vest ,0,0,9,6,11,0
a man in a blue hard hat and orange safety vest stands in an intersection while holding a flag ,a man stands at an intersection ,6,0,17,7,21,1
a man in a blue hard hat and orange safety vest stands in an intersection while holding a flag ,the road worker at the intersection had a pirate flag ,0,0,14,5,17,0
three men talking to each other and drinking ,three women are going for a bike ride ,6,0,6,1,5,0
three men talking to each other and drinking ,three men are drinking and talking ,10,1,10,5,20,1
a man leaning on his chair while an old couple dances next to him ,a man showing off his dance moves on the floor ,6,0,6,4,8,0
a man leaning on his chair while an old couple dances next to him ,a man sitting while people dance ,6,0,9,3,9,1
a large group of computer gamers are arranged in a row while playing games ,a group of people are playing dungeons and dragons at a table ,2,0,10,6,15,0
a large group of computer gamers are arranged in a row while playing games ,a group of people are playing computer games ,2,0,14,8,20,1
a bunch of young adults stare in concentration at their computer monitors as they competitively game ,a group of children are putting together a jigsaw puzzle on a low table ,2,0,4,2,3,0
a bunch of young adults stare in concentration at their computer monitors as they competitively game ,some young people are playing computer games ,0,0,10,2,13,1
a woman squatting in dirt with a large bin of potatoes in front of her ,the woman is sitting in the bleachers ,0,0,9,3,9,0
a woman squatting in dirt with a large bin of potatoes in front of her ,the woman is outside ,0,0,7,1,5,1
a larger man in a leaf printed shirt is working with his remote controlled airplane ,a heavyset man in a leaf printed shirt is playing with an rc airplane ,2,0,32,10,20,1
a larger man in a leaf printed shirt is working with his remote controlled airplane ,a woman in a business suit is drinking coffe ,2,0,9,4,5,0
a woman stands on a sidewalk behind a table filled with hats ,the lady is standing on a walkway ,0,0,6,4,4,1
a woman stands on a sidewalk behind a table filled with hats ,the lady is running ,0,0,2,0,0,0
a group of people enjoying a thrill ride at an amusement park ,people at the amusement park,0,0,15,4,19,1
a group of people enjoying a thrill ride at an amusement park ,hard at work in the steel mill,0,0,4,1,2,0
two people in a crowd are looking up,there is a crowd of people,1,0,9,3,12,1
two people in a crowd are looking up,there is only one person their waiting,1,0,3,0,0,0
people looking up at the sky at something ,people close their eyes  bow their heads  and pray ,7,0,7,1,6,0
people looking up at the sky at something ,people look up ,11,1,11,2,8,1
a crowd of people gathered together looking up and taking pictures ,a crowd gathers together ,8,0,10,3,14,1
a crowd of people gathered together looking up and taking pictures ,a group of people are swimming in the community pool ,2,0,11,3,9,0
many people are crowded together  with a couple of them looking upwards ,some people looked above them ,0,0,8,2,10,1
many people are crowded together  with a couple of them looking upwards ,the crowd were all looking at their cell phones ,0,0,9,1,7,0
a young woman wearing a colorful flower shirt is taking a photo on a busy street ,a man is hunting animals ,2,0,5,5,4,0
a young woman wearing a colorful flower shirt is taking a photo on a busy street ,a woman is on a street,2,0,7,8,13,1
asian spectators ,people are watching,0,0,2,0,0,1
asian spectators ,the englishmen are playing a soccer game ,0,0,2,0,0,0
a man holding a glass and talking to an elderly woman ,a man is hitting the elderly woman ,6,0,15,5,15,0
a man holding a glass and talking to an elderly woman ,a man is talking to an old woman ,6,0,15,7,15,1
a motorcyclist drives up the side of a green mountain while another bike remains stationary ,a person is riding a motorcyle ,2,0,9,2,2,1
a motorcyclist drives up the side of a green mountain while another bike remains stationary ,a biker drives up a mountain with his friend waiting on the foot of it ,2,0,11,7,17,1
a motorcyclist drives up the side of a green mountain while another bike remains stationary ,while one bike remains stationary  a driver of another motorcycle drives up a green mountain ,0,0,25,12,25,1
a motorcyclist drives up the side of a green mountain while another bike remains stationary ,a bicycle is cruising the streets ,2,0,6,3,5,0
a motorcyclist drives up the side of a green mountain while another bike remains stationary ,a motorcycle is going up the side of a mountain ,11,1,18,7,15,1
a motorcyclist drives up the side of a green mountain while another bike remains stationary ,one biker chases another on a mountain road ,0,0,10,4,16,0
a motorcyclist drives up the side of a green mountain while another bike remains stationary ,two motorcylists are driving up a mountain ,0,0,10,4,11,0
a motorcyclist drives up the side of a green mountain while another bike remains stationary ,a motorcylist is driving ,9,0,9,2,2,1
a motorcyclist drives up the side of a green mountain while another bike remains stationary ,two cyclists drove down the side of a brown mountain ,0,0,15,6,15,0
a motorcyclist drives up the side of a green mountain while another bike remains stationary ,two motorcycles are driving up a mountain ,0,0,10,4,11,0
a man is wearing an alaska sweatshirt ,the man is wearing a sweatshirt ,0,0,17,5,20,1
a man is wearing an alaska sweatshirt ,the man is not wearing a shirt ,0,0,10,4,12,0
a man talking to old woman in restaurant while holding a wineglass ,this man doesn t drink ,0,0,5,1,3,0
a man talking to old woman in restaurant while holding a wineglass ,the man and woman talk,0,0,8,2,8,1
a man wearing an alaska sweatshirt and a baseball cap is buying lottery tickets ,dogs are not paying,0,0,4,0,0,0
a man wearing an alaska sweatshirt and a baseball cap is buying lottery tickets ,after a game a man wearing an alaska shirt and baseball cap is buying scratchers,1,0,25,11,21,1
a man in a blue sweater is talking to a gray headed lady ,a man and lady are talking ,6,0,9,6,14,1
a man in a blue sweater is talking to a gray headed lady ,a man is sitting alone ,7,0,7,5,6,0
a wedding party walks out of a building ,the bride and groom walk into the ocean ,0,0,5,0,0,0
a wedding party walks out of a building ,the bride and groom walk outside ,0,0,5,0,0,1
a brown dog is licking its nose ,a black dog is licking themselves ,3,0,16,4,12,0
a brown dog is licking its nose ,a dog is using it s tongue to clean their nose ,2,0,8,4,9,1
people mingle in a crowded bar ,the room has wide expanses of empty floor ,0,0,2,0,0,0
people mingle in a crowded bar ,the people are predominately adults ,0,0,7,1,6,1
a man in a hawaiian shirt putting together an airplane model ,the man is wearing a shirt ,0,0,7,4,9,1
a man in a hawaiian shirt putting together an airplane model ,the man is building a house ,0,0,6,3,5,0
several people standing around at a party ,no one showed up to the party,0,0,6,1,5,0
several people standing around at a party ,people at a party,0,0,11,4,13,1
a group of people  holding drinks are standing around talking ,some people are holding beverages ,0,0,9,3,16,1
a group of people  holding drinks are standing around talking ,the people are sitting in a hot tub ,0,0,8,3,10,0
a brown dog with his tongue out looks at the camera ,a dog has his mouth open,2,0,5,3,7,1
a brown dog with his tongue out looks at the camera ,a dog sleeps at the pound,2,0,9,4,8,0
a brown dog with his tongue out looks at the camera ,the brown dog pauses to look at the camera ,0,0,15,5,14,1
a brown dog with his tongue out looks at the camera ,a dog poses for a picture,2,0,5,2,4,1
a brown dog with his tongue out looks at the camera ,an animal is looking at the camera ,1,0,15,3,11,1
a brown dog with his tongue out looks at the camera ,the black dog with his tongue out looked away from the camera ,0,0,29,7,16,0
a brown dog with his tongue out looks at the camera ,a dog looks at the camera,2,0,20,6,14,1
a brown dog with his tongue out looks at the camera ,a brown dog chewing on a bone ,12,1,12,3,9,0
a brown dog with his tongue out looks at the camera ,a chipmunk,2,0,2,1,1,0
a brown dog with his tongue out looks at the camera ,the dog is running around,0,0,5,2,6,0
a woman in a green shirt swinging  with only one shoe on ,a man in track shoes running ,2,0,7,3,4,0
a woman in a green shirt swinging  with only one shoe on ,a woman who lost a shoe playing on a swing ,8,0,8,5,11,1
a woman in glasses with short  dark hair wearing light capri style pants  green t shirt and sandals on a swing ,a man is sitting on a swing ,2,0,12,4,8,0
a woman in glasses with short  dark hair wearing light capri style pants  green t shirt and sandals on a swing ,a woman is sitting on a swing ,9,0,12,5,12,1
a woman who has lost one shoe is swinging ,a man falls off a swing ,2,0,6,1,1,0
a woman who has lost one shoe is swinging ,a woman wearing only one shoe swings ,9,0,10,4,12,1
a black motorcycle parked in a parking lot in front of a grass filled hill ,red motorcycle tipped over,0,0,12,1,10,0
a black motorcycle parked in a parking lot in front of a grass filled hill ,black bike parked,0,0,8,2,11,1
a woman on a swing is wearing one shoe ,the woman was watching tv with one shoe,0,0,9,3,12,0
a woman on a swing is wearing one shoe ,a woman on a swing is wearing one shoe,38,1,38,9,17,1
three people are jogging together in a race ,there are three horses running in a race ,2,0,11,5,12,0
three people are jogging together in a race ,there are three people in a race jogging together ,2,0,19,8,21,1
an artist painting standing in the street painting his scenery of a red and white building ,there is a clown laughing in a hotel room ,0,0,7,2,3,0
an artist painting standing in the street painting his scenery of a red and white building ,there is an artist painting while standing in the street ,0,0,24,8,24,1
a person picking garbanzo beans with her bear hands ,a gardener picks raspberries with leathe gloves ,2,0,7,2,5,0
a person picking garbanzo beans with her bear hands ,a person is outdoors gardening with no gloves on ,9,0,9,3,11,1
a man in a robe is riding a donkey down a street ,the man is going for a ride on an animal,0,0,6,6,6,1
a man in a robe is riding a donkey down a street ,the man is riding a horse,0,0,13,7,11,0
a man in a blue outfit is riding a small horse ,the man is riding a small horse ,0,0,25,8,16,1
a man in a blue outfit is riding a small horse ,the man rode a gigantic horse ,0,0,7,5,9,0
a man in blue clothing and a white turban rides a white horse past a vivid green tree and a orange and white house with purple fixtures ,a man rides a horse ,6,0,11,8,13,1
a man in blue clothing and a white turban rides a white horse past a vivid green tree and a orange and white house with purple fixtures ,the man is riding a horse into a tree ,0,0,7,8,12,0
a man in blue clothing and a white turban rides a white horse past a vivid green tree and a orange and white house with purple fixtures ,the man rides past a vivid green tree ,0,0,25,11,15,1
a man in blue clothing and a white turban rides a white horse past a vivid green tree and a orange and white house with purple fixtures ,the man is at a baseball game ,0,0,6,6,5,0
a man in blue clothing and a white turban rides a white horse past a vivid green tree and a orange and white house with purple fixtures ,a gentleman enjoys horseriding in front of a colorful home ,2,0,6,6,4,1
a man in blue clothing and a white turban rides a white horse past a vivid green tree and a orange and white house with purple fixtures ,a man in a white turban is mowing his lawn ,9,0,16,11,16,0
a man in blue clothing and a white turban rides a white horse past a vivid green tree and a orange and white house with purple fixtures ,a man rides a horse,6,0,11,8,13,1
a man in blue clothing and a white turban rides a white horse past a vivid green tree and a orange and white house with purple fixtures ,a man rides off with his beloved  carrying her on his noble stallion ,6,0,9,8,12,0
a man in blue clothing and a white turban rides a white horse past a vivid green tree and a orange and white house with purple fixtures ,there is a man riding a horse by a bright tree and a colorful house ,0,0,12,12,14,1
a man in blue clothing and a white turban rides a white horse past a vivid green tree and a orange and white house with purple fixtures ,the man is driving a car,0,0,6,6,5,0
a man riding a donkey in front of a mustard building ,a man is riding an animal ,6,0,9,5,10,1
a man riding a donkey in front of a mustard building ,a man is riding a bike through a park ,6,0,10,5,10,0
a player on the white and blue team kicks a soccer ball toward his teammate while players on the red team watch ,the two players kicking the ball are on opposing teams ,0,0,9,6,14,0
a player on the white and blue team kicks a soccer ball toward his teammate while players on the red team watch ,two teams of people are playing soccer ,0,0,8,1,6,1
a player on the white and blue team kicks a soccer ball toward his teammate while players on the red team watch ,a bunch of people play soccer,2,0,7,3,8,1
a player on the white and blue team kicks a soccer ball toward his teammate while players on the red team watch ,a player on a team passes a basketball ,12,1,12,7,14,0
a player on the white and blue team kicks a soccer ball toward his teammate while players on the red team watch ,a player passes the soccer ball to his teammate while the other team watches ,9,0,20,12,20,1
a player on the white and blue team kicks a soccer ball toward his teammate while players on the red team watch ,a basketball game is going on at a park ,2,0,5,4,5,0
a player on the white and blue team kicks a soccer ball toward his teammate while players on the red team watch ,people are playing sports ,0,0,6,0,0,1
a player on the white and blue team kicks a soccer ball toward his teammate while players on the red team watch ,a player on the white and blue team hits a baseball towards his teammate while the players on the red team aren t looking ,36,1,36,17,21,0
a player on the white and blue team kicks a soccer ball toward his teammate while players on the red team watch ,a bunch of people cook eggs on a soccer field,2,0,10,5,10,0
a player on the white and blue team kicks a soccer ball toward his teammate while players on the red team watch ,the white and blue team are kicking the ball around ,0,0,24,8,13,1
a soccer player dressed in blue and white is kicking the ball to his teammate while other teammates and opponents dressed in red watch ,a goalie is holding a soccer ball ,2,0,9,4,12,0
a soccer player dressed in blue and white is kicking the ball to his teammate while other teammates and opponents dressed in red watch ,a soccer game is being played ,9,0,9,3,9,1
a soccer player dressed in blue and white is kicking the ball to his teammate while other teammates and opponents dressed in red watch ,there is a soccer match ,0,0,9,3,9,1
a soccer player dressed in blue and white is kicking the ball to his teammate while other teammates and opponents dressed in red watch ,a soccer player is kicking a ball to his teammate ,16,1,22,9,21,1
a soccer player dressed in blue and white is kicking the ball to his teammate while other teammates and opponents dressed in red watch ,one team s colors are blue and white and the other team s color is red ,0,0,16,8,14,1
a soccer player dressed in blue and white is kicking the ball to his teammate while other teammates and opponents dressed in red watch ,a soccer player is standing on the sidelines ,16,1,16,5,15,0
a soccer player dressed in blue and white is kicking the ball to his teammate while other teammates and opponents dressed in red watch ,the teams are wearing blue and red ,0,0,10,5,10,1
a soccer player dressed in blue and white is kicking the ball to his teammate while other teammates and opponents dressed in red watch ,the teams are wearing pink and orange ,0,0,6,3,9,0
a soccer player dressed in blue and white is kicking the ball to his teammate while other teammates and opponents dressed in red watch ,the ball is a tennis ball ,0,0,9,4,9,0
a soccer player dressed in blue and white is kicking the ball to his teammate while other teammates and opponents dressed in red watch ,a red team and a blue team play basketball ,2,0,6,5,10,0
past the tree  a man is riding a donkey ,the man rides a horse,0,0,5,4,7,0
past the tree  a man is riding a donkey ,the man is on a donkey,0,0,9,6,12,1
a group of kids in red and white playing soccer ,some kids are playing ball ,0,0,10,2,11,1
a group of kids in red and white playing soccer ,a group of kids are running track ,16,1,16,4,11,0
a man in a cap and scarf is outside painting a scene with a green fence in it ,the man is destorying a masterpiece ,0,0,6,6,6,0
a man in a cap and scarf is outside painting a scene with a green fence in it ,the man is painting ,0,0,10,3,13,1
a dog jumping with a ball in its mouth ,a cat with a ball,2,0,12,4,9,0
a dog jumping with a ball in its mouth ,a dog with a ball,6,0,13,5,11,1
an elderly man and woman are ready to maneuver a contraption ,a man and woman are sleeping in bed,1,0,19,5,11,0
an elderly man and woman are ready to maneuver a contraption ,a man and woman are maneuvering a contraption,1,0,19,6,19,1
a bicyclist with a backpack rides down a suburban street ,a bike rider is traveling along the street,4,0,7,4,8,1
a bicyclist with a backpack rides down a suburban street ,a bike rider crashes his bike,4,0,5,3,3,0
there is a fisherman standing in front of a large wave ,fisherman laying on a beach chair,0,0,10,3,11,0
there is a fisherman standing in front of a large wave ,fisherman standing in water,0,0,22,3,19,1
heavy equipment leveling the sand on a nice beach ,people are walking along the beach ,0,0,8,2,8,0
heavy equipment leveling the sand on a nice beach ,heavy equipment is on the beach ,16,1,16,5,19,1
heavy equipment leveling the sand on a nice beach ,people are working today ,0,0,5,0,0,1
a child in a blur shirt playing in a flower bed ,a child is playing,9,0,9,5,13,1
a child in a blur shirt playing in a flower bed ,the child watched a movie,0,0,7,4,7,0
workers in baseball hats in their bright office ,two workers are playing frisbee outside ,0,0,8,1,7,0
workers in baseball hats in their bright office ,two workers are inside an office building ,0,0,8,2,13,1
a man looks out over the water with an object in his hand ,a man looks over the water ,13,1,16,6,14,1
a man looks out over the water with an object in his hand ,a man is swimming in the water while he stands on the ground looking at the water ,6,0,12,5,11,0
two people in baseball caps are sitting inside a large office space and looking at a computer screen ,the people are outdoors ,1,0,8,2,9,0
two people in baseball caps are sitting inside a large office space and looking at a computer screen ,the people are indoors ,1,0,8,2,9,1
two people in light colored baseball caps looking at two computer monitors in front of them ,people look at computers,0,0,9,2,8,1
two people in light colored baseball caps looking at two computer monitors in front of them ,woman golfs outside,0,0,2,0,0,0
two employees wearing white caps are working at two computer screens in a dimly lit room ,in a dimly lit room  two employees wearing white caps are working on computer,0,0,45,14,24,1
two employees wearing white caps are working at two computer screens in a dimly lit room ,few men cooking with a metal box,0,0,5,1,1,0
two people in white hats look at a computer screen ,people stare up at the moon ,0,0,7,2,8,0
two people in white hats look at a computer screen ,people looking at a computer ,0,0,15,4,16,1
a person on a blue scooter waits at a crosswalk ,person riding a blue scooter,0,0,15,6,17,1
a person on a blue scooter waits at a crosswalk ,person riding a blue car,0,0,8,5,11,0
an asian person is sitting in the street on a motorbike ,someone is outside on the street ,0,0,13,4,11,1
an asian person is sitting in the street on a motorbike ,someone is parking their motorbike in the garage ,0,0,11,4,14,0
a man with a helmet and a cellphone is sitting on his moped at a crosswalk ,woman chases greased pig,0,0,4,0,0,0
a man with a helmet and a cellphone is sitting on his moped at a crosswalk ,man uses phone on busy street,0,0,6,2,5,1
an asian man wearing a blue and white striped shirt speaks on the phone while he is sitting on a silver colored motorbike at a crosswalk ,an asian man wearing a blue and white striped shirt speaks on the phone while he is sitting on a silver colored motorbike that is going really fast down a freeway ,122,1,122,24,23,0
an asian man wearing a blue and white striped shirt speaks on the phone while he is sitting on a silver colored motorbike at a crosswalk ,a man sitting on a motorbike is on his phone ,1,0,14,10,21,1
a man sits on a blue scooter in the street ,the man is at the mall ,0,0,5,2,6,0
a man sits on a blue scooter in the street ,the man is outside ,0,0,5,2,6,1
indoor scene of a woman in yellow with her back to the camera  and a man wearing a bandanna looking at something across the room ,everybody is looking at their hands ,0,0,12,2,9,0
indoor scene of a woman in yellow with her back to the camera  and a man wearing a bandanna looking at something across the room ,someone is inside ,0,0,4,0,0,1
a woman wearing glasses sits and looks to the right ,i m standing on my head ,0,0,4,0,0,0
a woman wearing glasses sits and looks to the right ,a woman sits ,8,0,8,3,10,1
it appears they are setting up for the meet ,the people are moving things,0,0,5,2,6,1
it appears they are setting up for the meet ,the people are meeting on mars,0,0,6,2,6,0
a man in a black bandanna opens a box ,a man in a red hat throws a box ,11,1,11,6,8,0
a man in a black bandanna opens a box ,a person has a box and is looking inside ,2,0,8,4,5,1
a shirtless man poses with a girl hiking in a park ,man and woman in formal attire  ready for a meeting ,0,0,4,5,6,0
a shirtless man poses with a girl hiking in a park ,shirtless man posing with a girl in a park ,0,0,17,9,17,1
a woman in red wears glasses and long earrings ,the woman is a nudist being nude,0,0,8,2,6,0
a woman in red wears glasses and long earrings ,a woman in red,14,1,14,4,10,1
a closely contested swimming race ,the water is frozen ,0,0,2,0,0,0
a closely contested swimming race ,there is water in the photo ,0,0,2,0,0,1
two men and one woman are dressed in costume hats ,the people are in costumes,1,0,11,2,5,1
two men and one woman are dressed in costume hats ,the people are running through fire,1,0,5,1,3,0
three people dressed in costumes on a stage ,the people are not in normal clothing ,2,0,9,2,8,1
three people dressed in costumes on a stage ,the people are working at an office ,2,0,9,1,6,0
people in strange costumes in a play ,people perform in a play ,7,0,11,5,12,1
people in strange costumes in a play ,a group of people have lunch together ,0,0,7,2,7,0
the white dogs look curiously at the black llama ,the black dogs look at a llama,4,0,11,7,14,0
the white dogs look curiously at the black llama ,the white dogs look at a llama,20,1,20,7,14,1
three people acting in a play ,three people are acting,14,1,14,3,17,1
three people acting in a play ,three people are sleeping ,14,1,14,2,11,0
outdoor market selling fruit and vegetables ,fruit and vegetables sold outside ,0,0,21,3,18,1
outdoor market selling fruit and vegetables ,fruit and vegetables cannot be sold outside ,0,0,21,3,18,0
a black sheep with three white dogs ,there is one dog ,0,0,5,0,0,0
a black sheep with three white dogs ,the sheep are black ,0,0,7,2,10,1
a guy is running away from a black bull ,the people are watching a movie ,0,0,5,2,2,0
a guy is running away from a black bull ,a bull is chasing someone ,2,0,6,4,7,1
